"annee";"code_postal_acheteur";"amm";"quantite_produit";"conditionnement";"eaj";"achat_etranger"
2022;"20000";"2010023";"30";"l";"Non";"Non"
2022;"20000";"2010296";"5";"l";"Non";"Non"
2022;"20000";"2010513";"5.5";"kg";"Non";"Non"
2022;"20000";"2050046";"2";"kg";"Non";"Non"
2022;"20000";"2080060";"14";"l";"Non";"Non"
2022;"20000";"2090093";"120";"l";"Non";"Non"
2022;"20000";"2090188";"20";"l";"Non";"Non"
2022;"20000";"2090199";"0.3";"l";"Oui";"Non"
2022;"20000";"2110086";"40";"l";"Non";"Non"
2022;"20000";"2130083";"3";"l";"Non";"Non"
2022;"20000";"2140085";"25";"l";"Non";"Non"
2022;"20000";"2150140";"160";"l";"Non";"Non"
2022;"20000";"2170412";"10";"l";"Non";"Non"
2022;"20000";"5100219";"50";"kg";"Non";"Non"
2022;"20000";"8100472";"1";"l";"Non";"Non"
2022;"20000";"9000222";"10";"l";"Non";"Non"
2022;"20000";"9100296";"100";"l";"Non";"Non"
2022;"20000";"9200235";"480";"l";"Non";"Non"
2022;"20000";"9300504";"140";"l";"Non";"Non"
2022;"20000";"9500452";"15";"kg";"Non";"Non"
2022;"20000";"9600025";"30";"kg";"Non";"Non"
2022;"20000";"9800336";"6";"l";"Non";"Non"
2022;"20000";"9800474";"15";"kg";"Non";"Non"
2022;"20000";"9900227";"20";"l";"Non";"Non"
2022;"20090";"2010023";"15";"l";"Non";"Non"
2022;"20090";"2010296";"5";"l";"Non";"Non"
2022;"20090";"2030332";"5";"l";"Non";"Non"
2022;"20090";"2050046";"0.5";"kg";"Non";"Non"
2022;"20090";"2060085";"1";"l";"Non";"Non"
2022;"20090";"2060098";"0.5";"l";"Non";"Non"
2022;"20090";"2060130";"1";"l";"Non";"Non"
2022;"20090";"2090119";"20";"l";"Non";"Non"
2022;"20090";"2100038";"125";"kg";"Non";"Non"
2022;"20090";"2100114";"5";"kg";"Non";"Non"
2022;"20090";"2100122";"0.6";"kg";"Non";"Non"
2022;"20090";"2110141";"5";"l";"Non";"Non"
2022;"20090";"2120048";"11";"l";"Non";"Non"
2022;"20090";"2120219";"1.8";"l";"Non";"Non"
2022;"20090";"2130115";"1.76";"kg";"Non";"Non"
2022;"20090";"2140085";"4";"l";"Non";"Non"
2022;"20090";"2150140";"300";"l";"Non";"Non"
2022;"20090";"2160226";"20";"kg";"Non";"Non"
2022;"20090";"2171089";"12";"kg";"Non";"Non"
2022;"20090";"2180334";"16.5";"l";"Non";"Non"
2022;"20090";"2180735";"5";"l";"Non";"Non"
2022;"20090";"2190054";"20";"l";"Non";"Non"
2022;"20090";"2190198";"10";"l";"Non";"Non"
2022;"20090";"5100219";"400";"kg";"Non";"Non"
2022;"20090";"8100472";"2";"l";"Non";"Non"
2022;"20090";"8400528";"5";"l";"Non";"Non"
2022;"20090";"9000222";"240";"l";"Non";"Non"
2022;"20090";"9300504";"25";"l";"Non";"Non"
2022;"20090";"9500199";"1";"l";"Non";"Non"
2022;"20090";"9500452";"75";"kg";"Non";"Non"
2022;"20090";"9700332";"2";"l";"Non";"Non"
2022;"20090";"9800336";"19";"l";"Non";"Non"
2022;"20090";"9900227";"10";"l";"Non";"Non"
2022;"20100";"2000018";"260";"kg";"Non";"Non"
2022;"20100";"2000316";"3";"l";"Non";"Non"
2022;"20100";"2010023";"58";"l";"Non";"Non"
2022;"20100";"2010513";"25.5";"kg";"Non";"Non"
2022;"20100";"2020219";"6";"l";"Non";"Non"
2022;"20100";"2020241";"1";"kg";"Non";"Non"
2022;"20100";"2050046";"4";"kg";"Non";"Non"
2022;"20100";"2060084";"10";"kg";"Non";"Non"
2022;"20100";"2060085";"2";"l";"Non";"Non"
2022;"20100";"2060098";"22.5";"l";"Non";"Non"
2022;"20100";"2070107";"10";"l";"Non";"Non"
2022;"20100";"2070133";"25";"l";"Non";"Non"
2022;"20100";"2080102";"10";"l";"Non";"Non"
2022;"20100";"2080105";"20";"l";"Non";"Non"
2022;"20100";"2080136";"4";"kg";"Non";"Non"
2022;"20100";"2090119";"125";"l";"Non";"Non"
2022;"20100";"2090127";"5";"l";"Non";"Non"
2022;"20100";"2100112";"20";"l";"Non";"Non"
2022;"20100";"2100122";"1.8";"kg";"Non";"Non"
2022;"20100";"2100181";"24";"kg";"Non";"Non"
2022;"20100";"2100231";"10";"kg";"Non";"Non"
2022;"20100";"2110073";"7";"l";"Non";"Non"
2022;"20100";"2110101";"10";"l";"Non";"Non"
2022;"20100";"2110102";"1.35";"l";"Non";"Non"
2022;"20100";"2110141";"5";"l";"Non";"Non"
2022;"20100";"2120048";"10";"l";"Non";"Non"
2022;"20100";"2120158";"80";"kg";"Non";"Non"
2022;"20100";"2120219";"1.5";"l";"Non";"Non"
2022;"20100";"2130152";"8";"l";"Non";"Non"
2022;"20100";"2140085";"5";"l";"Non";"Non"
2022;"20100";"2140127";"11";"kg";"Non";"Non"
2022;"20100";"2140201";"10";"l";"Non";"Non"
2022;"20100";"2140215";"29.2";"kg";"Non";"Non"
2022;"20100";"2150067";"50";"l";"Non";"Non"
2022;"20100";"2150140";"240";"l";"Non";"Non"
2022;"20100";"2150387";"23";"l";"Non";"Non"
2022;"20100";"2150914";"10";"kg";"Non";"Non"
2022;"20100";"2150968";"500";"kg";"Non";"Non"
2022;"20100";"2160395";"5";"l";"Non";"Non"
2022;"20100";"2160397";"4";"l";"Non";"Non"
2022;"20100";"2171073";"1.2";"kg";"Non";"Non"
2022;"20100";"2171119";"12";"kg";"Non";"Non"
2022;"20100";"2171200";"50";"kg";"Non";"Non"
2022;"20100";"2180335";"12";"l";"Non";"Non"
2022;"20100";"2190054";"220";"l";"Non";"Non"
2022;"20100";"2190198";"830";"l";"Non";"Non"
2022;"20100";"5100219";"3225";"kg";"Non";"Non"
2022;"20100";"7200313";"20";"l";"Non";"Non"
2022;"20100";"7600008";"5";"l";"Non";"Non"
2022;"20100";"8400528";"10";"l";"Non";"Non"
2022;"20100";"8700462";"5";"l";"Non";"Non"
2022;"20100";"8900564";"5";"l";"Non";"Non"
2022;"20100";"8900681";"10";"l";"Non";"Non"
2022;"20100";"9000069";"5";"l";"Non";"Non"
2022;"20100";"9000222";"2530";"l";"Non";"Non"
2022;"20100";"9000490";"25";"l";"Non";"Non"
2022;"20100";"9200159";"6";"l";"Non";"Non"
2022;"20100";"9300504";"120";"l";"Non";"Non"
2022;"20100";"9400085";"10";"l";"Non";"Non"
2022;"20100";"9500452";"255";"kg";"Non";"Non"
2022;"20100";"9500568";"3";"kg";"Non";"Non"
2022;"20100";"9500595";"15";"l";"Non";"Non"
2022;"20100";"9600025";"6";"kg";"Non";"Non"
2022;"20100";"9700332";"5";"l";"Non";"Non"
2022;"20100";"9800262";"0.2";"kg";"Non";"Non"
2022;"20100";"9800304";"5";"l";"Non";"Non"
2022;"20100";"9800336";"16";"l";"Non";"Non"
2022;"20100";"9800474";"300";"kg";"Non";"Non"
2022;"20100";"9900227";"630";"l";"Non";"Non"
2022;"20110";"2000018";"700";"kg";"Non";"Non"
2022;"20110";"2000125";"6";"kg";"Oui";"Non"
2022;"20110";"2030175";"0.2";"kg";"Oui";"Non"
2022;"20110";"2060034";"600";"kg";"Non";"Non"
2022;"20110";"2070107";"1";"l";"Non";"Non"
2022;"20110";"2090146";"1";"l";"Oui";"Non"
2022;"20110";"2090199";"1";"l";"Oui";"Non"
2022;"20110";"2110149";"30.4";"l";"Oui";"Non"
2022;"20110";"2110180";"6";"kg";"Oui";"Non"
2022;"20110";"2140121";"24";"l";"Oui";"Non"
2022;"20110";"2140167";"22";"l";"Oui";"Non"
2022;"20110";"2140193";"1";"l";"Oui";"Non"
2022;"20110";"2140215";"105.8";"kg";"Non";"Non"
2022;"20110";"2140252";"3.1";"kg";"Oui";"Non"
2022;"20110";"2150140";"20";"l";"Non";"Non"
2022;"20110";"2160115";"191.3";"l";"Oui";"Non"
2022;"20110";"2171067";"13.5";"l";"Oui";"Non"
2022;"20110";"2189993";"14.7";"kg";"Oui";"Non"
2022;"20110";"5100219";"3600";"kg";"Non";"Non"
2022;"20110";"9000222";"1210";"l";"Non";"Non"
2022;"20110";"9100296";"10";"l";"Non";"Non"
2022;"20110";"9500147";"13.45";"kg";"Oui";"Non"
2022;"20110";"9500302";"25";"kg";"Oui";"Non"
2022;"20110";"9500452";"975";"kg";"Non";"Non"
2022;"20110";"9600199";"20";"kg";"Non";"Non"
2022;"20110";"9800474";"15";"kg";"Non";"Non"
2022;"20111";"2010023";"5";"l";"Non";"Non"
2022;"20111";"2030332";"5";"l";"Non";"Non"
2022;"20111";"2150140";"100";"l";"Non";"Non"
2022;"20111";"2160608";"5";"l";"Non";"Non"
2022;"20111";"2180829";"10";"l";"Non";"Non"
2022;"20111";"5100219";"175";"kg";"Non";"Non"
2022;"20111";"8400574";"20";"l";"Non";"Non"
2022;"20111";"9000222";"40";"l";"Non";"Non"
2022;"20111";"9300189";"5";"l";"Non";"Non"
2022;"20111";"9300504";"5";"l";"Non";"Non"
2022;"20111";"9500452";"45";"kg";"Non";"Non"
2022;"20112";"2150140";"20";"l";"Non";"Non"
2022;"20113";"2010513";"0.5";"kg";"Non";"Non"
2022;"20113";"2140085";"1";"l";"Non";"Non"
2022;"20113";"9500452";"15";"kg";"Non";"Non"
2022;"20114";"2000316";"22";"l";"Non";"Non"
2022;"20114";"2000517";"130";"l";"Non";"Non"
2022;"20114";"2010023";"50";"l";"Non";"Non"
2022;"20114";"2010513";"35";"kg";"Non";"Non"
2022;"20114";"2060050";"12";"l";"Non";"Non"
2022;"20114";"2060098";"2";"l";"Non";"Non"
2022;"20114";"2060130";"3";"l";"Non";"Non"
2022;"20114";"2060172";"20";"l";"Non";"Non"
2022;"20114";"2080060";"23";"l";"Non";"Non"
2022;"20114";"2090119";"70";"l";"Non";"Non"
2022;"20114";"2090127";"195";"l";"Non";"Non"
2022;"20114";"2090132";"156";"l";"Non";"Non"
2022;"20114";"2100038";"1000";"kg";"Non";"Non"
2022;"20114";"2100181";"198";"kg";"Non";"Non"
2022;"20114";"2100231";"190";"kg";"Non";"Non"
2022;"20114";"2110086";"1";"l";"Non";"Non"
2022;"20114";"2120158";"2000";"kg";"Non";"Non"
2022;"20114";"2130152";"14";"l";"Non";"Non"
2022;"20114";"2140001";"0.1";"kg";"Non";"Non"
2022;"20114";"2140085";"10";"l";"Non";"Non"
2022;"20114";"2150067";"300";"l";"Non";"Non"
2022;"20114";"2150914";"20";"kg";"Non";"Non"
2022;"20114";"2160713";"24";"l";"Non";"Non"
2022;"20114";"2171119";"36";"kg";"Non";"Non"
2022;"20114";"2180380";"10.4";"l";"Non";"Non"
2022;"20114";"2190160";"20";"l";"Non";"Non"
2022;"20114";"2190198";"1400";"l";"Non";"Non"
2022;"20114";"5100219";"675";"kg";"Non";"Non"
2022;"20114";"7700216";"600";"l";"Non";"Non"
2022;"20114";"8900564";"10";"l";"Non";"Non"
2022;"20114";"9000222";"1350";"l";"Non";"Non"
2022;"20114";"9200235";"120";"l";"Non";"Non"
2022;"20114";"9300504";"960";"l";"Non";"Non"
2022;"20114";"9800304";"45";"l";"Non";"Non"
2022;"20114";"9800336";"2";"l";"Non";"Non"
2022;"20114";"9800420";"20";"l";"Non";"Non"
2022;"20114";"9900227";"410";"l";"Non";"Non"
2022;"20117";"2010296";"5";"l";"Non";"Non"
2022;"20117";"2020241";"5";"kg";"Non";"Non"
2022;"20117";"2050046";"1";"kg";"Non";"Non"
2022;"20117";"2060085";"14";"l";"Non";"Non"
2022;"20117";"2060098";"1";"l";"Non";"Non"
2022;"20117";"2070107";"5";"l";"Non";"Non"
2022;"20117";"2080038";"5";"l";"Non";"Non"
2022;"20117";"2100231";"50";"kg";"Non";"Non"
2022;"20117";"2120048";"1";"l";"Non";"Non"
2022;"20117";"2130049";"20";"l";"Non";"Non"
2022;"20117";"2130067";"10";"l";"Non";"Non"
2022;"20117";"2130152";"19";"l";"Non";"Non"
2022;"20117";"2140090";"2";"l";"Non";"Non"
2022;"20117";"2140215";"21.6";"kg";"Non";"Non"
2022;"20117";"2150140";"140";"l";"Non";"Non"
2022;"20117";"2160985";"60";"l";"Non";"Non"
2022;"20117";"2170085";"210";"l";"Non";"Non"
2022;"20117";"2170412";"5";"l";"Non";"Non"
2022;"20117";"2171073";"1.4";"kg";"Non";"Non"
2022;"20117";"2171119";"20";"kg";"Non";"Non"
2022;"20117";"2180829";"150";"l";"Non";"Non"
2022;"20117";"2190054";"60";"l";"Non";"Non"
2022;"20117";"2190198";"1250";"l";"Non";"Non"
2022;"20117";"5100219";"50";"kg";"Non";"Non"
2022;"20117";"9000222";"20";"l";"Non";"Non"
2022;"20117";"9300504";"5";"l";"Non";"Non"
2022;"20117";"9500452";"210";"kg";"Non";"Non"
2022;"20117";"9700332";"1";"l";"Non";"Non"
2022;"20117";"9800336";"2";"l";"Non";"Non"
2022;"20117";"9900227";"30";"l";"Non";"Non"
2022;"20118";"2010296";"5";"l";"Non";"Non"
2022;"20118";"2010513";"0.5";"kg";"Non";"Non"
2022;"20118";"2020241";"2.5";"kg";"Non";"Non"
2022;"20118";"2060098";"0.5";"l";"Non";"Non"
2022;"20118";"2090127";"5";"l";"Non";"Non"
2022;"20118";"2120171";"1";"kg";"Non";"Non"
2022;"20118";"2150140";"200";"l";"Non";"Non"
2022;"20118";"9100296";"10";"l";"Non";"Non"
2022;"20118";"9300504";"15";"l";"Non";"Non"
2022;"20118";"9800474";"15";"kg";"Non";"Non"
2022;"20123";"2010130";"10";"kg";"Non";"Non"
2022;"20123";"2060085";"17";"l";"Non";"Non"
2022;"20123";"2130049";"20";"l";"Non";"Non"
2022;"20123";"2130067";"20";"l";"Non";"Non"
2022;"20123";"2170085";"270";"l";"Non";"Non"
2022;"20123";"2170412";"50";"l";"Non";"Non"
2022;"20123";"2180380";"20";"l";"Non";"Non"
2022;"20123";"2190198";"300";"l";"Non";"Non"
2022;"20123";"5100219";"1400";"kg";"Non";"Non"
2022;"20123";"9000490";"30";"l";"Non";"Non"
2022;"20123";"9900227";"50";"l";"Non";"Non"
2022;"20128";"2010023";"5";"l";"Non";"Non"
2022;"20128";"2010513";"1.5";"kg";"Non";"Non"
2022;"20128";"2020241";"0.5";"kg";"Non";"Non"
2022;"20128";"2060130";"4";"l";"Non";"Non"
2022;"20128";"9500452";"15";"kg";"Non";"Non"
2022;"20129";"2010023";"6";"l";"Non";"Non"
2022;"20129";"2010513";"0.5";"kg";"Non";"Non"
2022;"20129";"2050046";"5";"kg";"Non";"Non"
2022;"20129";"2060084";"2";"kg";"Non";"Non"
2022;"20129";"2060085";"3";"l";"Non";"Non"
2022;"20129";"2060098";"4";"l";"Non";"Non"
2022;"20129";"2060113";"4";"l";"Non";"Non"
2022;"20129";"2060130";"3";"l";"Non";"Non"
2022;"20129";"2070107";"20";"l";"Non";"Non"
2022;"20129";"2100112";"10";"l";"Non";"Non"
2022;"20129";"2100122";"2.3";"kg";"Non";"Non"
2022;"20129";"2100231";"10";"kg";"Non";"Non"
2022;"20129";"2110086";"5";"l";"Non";"Non"
2022;"20129";"2110141";"10";"l";"Non";"Non"
2022;"20129";"2120048";"6";"l";"Non";"Non"
2022;"20129";"2130092";"3";"l";"Non";"Non"
2022;"20129";"2140201";"3";"l";"Non";"Non"
2022;"20129";"2150140";"140";"l";"Non";"Non"
2022;"20129";"2189996";"10";"l";"Non";"Non"
2022;"20129";"2190198";"90";"l";"Non";"Non"
2022;"20129";"5100219";"475";"kg";"Non";"Non"
2022;"20129";"7600008";"2";"l";"Non";"Non"
2022;"20129";"9000222";"20";"l";"Non";"Non"
2022;"20129";"9200532";"5";"l";"Non";"Non"
2022;"20129";"9300504";"110";"l";"Non";"Non"
2022;"20129";"9500452";"75";"kg";"Non";"Non"
2022;"20129";"9700027";"10";"kg";"Non";"Non"
2022;"20129";"9800289";"1";"l";"Non";"Non"
2022;"20129";"9800336";"6";"l";"Non";"Non"
2022;"20129";"9800474";"30";"kg";"Non";"Non"
2022;"20130";"2150140";"40";"l";"Non";"Non"
2022;"20131";"2010130";"20";"kg";"Non";"Non"
2022;"20131";"2140022";"90";"l";"Non";"Non"
2022;"20135";"2020219";"1";"l";"Non";"Non"
2022;"20135";"2080105";"5";"l";"Non";"Non"
2022;"20135";"2140085";"5";"l";"Non";"Non"
2022;"20135";"2180319";"0.8";"l";"Oui";"Non"
2022;"20135";"8700462";"5";"l";"Non";"Non"
2022;"20137";"2000044";"5";"l";"Non";"Non"
2022;"20137";"2010023";"15";"l";"Non";"Non"
2022;"20137";"2010513";"5.5";"kg";"Non";"Non"
2022;"20137";"2020219";"3";"l";"Non";"Non"
2022;"20137";"2020238";"4";"l";"Non";"Non"
2022;"20137";"2020241";"1";"kg";"Non";"Non"
2022;"20137";"2030323";"0.9";"l";"Non";"Non"
2022;"20137";"2060050";"12";"l";"Non";"Non"
2022;"20137";"2060098";"2";"l";"Non";"Non"
2022;"20137";"2060172";"10";"l";"Non";"Non"
2022;"20137";"2080038";"35";"l";"Non";"Non"
2022;"20137";"2080105";"100";"l";"Non";"Non"
2022;"20137";"2090119";"310";"l";"Non";"Non"
2022;"20137";"2090126";"135";"l";"Non";"Non"
2022;"20137";"2090127";"15";"l";"Non";"Non"
2022;"20137";"2090137";"220";"kg";"Non";"Non"
2022;"20137";"2100060";"60";"l";"Non";"Non"
2022;"20137";"2100181";"90";"kg";"Non";"Non"
2022;"20137";"2110101";"12";"l";"Non";"Non"
2022;"20137";"2110149";"0.8";"l";"Oui";"Non"
2022;"20137";"2130049";"15";"l";"Non";"Non"
2022;"20137";"2130152";"12";"l";"Non";"Non"
2022;"20137";"2130251";"3";"l";"Non";"Non"
2022;"20137";"2140085";"2";"l";"Non";"Non"
2022;"20137";"2140127";"15";"kg";"Non";"Non"
2022;"20137";"2140270";"45";"l";"Non";"Non"
2022;"20137";"2150067";"80";"l";"Non";"Non"
2022;"20137";"2150140";"460";"l";"Non";"Non"
2022;"20137";"2150387";"30";"l";"Non";"Non"
2022;"20137";"2160713";"12";"l";"Non";"Non"
2022;"20137";"2160756";"2";"l";"Non";"Non"
2022;"20137";"2160951";"2";"l";"Non";"Non"
2022;"20137";"2171073";"2";"kg";"Non";"Non"
2022;"20137";"2171119";"16";"kg";"Non";"Non"
2022;"20137";"2190054";"25";"l";"Non";"Non"
2022;"20137";"2200132";"0.72";"l";"Non";"Non"
2022;"20137";"2210443";"100";"l";"Non";"Non"
2022;"20137";"5100219";"1200";"kg";"Non";"Non"
2022;"20137";"7700216";"30";"l";"Non";"Non"
2022;"20137";"9000222";"680";"l";"Non";"Non"
2022;"20137";"9000490";"30";"l";"Non";"Non"
2022;"20137";"9500452";"60";"kg";"Non";"Non"
2022;"20137";"9500568";"1";"kg";"Non";"Non"
2022;"20137";"9500595";"1";"l";"Non";"Non"
2022;"20137";"9800245";"480";"kg";"Non";"Non"
2022;"20137";"9800420";"18";"l";"Non";"Non"
2022;"20137";"9800474";"45";"kg";"Non";"Non"
2022;"20137";"9900227";"30";"l";"Non";"Non"
2022;"20138";"2010023";"5";"l";"Non";"Non"
2022;"20138";"5100219";"25";"kg";"Non";"Non"
2022;"20138";"9500452";"15";"kg";"Non";"Non"
2022;"20140";"2010023";"1";"l";"Non";"Non"
2022;"20140";"2010513";"6.5";"kg";"Non";"Non"
2022;"20140";"2020241";"11.5";"kg";"Non";"Non"
2022;"20140";"2100111";"25";"l";"Non";"Non"
2022;"20140";"2120048";"26";"l";"Non";"Non"
2022;"20140";"2130212";"40";"kg";"Non";"Non"
2022;"20140";"2140215";"72.6";"kg";"Non";"Non"
2022;"20140";"2150140";"20";"l";"Non";"Non"
2022;"20140";"2150757";"5";"l";"Non";"Non"
2022;"20140";"2190198";"600";"l";"Non";"Non"
2022;"20140";"5100219";"175";"kg";"Non";"Non"
2022;"20140";"8100472";"1";"l";"Non";"Non"
2022;"20140";"8400574";"2";"l";"Non";"Non"
2022;"20140";"9000184";"20";"l";"Non";"Non"
2022;"20140";"9000222";"20";"l";"Non";"Non"
2022;"20140";"9300504";"250";"l";"Non";"Non"
2022;"20140";"9500452";"15";"kg";"Non";"Non"
2022;"20140";"9800336";"9";"l";"Non";"Non"
2022;"20143";"2171089";"12";"kg";"Non";"Non"
2022;"20143";"5100219";"75";"kg";"Non";"Non"
2022;"20143";"9000222";"20";"l";"Non";"Non"
2022;"20143";"9500341";"20";"kg";"Oui";"Non"
2022;"20143";"9500452";"15";"kg";"Non";"Non"
2022;"20143";"9900227";"10";"l";"Non";"Non"
2022;"20144";"1030003";"0.04";"l";"Oui";"Non"
2022;"20144";"2000316";"5";"l";"Non";"Non"
2022;"20144";"2000517";"40";"l";"Non";"Non"
2022;"20144";"2010023";"15";"l";"Non";"Non"
2022;"20144";"2010398";"32";"kg";"Non";"Non"
2022;"20144";"2010513";"10";"kg";"Non";"Non"
2022;"20144";"2060050";"3";"l";"Non";"Non"
2022;"20144";"2060098";"16.5";"l";"Non";"Non"
2022;"20144";"2090001";"4";"l";"Non";"Non"
2022;"20144";"2090127";"40";"l";"Non";"Non"
2022;"20144";"2090132";"40";"l";"Non";"Non"
2022;"20144";"2090137";"140";"kg";"Non";"Non"
2022;"20144";"2100181";"45";"kg";"Non";"Non"
2022;"20144";"2100231";"23";"kg";"Non";"Non"
2022;"20144";"2110073";"4";"l";"Non";"Non"
2022;"20144";"2110086";"15";"l";"Non";"Non"
2022;"20144";"2110101";"10";"l";"Non";"Non"
2022;"20144";"2130049";"8";"l";"Non";"Non"
2022;"20144";"2130152";"3";"l";"Non";"Non"
2022;"20144";"2140085";"17";"l";"Non";"Non"
2022;"20144";"2150067";"80";"l";"Non";"Non"
2022;"20144";"2150140";"300";"l";"Non";"Non"
2022;"20144";"2150387";"15";"l";"Non";"Non"
2022;"20144";"2160383";"8";"kg";"Non";"Non"
2022;"20144";"2160713";"6";"l";"Non";"Non"
2022;"20144";"2160756";"50";"l";"Non";"Non"
2022;"20144";"2170977";"0.75";"l";"Oui";"Non"
2022;"20144";"2171073";"1";"kg";"Non";"Non"
2022;"20144";"2180319";"0.8";"l";"Oui";"Non"
2022;"20144";"2180670";"60";"kg";"Non";"Non"
2022;"20144";"2189993";"0.4";"kg";"Oui";"Non"
2022;"20144";"2190594";"4";"l";"Non";"Non"
2022;"20144";"2190760";"1.1";"kg";"Oui";"Non"
2022;"20144";"7700216";"1430";"l";"Non";"Non"
2022;"20144";"8400528";"60";"l";"Non";"Non"
2022;"20144";"8900564";"5";"l";"Non";"Non"
2022;"20144";"9000222";"100";"l";"Non";"Non"
2022;"20144";"9000490";"25";"l";"Non";"Non"
2022;"20144";"9300108";"100";"kg";"Non";"Non"
2022;"20144";"9300504";"240";"l";"Non";"Non"
2022;"20144";"9400280";"5";"kg";"Non";"Non"
2022;"20144";"9500568";"2";"kg";"Non";"Non"
2022;"20144";"9800304";"70";"l";"Non";"Non"
2022;"20144";"9800420";"20";"l";"Non";"Non"
2022;"20144";"9800484";"5";"l";"Non";"Non"
2022;"20144";"9900189";"20";"kg";"Non";"Non"
2022;"20144";"9900227";"140";"l";"Non";"Non"
2022;"20145";"1030003";"0.12";"l";"Oui";"Non"
2022;"20145";"2000044";"5";"l";"Non";"Non"
2022;"20145";"2000125";"0.5";"kg";"Oui";"Non"
2022;"20145";"2000316";"1";"l";"Non";"Non"
2022;"20145";"2010023";"12";"l";"Non";"Non"
2022;"20145";"2010321";"1";"l";"Oui";"Non"
2022;"20145";"2030175";"0.06";"kg";"Oui";"Non"
2022;"20145";"2060098";"2";"l";"Non";"Non"
2022;"20145";"2080060";"5";"l";"Non";"Non"
2022;"20145";"2090127";"65";"l";"Non";"Non"
2022;"20145";"2090146";"0.6";"l";"Oui";"Non"
2022;"20145";"2090188";"40";"l";"Non";"Non"
2022;"20145";"2110086";"5";"l";"Non";"Non"
2022;"20145";"2110101";"15";"l";"Non";"Non"
2022;"20145";"2110149";"0.8";"l";"Oui";"Non"
2022;"20145";"2110150";"1.2";"l";"Oui";"Non"
2022;"20145";"2110180";"0.33";"kg";"Oui";"Non"
2022;"20145";"2110196";"0.1";"kg";"Oui";"Non"
2022;"20145";"2120048";"6";"l";"Non";"Non"
2022;"20145";"2130115";"17.6";"kg";"Non";"Non"
2022;"20145";"2140085";"18";"l";"Non";"Non"
2022;"20145";"2140166";"1";"l";"Oui";"Non"
2022;"20145";"2140252";"0.8";"kg";"Oui";"Non"
2022;"20145";"2150140";"100";"l";"Non";"Non"
2022;"20145";"2150914";"30";"kg";"Non";"Non"
2022;"20145";"2160115";"2.7";"l";"Oui";"Non"
2022;"20145";"2170243";"1.6";"l";"Oui";"Non"
2022;"20145";"2170978";"0.4";"l";"Oui";"Non"
2022;"20145";"2171067";"0.75";"l";"Oui";"Non"
2022;"20145";"2171200";"25";"kg";"Non";"Non"
2022;"20145";"2180319";"0.8";"l";"Oui";"Non"
2022;"20145";"2190760";"1.7";"kg";"Oui";"Non"
2022;"20145";"2200059";"0.1";"l";"Oui";"Non"
2022;"20145";"7700216";"30";"l";"Non";"Non"
2022;"20145";"8900564";"5";"l";"Non";"Non"
2022;"20145";"9000222";"190";"l";"Non";"Non"
2022;"20145";"9100296";"10";"l";"Non";"Non"
2022;"20145";"9300504";"20";"l";"Non";"Non"
2022;"20145";"9600512";"12";"kg";"Non";"Non"
2022;"20145";"9800481";"2";"l";"Non";"Non"
2022;"20145";"9900227";"20";"l";"Non";"Non"
2022;"20145";"9900257";"2";"kg";"Oui";"Non"
2022;"20146";"9900257";"1";"kg";"Oui";"Non"
2022;"20150";"2100038";"75";"kg";"Non";"Non"
2022;"20150";"2120048";"1";"l";"Non";"Non"
2022;"20151";"2100038";"1000";"kg";"Non";"Non"
2022;"20151";"2110141";"5";"l";"Non";"Non"
2022;"20151";"2120048";"3";"l";"Non";"Non"
2022;"20151";"2120132";"15";"kg";"Non";"Non"
2022;"20151";"2130049";"10";"l";"Non";"Non"
2022;"20151";"2130152";"4";"l";"Non";"Non"
2022;"20151";"2160985";"160";"l";"Non";"Non"
2022;"20151";"2171119";"12";"kg";"Non";"Non"
2022;"20151";"2180829";"40";"l";"Non";"Non"
2022;"20151";"2190198";"600";"l";"Non";"Non"
2022;"20151";"5100219";"2425";"kg";"Non";"Non"
2022;"20151";"9500452";"30";"kg";"Non";"Non"
2022;"20151";"9800336";"1";"l";"Non";"Non"
2022;"20151";"9900227";"40";"l";"Non";"Non"
2022;"20152";"2110143";"1";"l";"Non";"Non"
2022;"20160";"2020241";"5";"kg";"Non";"Non"
2022;"20160";"2030332";"5";"l";"Non";"Non"
2022;"20160";"2130212";"20";"kg";"Non";"Non"
2022;"20160";"2140085";"2";"l";"Non";"Non"
2022;"20160";"9300504";"10";"l";"Non";"Non"
2022;"20160";"9500452";"45";"kg";"Non";"Non"
2022;"20166";"2010023";"2";"l";"Non";"Non"
2022;"20166";"2010130";"10";"kg";"Non";"Non"
2022;"20166";"2010296";"5";"l";"Non";"Non"
2022;"20166";"2020241";"5";"kg";"Non";"Non"
2022;"20166";"2060084";"1";"kg";"Non";"Non"
2022;"20166";"2060098";"1.5";"l";"Non";"Non"
2022;"20166";"2080060";"1";"l";"Non";"Non"
2022;"20166";"2120048";"6";"l";"Non";"Non"
2022;"20166";"2130115";"0.44";"kg";"Non";"Non"
2022;"20166";"2130212";"5";"kg";"Non";"Non"
2022;"20166";"2140090";"6";"l";"Non";"Non"
2022;"20166";"2150140";"140";"l";"Non";"Non"
2022;"20166";"2160756";"5";"l";"Non";"Non"
2022;"20166";"2190054";"90";"l";"Non";"Non"
2022;"20166";"2190198";"600";"l";"Non";"Non"
2022;"20166";"9000222";"10";"l";"Non";"Non"
2022;"20166";"9300504";"10";"l";"Non";"Non"
2022;"20166";"9500452";"45";"kg";"Non";"Non"
2022;"20166";"9600116";"10";"kg";"Non";"Non"
2022;"20166";"9800245";"20";"kg";"Non";"Non"
2022;"20166";"9800474";"15";"kg";"Non";"Non"
2022;"20167";"2010023";"40";"l";"Non";"Non"
2022;"20167";"2010130";"20";"kg";"Non";"Non"
2022;"20167";"2010513";"0.5";"kg";"Non";"Non"
2022;"20167";"2020241";"0.5";"kg";"Non";"Non"
2022;"20167";"2050046";"1";"kg";"Non";"Non"
2022;"20167";"2060084";"4";"kg";"Non";"Non"
2022;"20167";"2060085";"1";"l";"Non";"Non"
2022;"20167";"2060098";"2.5";"l";"Non";"Non"
2022;"20167";"2080038";"30";"l";"Non";"Non"
2022;"20167";"2090119";"90";"l";"Non";"Non"
2022;"20167";"2100038";"100";"kg";"Non";"Non"
2022;"20167";"2110141";"5";"l";"Non";"Non"
2022;"20167";"2110143";"1";"l";"Non";"Non"
2022;"20167";"2120048";"5";"l";"Non";"Non"
2022;"20167";"2120132";"20";"kg";"Non";"Non"
2022;"20167";"2130067";"5";"l";"Non";"Non"
2022;"20167";"2130083";"3";"l";"Non";"Non"
2022;"20167";"2130115";"5.28";"kg";"Non";"Non"
2022;"20167";"2130152";"1";"l";"Non";"Non"
2022;"20167";"2130212";"5";"kg";"Non";"Non"
2022;"20167";"2140022";"30";"l";"Non";"Non"
2022;"20167";"2150140";"560";"l";"Non";"Non"
2022;"20167";"2170085";"60";"l";"Non";"Non"
2022;"20167";"2171119";"4";"kg";"Non";"Non"
2022;"20167";"2180735";"5";"l";"Non";"Non"
2022;"20167";"2180829";"10";"l";"Non";"Non"
2022;"20167";"2190198";"70";"l";"Non";"Non"
2022;"20167";"5100219";"525";"kg";"Non";"Non"
2022;"20167";"8300025";"1";"l";"Non";"Non"
2022;"20167";"8400574";"25";"l";"Non";"Non"
2022;"20167";"8900681";"5";"l";"Non";"Non"
2022;"20167";"9000222";"350";"l";"Non";"Non"
2022;"20167";"9000490";"10";"l";"Non";"Non"
2022;"20167";"9300189";"5";"l";"Non";"Non"
2022;"20167";"9300504";"15";"l";"Non";"Non"
2022;"20167";"9500199";"4";"l";"Non";"Non"
2022;"20167";"9500452";"150";"kg";"Non";"Non"
2022;"20167";"9700332";"1";"l";"Non";"Non"
2022;"20167";"9800336";"11";"l";"Non";"Non"
2022;"20167";"9900227";"55";"l";"Non";"Non"
2022;"20169";"2000044";"10";"l";"Non";"Non"
2022;"20169";"2030337";"10";"l";"Non";"Non"
2022;"20169";"2050046";"1";"kg";"Non";"Non"
2022;"20169";"2060098";"7";"l";"Non";"Non"
2022;"20169";"2060130";"1";"l";"Non";"Non"
2022;"20169";"2080105";"50";"l";"Non";"Non"
2022;"20169";"2090137";"240";"kg";"Non";"Non"
2022;"20169";"2100038";"75";"kg";"Non";"Non"
2022;"20169";"2120171";"24";"kg";"Non";"Non"
2022;"20169";"2120219";"0.75";"l";"Non";"Non"
2022;"20169";"2130115";"0.3";"kg";"Non";"Non"
2022;"20169";"2140085";"5";"l";"Non";"Non"
2022;"20169";"2140215";"30.2";"kg";"Non";"Non"
2022;"20169";"2150140";"40";"l";"Non";"Non"
2022;"20169";"2150914";"40";"kg";"Non";"Non"
2022;"20169";"2180039";"10";"l";"Non";"Non"
2022;"20169";"2180334";"3";"l";"Non";"Non"
2022;"20169";"2200150";"40";"kg";"Non";"Non"
2022;"20169";"5100219";"725";"kg";"Non";"Non"
2022;"20169";"9000222";"1120";"l";"Non";"Non"
2022;"20169";"9000490";"20";"l";"Non";"Non"
2022;"20169";"9300504";"295";"l";"Non";"Non"
2022;"20169";"9500452";"90";"kg";"Non";"Non"
2022;"20169";"9800336";"3";"l";"Non";"Non"
2022;"20169";"9900227";"80";"l";"Non";"Non"
2022;"20170";"2180829";"110";"l";"Non";"Non"
2022;"20170";"5100219";"750";"kg";"Non";"Non"
2022;"20190";"2070133";"20";"l";"Non";"Non"
2022;"20190";"2090199";"1";"l";"Oui";"Non"
2022;"20190";"2110006";"130";"kg";"Non";"Non"
2022;"20190";"2110102";"0.9";"l";"Non";"Non"
2022;"20190";"2150074";"100";"l";"Non";"Non"
2022;"20190";"2150140";"160";"l";"Non";"Non"
2022;"20190";"2160818";"800";"l";"Non";"Non"
2022;"20190";"2171200";"250";"kg";"Non";"Non"
2022;"20190";"8400528";"15";"l";"Non";"Non"
2022;"20190";"8400574";"2";"l";"Non";"Non"
2022;"20200";"1030003";"0.16";"l";"Oui";"Non"
2022;"20200";"2000018";"20";"kg";"Non";"Non"
2022;"20200";"2000125";"1.5";"kg";"Oui";"Non"
2022;"20200";"2000510";"100";"kg";"Oui";"Non"
2022;"20200";"2010023";"11";"l";"Non";"Non"
2022;"20200";"2020241";"0.5";"kg";"Non";"Non"
2022;"20200";"2030175";"0.02";"kg";"Oui";"Non"
2022;"20200";"2050046";"0.5";"kg";"Non";"Non"
2022;"20200";"2060084";"28";"kg";"Non";"Non"
2022;"20200";"2060172";"2";"l";"Non";"Non"
2022;"20200";"2080063";"40";"kg";"Non";"Non"
2022;"20200";"2090146";"0.95";"l";"Oui";"Non"
2022;"20200";"2090188";"40";"l";"Non";"Non"
2022;"20200";"2090199";"1.0";"l";"Oui";"Non"
2022;"20200";"2090200";"0.75";"l";"Oui";"Non"
2022;"20200";"2100030";"5";"kg";"Non";"Non"
2022;"20200";"2100122";"1";"kg";"Non";"Non"
2022;"20200";"2100221";"15";"kg";"Non";"Non"
2022;"20200";"2110141";"10";"l";"Non";"Non"
2022;"20200";"2110149";"3.36";"l";"Oui";"Non"
2022;"20200";"2110150";"0.65";"l";"Oui";"Non"
2022;"20200";"2110180";"0.22";"kg";"Oui";"Non"
2022;"20200";"2110196";"0.1";"kg";"Oui";"Non"
2022;"20200";"2120018";"0.8";"l";"Non";"Non"
2022;"20200";"2130049";"10";"l";"Non";"Non"
2022;"20200";"2130083";"4";"l";"Non";"Non"
2022;"20200";"2130115";"15";"kg";"Non";"Non"
2022;"20200";"2130152";"7";"l";"Non";"Non"
2022;"20200";"2140084";"200";"l";"Non";"Non"
2022;"20200";"2140106";"0.5";"l";"Oui";"Non"
2022;"20200";"2140147";"9";"l";"Non";"Non"
2022;"20200";"2140166";"3.5";"l";"Oui";"Non"
2022;"20200";"2150140";"20";"l";"Non";"Non"
2022;"20200";"2150417";"1.04";"l";"Oui";"Non"
2022;"20200";"2150483";"30";"kg";"Non";"Non"
2022;"20200";"2150969";"0.9";"kg";"Oui";"Non"
2022;"20200";"2160114";"5";"l";"Non";"Non"
2022;"20200";"2160115";"5";"l";"Oui";"Non"
2022;"20200";"2160383";"5";"kg";"Non";"Non"
2022;"20200";"2170243";"1.8";"l";"Oui";"Non"
2022;"20200";"2170978";"0.7";"l";"Oui";"Non"
2022;"20200";"2171140";"20";"kg";"Non";"Non"
2022;"20200";"2180319";"1.6";"l";"Oui";"Non"
2022;"20200";"2180633";"20";"l";"Non";"Non"
2022;"20200";"2190760";"3.9";"kg";"Oui";"Non"
2022;"20200";"2200059";"0.4";"l";"Oui";"Non"
2022;"20200";"2200526";"0.25";"l";"Oui";"Non"
2022;"20200";"5100219";"275";"kg";"Non";"Non"
2022;"20200";"8100236";"1.5";"kg";"Oui";"Non"
2022;"20200";"8400528";"5";"l";"Non";"Non"
2022;"20200";"8400574";"5";"l";"Non";"Non"
2022;"20200";"8500351";"0.02";"kg";"Non";"Non"
2022;"20200";"8700111";"0.51";"kg";"Non";"Non"
2022;"20200";"8900685";"1";"kg";"Non";"Non"
2022;"20200";"9000222";"140";"l";"Non";"Non"
2022;"20200";"9000490";"30";"l";"Non";"Non"
2022;"20200";"9400485";"30";"l";"Non";"Non"
2022;"20200";"9500147";"0.75";"kg";"Oui";"Non"
2022;"20200";"9500281";"504";"kg";"Oui";"Non"
2022;"20200";"9500649";"48";"kg";"Non";"Non"
2022;"20200";"9700332";"2";"l";"Non";"Non"
2022;"20200";"9800336";"6";"l";"Non";"Non"
2022;"20200";"9800420";"9";"l";"Non";"Non"
2022;"20200";"9800474";"75";"kg";"Non";"Non"
2022;"20200";"9800481";"1";"l";"Non";"Non"
2022;"20200";"9900227";"35";"l";"Non";"Non"
2022;"20200";"9900257";"9";"kg";"Oui";"Non"
2022;"20212";"2000125";"0.5";"kg";"Oui";"Non"
2022;"20212";"2110180";"0.1";"kg";"Oui";"Non"
2022;"20212";"2140252";"0.75";"kg";"Oui";"Non"
2022;"20212";"2150790";"0.45";"kg";"Oui";"Non"
2022;"20212";"2190808";"0.7";"l";"Oui";"Non"
2022;"20212";"9500281";"36";"kg";"Oui";"Non"
2022;"20212";"9500341";"0.75";"kg";"Oui";"Non"
2022;"20212";"9900257";"1";"kg";"Oui";"Non"
2022;"20213";"1030003";"0.12";"l";"Oui";"Non"
2022;"20213";"2000018";"40";"kg";"Non";"Non"
2022;"20213";"2000044";"75";"l";"Non";"Non"
2022;"20213";"2000125";"3.5";"kg";"Oui";"Non"
2022;"20213";"2000128";"0.38";"kg";"Oui";"Non"
2022;"20213";"2000316";"5";"l";"Non";"Non"
2022;"20213";"2000510";"60";"kg";"Oui";"Non"
2022;"20213";"2000517";"190";"l";"Non";"Non"
2022;"20213";"2010023";"55";"l";"Non";"Non"
2022;"20213";"2010130";"30";"kg";"Non";"Non"
2022;"20213";"2010513";"158";"kg";"Non";"Non"
2022;"20213";"2020241";"8.5";"kg";"Non";"Non"
2022;"20213";"2030175";"0.08";"kg";"Oui";"Non"
2022;"20213";"2030337";"10";"l";"Non";"Non"
2022;"20213";"2050046";"20";"kg";"Non";"Non"
2022;"20213";"2060098";"15.5";"l";"Non";"Non"
2022;"20213";"2060130";"157";"l";"Non";"Non"
2022;"20213";"2080026";"15";"l";"Non";"Non"
2022;"20213";"2080060";"130";"l";"Non";"Non"
2022;"20213";"2090080";"30";"l";"Non";"Non"
2022;"20213";"2090126";"15";"l";"Non";"Non"
2022;"20213";"2090127";"370";"l";"Non";"Non"
2022;"20213";"2090146";"0.75";"l";"Oui";"Non"
2022;"20213";"2090188";"140";"l";"Non";"Non"
2022;"20213";"2090199";"0.75";"l";"Oui";"Non"
2022;"20213";"2100038";"550";"kg";"Non";"Non"
2022;"20213";"2100111";"45";"l";"Non";"Non"
2022;"20213";"2100122";"22";"kg";"Non";"Non"
2022;"20213";"2100181";"9";"kg";"Non";"Non"
2022;"20213";"2100231";"13";"kg";"Non";"Non"
2022;"20213";"2110012";"1";"l";"Non";"Non"
2022;"20213";"2110059";"30";"kg";"Non";"Non"
2022;"20213";"2110073";"1";"l";"Non";"Non"
2022;"20213";"2110086";"260";"l";"Non";"Oui"
2022;"20213";"2110095";"15";"l";"Non";"Non"
2022;"20213";"2110101";"35";"l";"Non";"Non"
2022;"20213";"2110115";"5";"l";"Non";"Non"
2022;"20213";"2110141";"100";"l";"Non";"Non"
2022;"20213";"2110149";"4.16";"l";"Oui";"Non"
2022;"20213";"2110150";"1.45";"l";"Oui";"Non"
2022;"20213";"2110180";"0.1";"kg";"Oui";"Non"
2022;"20213";"2110196";"0.1";"kg";"Oui";"Non"
2022;"20213";"2120018";"0.8";"l";"Non";"Non"
2022;"20213";"2120048";"1";"l";"Non";"Non"
2022;"20213";"2120074";"21";"l";"Non";"Non"
2022;"20213";"2120130";"5";"kg";"Non";"Non"
2022;"20213";"2130049";"2";"l";"Non";"Non"
2022;"20213";"2130083";"31";"l";"Non";"Non"
2022;"20213";"2130112";"0.07";"kg";"Non";"Non"
2022;"20213";"2130115";"529.6";"kg";"Non";"Non"
2022;"20213";"2130126";"12";"kg";"Oui";"Non"
2022;"20213";"2130152";"2";"l";"Non";"Non"
2022;"20213";"2130153";"0.9";"l";"Oui";"Non"
2022;"20213";"2130212";"35";"kg";"Non";"Non"
2022;"20213";"2140001";"0.9";"kg";"Non";"Non"
2022;"20213";"2140022";"20";"l";"Non";"Non"
2022;"20213";"2140035";"15";"l";"Non";"Oui"
2022;"20213";"2140084";"80";"l";"Non";"Non"
2022;"20213";"2140085";"504";"l";"Non";"Non"
2022;"20213";"2140106";"10.5";"l";"Oui";"Non"
2022;"20213";"2140147";"11";"l";"Non";"Non"
2022;"20213";"2140201";"25";"l";"Non";"Non"
2022;"20213";"2150140";"940";"l";"Non";"Oui"
2022;"20213";"2150387";"5";"l";"Non";"Non"
2022;"20213";"2150417";"2.52";"l";"Oui";"Non"
2022;"20213";"2150483";"20";"kg";"Non";"Non"
2022;"20213";"2150790";"4.5";"kg";"Oui";"Non"
2022;"20213";"2150914";"670";"kg";"Non";"Non"
2022;"20213";"2150964";"520";"kg";"Non";"Non"
2022;"20213";"2160008";"3";"l";"Non";"Non"
2022;"20213";"2160115";"10";"l";"Oui";"Non"
2022;"20213";"2160383";"89";"kg";"Non";"Non"
2022;"20213";"2160527";"70";"l";"Non";"Non"
2022;"20213";"2160756";"55";"l";"Non";"Non"
2022;"20213";"2160962";"4";"l";"Non";"Non"
2022;"20213";"2170085";"10";"l";"Non";"Non"
2022;"20213";"2170243";"0.6";"l";"Oui";"Non"
2022;"20213";"2170462";"50";"l";"Non";"Non"
2022;"20213";"2170547";"1";"kg";"Non";"Non"
2022;"20213";"2170977";"0.75";"l";"Oui";"Non"
2022;"20213";"2170978";"1.1";"l";"Oui";"Non"
2022;"20213";"2171073";"1.2";"kg";"Non";"Non"
2022;"20213";"2171086";"99";"l";"Non";"Non"
2022;"20213";"2171243";"20";"kg";"Non";"Oui"
2022;"20213";"2180124";"2.4";"l";"Non";"Non"
2022;"20213";"2180319";"0.8";"l";"Oui";"Non"
2022;"20213";"2180408";"4";"l";"Oui";"Non"
2022;"20213";"2180670";"20";"kg";"Non";"Non"
2022;"20213";"2180829";"10";"l";"Non";"Non"
2022;"20213";"2180858";"0.17";"kg";"Oui";"Non"
2022;"20213";"2180888";"0.75";"l";"Oui";"Non"
2022;"20213";"2189993";"0.4";"kg";"Oui";"Non"
2022;"20213";"2189996";"6";"l";"Non";"Non"
2022;"20213";"2190319";"12.2";"l";"Oui";"Non"
2022;"20213";"2190441";"3";"l";"Non";"Non"
2022;"20213";"2190594";"40";"l";"Non";"Non"
2022;"20213";"2200059";"0.3";"l";"Oui";"Non"
2022;"20213";"2200526";"0.8";"l";"Oui";"Non"
2022;"20213";"7200313";"245";"l";"Non";"Non"
2022;"20213";"8400528";"5";"l";"Non";"Non"
2022;"20213";"8500351";"0.05";"kg";"Non";"Non"
2022;"20213";"8700111";"0.66";"kg";"Non";"Non"
2022;"20213";"8800841";"3";"l";"Non";"Non"
2022;"20213";"8900685";"4";"kg";"Non";"Non"
2022;"20213";"9000222";"80";"l";"Non";"Non"
2022;"20213";"9000490";"55";"l";"Non";"Non"
2022;"20213";"9100296";"25";"l";"Non";"Non"
2022;"20213";"9200235";"7780";"l";"Non";"Non"
2022;"20213";"9300032";"10";"l";"Non";"Non"
2022;"20213";"9300108";"5";"kg";"Non";"Non"
2022;"20213";"9300186";"2";"kg";"Non";"Non"
2022;"20213";"9300504";"3520";"l";"Non";"Non"
2022;"20213";"9400085";"5";"l";"Non";"Non"
2022;"20213";"9400485";"10";"l";"Non";"Non"
2022;"20213";"9500147";"29.8";"kg";"Oui";"Non"
2022;"20213";"9500281";"828";"kg";"Oui";"Non"
2022;"20213";"9500341";"1.1";"kg";"Oui";"Non"
2022;"20213";"9500568";"2";"kg";"Non";"Non"
2022;"20213";"9500649";"36";"kg";"Non";"Non"
2022;"20213";"9600025";"96";"kg";"Non";"Non"
2022;"20213";"9600116";"20";"kg";"Non";"Non"
2022;"20213";"9600526";"5.6";"kg";"Non";"Non"
2022;"20213";"9700070";"2";"kg";"Non";"Non"
2022;"20213";"9700214";"0.6";"kg";"Non";"Non"
2022;"20213";"9800336";"53";"l";"Non";"Non"
2022;"20213";"9800420";"8";"l";"Non";"Non"
2022;"20213";"9800474";"195";"kg";"Non";"Non"
2022;"20213";"9800481";"1";"l";"Non";"Non"
2022;"20213";"9800484";"1";"l";"Non";"Non"
2022;"20213";"9900189";"80";"kg";"Non";"Non"
2022;"20213";"9900227";"320";"l";"Non";"Non"
2022;"20213";"9900257";"33";"kg";"Oui";"Non"
2022;"20214";"1030003";"0.04";"l";"Oui";"Non"
2022;"20214";"2000018";"20";"kg";"Non";"Non"
2022;"20214";"2000510";"20";"kg";"Oui";"Non"
2022;"20214";"2000517";"40";"l";"Non";"Non"
2022;"20214";"2010023";"5";"l";"Non";"Non"
2022;"20214";"2010513";"1.5";"kg";"Non";"Non"
2022;"20214";"2020241";"1";"kg";"Non";"Non"
2022;"20214";"2060098";"1";"l";"Non";"Non"
2022;"20214";"2090119";"25";"l";"Non";"Non"
2022;"20214";"2090127";"10";"l";"Non";"Non"
2022;"20214";"2100030";"5";"kg";"Non";"Non"
2022;"20214";"2100038";"7.5";"kg";"Non";"Non"
2022;"20214";"2110059";"10";"kg";"Non";"Non"
2022;"20214";"2110143";"3";"l";"Non";"Non"
2022;"20214";"2110150";"0.4";"l";"Oui";"Non"
2022;"20214";"2110154";"3";"l";"Non";"Non"
2022;"20214";"2130115";"50";"kg";"Non";"Non"
2022;"20214";"2140085";"6";"l";"Non";"Non"
2022;"20214";"2140215";"48.4";"kg";"Non";"Non"
2022;"20214";"2150140";"120";"l";"Non";"Non"
2022;"20214";"2160608";"15";"l";"Non";"Non"
2022;"20214";"2169999";"1";"l";"Non";"Non"
2022;"20214";"2170437";"0.3";"l";"Non";"Non"
2022;"20214";"2180670";"10";"kg";"Non";"Non"
2022;"20214";"2190054";"50";"l";"Non";"Non"
2022;"20214";"2190594";"1";"l";"Non";"Non"
2022;"20214";"5100219";"3625";"kg";"Non";"Non"
2022;"20214";"7500716";"4.5";"kg";"Non";"Non"
2022;"20214";"9000222";"1690";"l";"Non";"Non"
2022;"20214";"9200482";"0.08";"kg";"Non";"Non"
2022;"20214";"9300504";"80";"l";"Non";"Non"
2022;"20214";"9500147";"20";"kg";"Oui";"Non"
2022;"20214";"9500199";"3";"l";"Non";"Non"
2022;"20214";"9500281";"36";"kg";"Oui";"Non"
2022;"20214";"9500568";"1";"kg";"Non";"Non"
2022;"20214";"9800096";"3";"l";"Non";"Non"
2022;"20214";"9800336";"2";"l";"Non";"Non"
2022;"20214";"9800474";"210";"kg";"Non";"Non"
2022;"20214";"9900227";"40";"l";"Non";"Non"
2022;"20214";"9900257";"1";"kg";"Oui";"Non"
2022;"20215";"1030003";"0.08";"l";"Oui";"Non"
2022;"20215";"2000018";"20";"kg";"Non";"Non"
2022;"20215";"2000044";"275";"l";"Non";"Non"
2022;"20215";"2000125";"3";"kg";"Oui";"Non"
2022;"20215";"2000128";"1.15";"kg";"Oui";"Non"
2022;"20215";"2000202";"220";"l";"Non";"Non"
2022;"20215";"2000316";"5";"l";"Non";"Non"
2022;"20215";"2000327";"15";"l";"Non";"Non"
2022;"20215";"2000510";"60";"kg";"Oui";"Non"
2022;"20215";"2000517";"15";"l";"Non";"Non"
2022;"20215";"2010023";"240";"l";"Non";"Non"
2022;"20215";"2010130";"220";"kg";"Non";"Non"
2022;"20215";"2010398";"72";"kg";"Non";"Non"
2022;"20215";"2010513";"33";"kg";"Non";"Non"
2022;"20215";"2020241";"4";"kg";"Non";"Non"
2022;"20215";"2030175";"0.11";"kg";"Oui";"Non"
2022;"20215";"2030337";"25";"l";"Non";"Non"
2022;"20215";"2050046";"71";"kg";"Non";"Non"
2022;"20215";"2060050";"6";"l";"Non";"Non"
2022;"20215";"2060084";"113";"kg";"Non";"Non"
2022;"20215";"2060085";"9";"l";"Non";"Non"
2022;"20215";"2060098";"17.5";"l";"Non";"Non"
2022;"20215";"2060130";"224";"l";"Non";"Non"
2022;"20215";"2060172";"5";"l";"Non";"Non"
2022;"20215";"2070133";"35";"l";"Non";"Non"
2022;"20215";"2080060";"29";"l";"Non";"Non"
2022;"20215";"2080063";"130";"kg";"Non";"Non"
2022;"20215";"2080100";"20";"kg";"Non";"Non"
2022;"20215";"2080129";"30";"l";"Non";"Non"
2022;"20215";"2090001";"15";"l";"Non";"Non"
2022;"20215";"2090050";"96";"kg";"Non";"Non"
2022;"20215";"2090080";"15";"l";"Non";"Non"
2022;"20215";"2090093";"760";"l";"Non";"Non"
2022;"20215";"2090119";"10";"l";"Non";"Non"
2022;"20215";"2090126";"30";"l";"Non";"Non"
2022;"20215";"2090127";"285";"l";"Non";"Non"
2022;"20215";"2090146";"0.75";"l";"Oui";"Non"
2022;"20215";"2090188";"465";"l";"Non";"Non"
2022;"20215";"2090199";"2.25";"l";"Oui";"Non"
2022;"20215";"2100030";"40";"kg";"Non";"Non"
2022;"20215";"2100038";"775";"kg";"Non";"Non"
2022;"20215";"2100122";"5";"kg";"Non";"Non"
2022;"20215";"2100181";"33";"kg";"Non";"Non"
2022;"20215";"2100221";"95";"kg";"Non";"Non"
2022;"20215";"2100231";"210";"kg";"Non";"Non"
2022;"20215";"2110059";"95";"kg";"Non";"Non"
2022;"20215";"2110073";"13";"l";"Non";"Non"
2022;"20215";"2110086";"421";"l";"Non";"Oui"
2022;"20215";"2110101";"5";"l";"Non";"Non"
2022;"20215";"2110104";"15";"l";"Non";"Non"
2022;"20215";"2110115";"10";"l";"Non";"Non"
2022;"20215";"2110141";"10";"l";"Non";"Non"
2022;"20215";"2110143";"3";"l";"Non";"Non"
2022;"20215";"2110149";"7.77";"l";"Oui";"Non"
2022;"20215";"2110150";"3.35";"l";"Oui";"Non"
2022;"20215";"2110173";"40";"kg";"Non";"Non"
2022;"20215";"2110180";"0.1";"kg";"Oui";"Non"
2022;"20215";"2120018";"0.8";"l";"Non";"Non"
2022;"20215";"2120048";"6";"l";"Non";"Non"
2022;"20215";"2120087";"9";"kg";"Non";"Non"
2022;"20215";"2120130";"32";"kg";"Non";"Non"
2022;"20215";"2120132";"95";"kg";"Non";"Non"
2022;"20215";"2130049";"30";"l";"Non";"Non"
2022;"20215";"2130059";"5";"l";"Non";"Non"
2022;"20215";"2130067";"55";"l";"Non";"Non"
2022;"20215";"2130083";"57";"l";"Non";"Non"
2022;"20215";"2130112";"12185.1602";"kg";"Non";"Non"
2022;"20215";"2130115";"7953.5";"kg";"Non";"Non"
2022;"20215";"2130126";"24";"kg";"Oui";"Non"
2022;"20215";"2130152";"12";"l";"Non";"Non"
2022;"20215";"2130153";"1";"l";"Oui";"Non"
2022;"20215";"2130212";"45";"kg";"Non";"Non"
2022;"20215";"2140022";"140";"l";"Non";"Non"
2022;"20215";"2140085";"658";"l";"Non";"Non"
2022;"20215";"2140127";"11";"kg";"Non";"Non"
2022;"20215";"2140147";"15";"l";"Non";"Non"
2022;"20215";"2140166";"7";"l";"Oui";"Non"
2022;"20215";"2140177";"15";"l";"Non";"Non"
2022;"20215";"2140184";"10";"kg";"Non";"Non"
2022;"20215";"2140255";"30";"l";"Non";"Non"
2022;"20215";"2150086";"2";"l";"Non";"Non"
2022;"20215";"2150140";"2900";"l";"Non";"Oui"
2022;"20215";"2150387";"26";"l";"Non";"Non"
2022;"20215";"2150479";"10";"l";"Non";"Non"
2022;"20215";"2150483";"10";"kg";"Non";"Non"
2022;"20215";"2150790";"7.35";"kg";"Oui";"Non"
2022;"20215";"2150914";"330";"kg";"Non";"Non"
2022;"20215";"2150969";"3.6";"kg";"Oui";"Non"
2022;"20215";"2160008";"18";"l";"Non";"Non"
2022;"20215";"2160115";"0.9";"l";"Oui";"Non"
2022;"20215";"2160383";"87.3";"kg";"Non";"Non"
2022;"20215";"2160395";"8.8";"l";"Non";"Non"
2022;"20215";"2160397";"1";"l";"Non";"Non"
2022;"20215";"2160694";"126";"kg";"Non";"Non"
2022;"20215";"2160713";"6";"l";"Non";"Non"
2022;"20215";"2160756";"40";"l";"Non";"Non"
2022;"20215";"2160841";"1";"kg";"Non";"Non"
2022;"20215";"2160962";"16";"l";"Non";"Non"
2022;"20215";"2160963";"2";"l";"Non";"Non"
2022;"20215";"2169999";"4";"l";"Non";"Non"
2022;"20215";"2170243";"0.2";"l";"Oui";"Non"
2022;"20215";"2170547";"7";"kg";"Non";"Non"
2022;"20215";"2170685";"5";"l";"Oui";"Non"
2022;"20215";"2171073";"0.2";"kg";"Non";"Non"
2022;"20215";"2171086";"26";"l";"Non";"Non"
2022;"20215";"2171119";"20";"kg";"Non";"Non"
2022;"20215";"2171134";"5";"l";"Non";"Non"
2022;"20215";"2171200";"25";"kg";"Non";"Non"
2022;"20215";"2171243";"10";"kg";"Non";"Oui"
2022;"20215";"2171312";"0.04";"l";"Oui";"Non"
2022;"20215";"2180275";"0.02";"kg";"Oui";"Non"
2022;"20215";"2180319";"1.6";"l";"Oui";"Non"
2022;"20215";"2180408";"3";"l";"Oui";"Non"
2022;"20215";"2180651";"2.25";"kg";"Non";"Non"
2022;"20215";"2189993";"0.4";"kg";"Oui";"Non"
2022;"20215";"2189996";"83";"l";"Non";"Non"
2022;"20215";"2190054";"10";"l";"Non";"Non"
2022;"20215";"2190088";"0.12";"l";"Oui";"Non"
2022;"20215";"2190198";"190";"l";"Non";"Non"
2022;"20215";"2190319";"8.4";"l";"Oui";"Non"
2022;"20215";"2190346";"0.06";"kg";"Oui";"Non"
2022;"20215";"2190594";"13";"l";"Non";"Non"
2022;"20215";"2190730";"30";"l";"Non";"Non"
2022;"20215";"2190760";"2.8";"kg";"Oui";"Non"
2022;"20215";"2190808";"3.5";"l";"Oui";"Non"
2022;"20215";"2190893";"10";"kg";"Non";"Non"
2022;"20215";"2200059";"0.5";"l";"Oui";"Non"
2022;"20215";"2200526";"0.25";"l";"Oui";"Non"
2022;"20215";"5100219";"1175";"kg";"Non";"Non"
2022;"20215";"7200313";"160";"l";"Non";"Non"
2022;"20215";"7600008";"56";"l";"Non";"Non"
2022;"20215";"7700216";"50";"l";"Non";"Non"
2022;"20215";"8100236";"0.75";"kg";"Oui";"Non"
2022;"20215";"8400528";"25";"l";"Non";"Non"
2022;"20215";"8400574";"5";"l";"Non";"Non"
2022;"20215";"8500351";"0.05";"kg";"Non";"Non"
2022;"20215";"8500412";"250";"kg";"Non";"Non"
2022;"20215";"8600243";"50";"l";"Non";"Non"
2022;"20215";"8700111";"0.51";"kg";"Non";"Non"
2022;"20215";"8800841";"1";"l";"Non";"Non"
2022;"20215";"8900685";"73";"kg";"Non";"Non"
2022;"20215";"9000222";"530";"l";"Non";"Non"
2022;"20215";"9000277";"40";"kg";"Non";"Non"
2022;"20215";"9000490";"470";"l";"Non";"Non"
2022;"20215";"9100296";"210";"l";"Non";"Non"
2022;"20215";"9100418";"15";"l";"Non";"Non"
2022;"20215";"9100525";"1";"kg";"Non";"Non"
2022;"20215";"9200215";"50";"kg";"Non";"Non"
2022;"20215";"9200235";"10040";"l";"Non";"Non"
2022;"20215";"9300032";"5";"l";"Non";"Non"
2022;"20215";"9300108";"195";"kg";"Non";"Non"
2022;"20215";"9300186";"38";"kg";"Non";"Non"
2022;"20215";"9300504";"6140";"l";"Non";"Non"
2022;"20215";"9400012";"5";"l";"Non";"Non"
2022;"20215";"9400485";"10";"l";"Non";"Non"
2022;"20215";"9500147";"4.5";"kg";"Oui";"Non"
2022;"20215";"9500281";"810";"kg";"Oui";"Non"
2022;"20215";"9500341";"2.95";"kg";"Oui";"Non"
2022;"20215";"9500568";"63";"kg";"Non";"Non"
2022;"20215";"9500649";"192";"kg";"Non";"Non"
2022;"20215";"9600025";"420";"kg";"Non";"Non"
2022;"20215";"9600116";"130";"kg";"Non";"Non"
2022;"20215";"9600395";"30";"kg";"Non";"Non"
2022;"20215";"9600488";"0.6";"kg";"Oui";"Non"
2022;"20215";"9700070";"3.7";"kg";"Non";"Non"
2022;"20215";"9700214";"0.6";"kg";"Non";"Non"
2022;"20215";"9700332";"4";"l";"Non";"Non"
2022;"20215";"9800244";"21";"kg";"Non";"Non"
2022;"20215";"9800336";"111";"l";"Non";"Non"
2022;"20215";"9800420";"37";"l";"Non";"Non"
2022;"20215";"9800474";"420";"kg";"Non";"Non"
2022;"20215";"9800481";"2";"l";"Non";"Non"
2022;"20215";"9800484";"2";"l";"Non";"Non"
2022;"20215";"9900227";"165";"l";"Non";"Non"
2022;"20215";"9900257";"19.8";"kg";"Oui";"Non"
2022;"20217";"1030003";"0.04";"l";"Oui";"Non"
2022;"20217";"2000125";"1";"kg";"Oui";"Non"
2022;"20217";"2000517";"150";"l";"Non";"Non"
2022;"20217";"2010023";"6";"l";"Non";"Non"
2022;"20217";"2010130";"10";"kg";"Non";"Non"
2022;"20217";"2010513";"52";"kg";"Non";"Non"
2022;"20217";"2030175";"0.03";"kg";"Oui";"Non"
2022;"20217";"2060130";"4";"l";"Non";"Non"
2022;"20217";"2060172";"1";"l";"Non";"Non"
2022;"20217";"2080029";"1";"l";"Non";"Non"
2022;"20217";"2090063";"0.8";"kg";"Non";"Non"
2022;"20217";"2100181";"9";"kg";"Non";"Non"
2022;"20217";"2110059";"40";"kg";"Non";"Non"
2022;"20217";"2110149";"0.25";"l";"Oui";"Non"
2022;"20217";"2110150";"0.9";"l";"Oui";"Non"
2022;"20217";"2110180";"0.2";"kg";"Oui";"Non"
2022;"20217";"2110196";"0.1";"kg";"Oui";"Non"
2022;"20217";"2130049";"1";"l";"Non";"Non"
2022;"20217";"2130083";"1";"l";"Non";"Non"
2022;"20217";"2130112";"0.05";"kg";"Non";"Non"
2022;"20217";"2130115";"120";"kg";"Non";"Non"
2022;"20217";"2140166";"2.5";"l";"Oui";"Non"
2022;"20217";"2150140";"5";"l";"Non";"Non"
2022;"20217";"2150790";"2.4";"kg";"Oui";"Non"
2022;"20217";"2171067";"0.75";"l";"Oui";"Non"
2022;"20217";"2171119";"0.75";"kg";"Non";"Non"
2022;"20217";"2180651";"0.38";"kg";"Non";"Non"
2022;"20217";"2189996";"1";"l";"Non";"Non"
2022;"20217";"2190054";"40";"l";"Non";"Non"
2022;"20217";"2190198";"670";"l";"Non";"Non"
2022;"20217";"2190760";"1.1";"kg";"Oui";"Non"
2022;"20217";"2200059";"0.1";"l";"Oui";"Non"
2022;"20217";"2200526";"0.8";"l";"Oui";"Non"
2022;"20217";"5100219";"7200";"kg";"Non";"Non"
2022;"20217";"8700111";"0.51";"kg";"Non";"Non"
2022;"20217";"9000222";"1290";"l";"Non";"Non"
2022;"20217";"9300504";"60";"l";"Non";"Non"
2022;"20217";"9400085";"2";"l";"Non";"Non"
2022;"20217";"9500147";"2.25";"kg";"Oui";"Non"
2022;"20217";"9500281";"450";"kg";"Oui";"Non"
2022;"20217";"9500341";"1.5";"kg";"Oui";"Non"
2022;"20217";"9700070";"0.2";"kg";"Non";"Non"
2022;"20217";"9800245";"20";"kg";"Non";"Non"
2022;"20217";"9800336";"1";"l";"Non";"Non"
2022;"20217";"9800420";"3";"l";"Non";"Non"
2022;"20217";"9800474";"195";"kg";"Non";"Non"
2022;"20217";"9800481";"6";"l";"Non";"Non"
2022;"20217";"9900227";"225";"l";"Non";"Non"
2022;"20217";"9900257";"6";"kg";"Oui";"Non"
2022;"20218";"1030003";"0.24";"l";"Oui";"Non"
2022;"20218";"2000125";"0.5";"kg";"Oui";"Non"
2022;"20218";"2000510";"60";"kg";"Oui";"Non"
2022;"20218";"2010130";"10";"kg";"Non";"Non"
2022;"20218";"2090127";"90";"l";"Non";"Non"
2022;"20218";"2090146";"0.75";"l";"Oui";"Non"
2022;"20218";"2110149";"0.25";"l";"Oui";"Non"
2022;"20218";"2110150";"0.75";"l";"Oui";"Non"
2022;"20218";"2110180";"10";"kg";"Oui";"Non"
2022;"20218";"2120158";"20";"kg";"Non";"Non"
2022;"20218";"2140166";"10";"l";"Oui";"Non"
2022;"20218";"2140215";"123";"kg";"Non";"Non"
2022;"20218";"2170977";"0.75";"l";"Oui";"Non"
2022;"20218";"2171067";"0.75";"l";"Oui";"Non"
2022;"20218";"2180829";"80";"l";"Non";"Non"
2022;"20218";"2180888";"0.75";"l";"Oui";"Non"
2022;"20218";"2189993";"0.4";"kg";"Oui";"Non"
2022;"20218";"2190760";"1.1";"kg";"Oui";"Non"
2022;"20218";"2200526";"0.8";"l";"Oui";"Non"
2022;"20218";"5100219";"1025";"kg";"Non";"Non"
2022;"20218";"9000222";"2680";"l";"Non";"Non"
2022;"20218";"9000277";"20";"kg";"Non";"Non"
2022;"20218";"9300504";"120";"l";"Non";"Non"
2022;"20218";"9500147";"0.75";"kg";"Oui";"Non"
2022;"20218";"9500281";"288";"kg";"Oui";"Non"
2022;"20218";"9500341";"0.75";"kg";"Oui";"Non"
2022;"20218";"9800474";"390";"kg";"Non";"Non"
2022;"20218";"9800481";"1";"l";"Non";"Non"
2022;"20218";"9900227";"130";"l";"Non";"Non"
2022;"20218";"9900257";"12";"kg";"Oui";"Non"
2022;"20220";"2000018";"1400";"kg";"Non";"Non"
2022;"20220";"2000510";"20";"kg";"Oui";"Non"
2022;"20220";"2010513";"1";"kg";"Non";"Non"
2022;"20220";"2020241";"0.5";"kg";"Non";"Non"
2022;"20220";"2090050";"12";"kg";"Non";"Non"
2022;"20220";"2090199";"0.25";"l";"Oui";"Non"
2022;"20220";"2100038";"75";"kg";"Non";"Non"
2022;"20220";"2100231";"10";"kg";"Non";"Non"
2022;"20220";"2110086";"2";"l";"Non";"Non"
2022;"20220";"2110143";"1";"l";"Non";"Non"
2022;"20220";"2110150";"0.4";"l";"Oui";"Non"
2022;"20220";"2120158";"200";"kg";"Non";"Non"
2022;"20220";"2130083";"6";"l";"Non";"Non"
2022;"20220";"2130115";"43";"kg";"Non";"Non"
2022;"20220";"2130153";"5";"l";"Oui";"Non"
2022;"20220";"2150140";"180";"l";"Non";"Non"
2022;"20220";"2150790";"1.2";"kg";"Oui";"Non"
2022;"20220";"2150964";"10";"kg";"Non";"Non"
2022;"20220";"2190319";"5";"l";"Oui";"Non"
2022;"20220";"2190594";"1";"l";"Non";"Non"
2022;"20220";"5100219";"50";"kg";"Non";"Non"
2022;"20220";"9100296";"5";"l";"Non";"Non"
2022;"20220";"9500147";"1.9";"kg";"Oui";"Non"
2022;"20220";"9500281";"54";"kg";"Oui";"Non"
2022;"20220";"9800336";"6";"l";"Non";"Non"
2022;"20220";"9800474";"510";"kg";"Non";"Non"
2022;"20220";"9900257";"16";"kg";"Oui";"Non"
2022;"20221";"2000044";"10";"l";"Non";"Non"
2022;"20221";"2000125";"1.5";"kg";"Oui";"Non"
2022;"20221";"2000316";"1";"l";"Non";"Non"
2022;"20221";"2000510";"100";"kg";"Oui";"Non"
2022;"20221";"2010023";"30";"l";"Non";"Non"
2022;"20221";"2010513";"7";"kg";"Non";"Non"
2022;"20221";"2020241";"6.5";"kg";"Non";"Non"
2022;"20221";"2030175";"0.02";"kg";"Oui";"Non"
2022;"20221";"2050046";"4";"kg";"Non";"Non"
2022;"20221";"2060050";"4";"l";"Non";"Non"
2022;"20221";"2060098";"3.5";"l";"Non";"Non"
2022;"20221";"2060113";"1";"l";"Non";"Non"
2022;"20221";"2060130";"25";"l";"Non";"Non"
2022;"20221";"2080060";"1";"l";"Non";"Non"
2022;"20221";"2080063";"20";"kg";"Non";"Non"
2022;"20221";"2090001";"1";"l";"Non";"Non"
2022;"20221";"2090093";"60";"l";"Non";"Non"
2022;"20221";"2090119";"20";"l";"Non";"Non"
2022;"20221";"2090127";"20";"l";"Non";"Non"
2022;"20221";"2090136";"5";"l";"Non";"Non"
2022;"20221";"2090188";"50";"l";"Non";"Non"
2022;"20221";"2100038";"775";"kg";"Non";"Non"
2022;"20221";"2100111";"25";"l";"Non";"Non"
2022;"20221";"2100122";"2";"kg";"Non";"Non"
2022;"20221";"2100231";"30";"kg";"Non";"Non"
2022;"20221";"2110012";"2";"l";"Non";"Non"
2022;"20221";"2110086";"75";"l";"Non";"Non"
2022;"20221";"2110141";"30";"l";"Non";"Non"
2022;"20221";"2110149";"4.16";"l";"Oui";"Non"
2022;"20221";"2110150";"1.05";"l";"Oui";"Non"
2022;"20221";"2110180";"0.1";"kg";"Oui";"Non"
2022;"20221";"2120048";"4";"l";"Non";"Non"
2022;"20221";"2120158";"180";"kg";"Non";"Non"
2022;"20221";"2130067";"5";"l";"Non";"Non"
2022;"20221";"2130083";"9";"l";"Non";"Non"
2022;"20221";"2130092";"2";"l";"Non";"Non"
2022;"20221";"2130112";"0.01";"kg";"Non";"Non"
2022;"20221";"2130115";"936.7";"kg";"Non";"Non"
2022;"20221";"2130152";"1";"l";"Non";"Non"
2022;"20221";"2140022";"130";"l";"Non";"Non"
2022;"20221";"2140085";"15";"l";"Non";"Non"
2022;"20221";"2140121";"2.5";"l";"Oui";"Non"
2022;"20221";"2140127";"2";"kg";"Non";"Non"
2022;"20221";"2140166";"2.5";"l";"Oui";"Non"
2022;"20221";"2140167";"1";"l";"Oui";"Non"
2022;"20221";"2140201";"10";"l";"Non";"Non"
2022;"20221";"2150140";"320";"l";"Non";"Non"
2022;"20221";"2150387";"2";"l";"Non";"Non"
2022;"20221";"2150483";"10";"kg";"Non";"Non"
2022;"20221";"2150964";"500";"kg";"Non";"Non"
2022;"20221";"2160114";"10";"l";"Non";"Non"
2022;"20221";"2160383";"56";"kg";"Non";"Non"
2022;"20221";"2160397";"3";"l";"Non";"Non"
2022;"20221";"2170243";"1.8";"l";"Oui";"Non"
2022;"20221";"2180124";"1.8";"l";"Non";"Non"
2022;"20221";"2180319";"0.8";"l";"Oui";"Non"
2022;"20221";"2180858";"0.08";"kg";"Oui";"Non"
2022;"20221";"2180888";"0.75";"l";"Oui";"Non"
2022;"20221";"2189993";"1.6";"kg";"Oui";"Non"
2022;"20221";"2189996";"30";"l";"Non";"Non"
2022;"20221";"2190054";"10";"l";"Non";"Non"
2022;"20221";"2190319";"5";"l";"Oui";"Non"
2022;"20221";"2190441";"6";"l";"Non";"Non"
2022;"20221";"2190594";"24";"l";"Non";"Non"
2022;"20221";"2190893";"50";"kg";"Non";"Non"
2022;"20221";"2200197";"4";"l";"Non";"Non"
2022;"20221";"2200526";"3.2";"l";"Oui";"Non"
2022;"20221";"5100219";"75";"kg";"Non";"Non"
2022;"20221";"7200313";"5";"l";"Non";"Non"
2022;"20221";"7600008";"8";"l";"Non";"Non"
2022;"20221";"8100236";"3.75";"kg";"Oui";"Non"
2022;"20221";"8700111";"0.36";"kg";"Non";"Non"
2022;"20221";"9000222";"140";"l";"Non";"Non"
2022;"20221";"9000490";"45";"l";"Non";"Non"
2022;"20221";"9100418";"2";"l";"Non";"Non"
2022;"20221";"9200235";"1260";"l";"Non";"Non"
2022;"20221";"9300032";"5";"l";"Non";"Non"
2022;"20221";"9300504";"3410";"l";"Non";"Non"
2022;"20221";"9400485";"20";"l";"Non";"Non"
2022;"20221";"9500147";"1.5";"kg";"Oui";"Non"
2022;"20221";"9500281";"792";"kg";"Oui";"Non"
2022;"20221";"9500649";"12";"kg";"Non";"Non"
2022;"20221";"9600025";"12";"kg";"Non";"Non"
2022;"20221";"9800336";"7.3";"l";"Non";"Non"
2022;"20221";"9800420";"22";"l";"Non";"Non"
2022;"20221";"9800474";"30";"kg";"Non";"Non"
2022;"20221";"9800481";"1";"l";"Non";"Non"
2022;"20221";"9900227";"55";"l";"Non";"Non"
2022;"20221";"9900257";"1";"kg";"Oui";"Non"
2022;"20222";"2000510";"20";"kg";"Oui";"Non"
2022;"20222";"2100038";"25";"kg";"Non";"Non"
2022;"20222";"2110150";"0.25";"l";"Oui";"Non"
2022;"20224";"1030003";"0.04";"l";"Oui";"Non"
2022;"20224";"2000018";"20";"kg";"Non";"Non"
2022;"20224";"2000510";"60";"kg";"Oui";"Non"
2022;"20224";"2090146";"0.75";"l";"Oui";"Non"
2022;"20224";"2100038";"25";"kg";"Non";"Non"
2022;"20224";"2110040";"0.09";"kg";"Oui";"Non"
2022;"20224";"2110149";"0.25";"l";"Oui";"Non"
2022;"20224";"2120018";"1.6";"l";"Non";"Non"
2022;"20224";"2150790";"1.2";"kg";"Oui";"Non"
2022;"20224";"2180858";"0.08";"kg";"Oui";"Non"
2022;"20224";"2190760";"0.6";"kg";"Oui";"Non"
2022;"20224";"8100236";"1.5";"kg";"Oui";"Non"
2022;"20224";"9500281";"90";"kg";"Oui";"Non"
2022;"20224";"9800474";"30";"kg";"Non";"Non"
2022;"20225";"2010023";"24";"l";"Non";"Non"
2022;"20225";"2060098";"20";"l";"Non";"Non"
2022;"20225";"2090093";"20";"l";"Non";"Non"
2022;"20225";"2090119";"130";"l";"Non";"Non"
2022;"20225";"2090188";"10";"l";"Non";"Non"
2022;"20225";"2110180";"0.1";"kg";"Oui";"Non"
2022;"20225";"2130083";"5";"l";"Non";"Non"
2022;"20225";"2130212";"10";"kg";"Non";"Non"
2022;"20225";"2150140";"60";"l";"Non";"Non"
2022;"20225";"2171200";"150";"kg";"Non";"Non"
2022;"20225";"5100219";"950";"kg";"Non";"Non"
2022;"20225";"9000222";"990";"l";"Non";"Non"
2022;"20225";"9800336";"33";"l";"Non";"Non"
2022;"20225";"9900227";"155";"l";"Non";"Non"
2022;"20226";"2030175";"0.02";"kg";"Oui";"Non"
2022;"20226";"2080105";"15";"l";"Non";"Non"
2022;"20226";"2100038";"500";"kg";"Non";"Non"
2022;"20226";"2110150";"0.25";"l";"Oui";"Non"
2022;"20226";"2150140";"20";"l";"Non";"Non"
2022;"20226";"2150790";"0.45";"kg";"Oui";"Non"
2022;"20226";"2180334";"3";"l";"Non";"Non"
2022;"20226";"2190594";"1";"l";"Non";"Non"
2022;"20226";"2190760";"1.1";"kg";"Oui";"Non"
2022;"20226";"9500281";"18";"kg";"Oui";"Non"
2022;"20226";"9800262";"0.2";"kg";"Non";"Non"
2022;"20226";"9800336";"1";"l";"Non";"Non"
2022;"20226";"9800474";"15";"kg";"Non";"Non"
2022;"20227";"2130151";"0.16";"kg";"Oui";"Non"
2022;"20227";"2140193";"6";"l";"Oui";"Non"
2022;"20227";"2170243";"0.54";"l";"Oui";"Non"
2022;"20227";"2180319";"0.8";"l";"Oui";"Non"
2022;"20227";"9300504";"80";"l";"Non";"Non"
2022;"20228";"1030003";"0.04";"l";"Oui";"Non"
2022;"20228";"2000510";"20";"kg";"Oui";"Non"
2022;"20228";"2010023";"2";"l";"Non";"Non"
2022;"20228";"2010513";"30";"kg";"Non";"Non"
2022;"20228";"2050046";"0.5";"kg";"Non";"Non"
2022;"20228";"2060098";"10";"l";"Non";"Non"
2022;"20228";"2060130";"6";"l";"Non";"Non"
2022;"20228";"2060172";"5";"l";"Non";"Non"
2022;"20228";"2090001";"3";"l";"Non";"Non"
2022;"20228";"2090045";"0.24";"l";"Oui";"Non"
2022;"20228";"2090093";"20";"l";"Non";"Non"
2022;"20228";"2090119";"20";"l";"Non";"Non"
2022;"20228";"2090126";"60";"l";"Non";"Non"
2022;"20228";"2090127";"65";"l";"Non";"Non"
2022;"20228";"2100122";"1";"kg";"Non";"Non"
2022;"20228";"2100181";"36";"kg";"Non";"Non"
2022;"20228";"2110149";"0.5";"l";"Oui";"Non"
2022;"20228";"2130115";"24.6";"kg";"Non";"Non"
2022;"20228";"2130152";"3";"l";"Non";"Non"
2022;"20228";"2140090";"5";"l";"Non";"Non"
2022;"20228";"2150067";"30";"l";"Non";"Non"
2022;"20228";"2150387";"11";"l";"Non";"Non"
2022;"20228";"2160713";"3";"l";"Non";"Non"
2022;"20228";"2171119";"4";"kg";"Non";"Non"
2022;"20228";"2189996";"1";"l";"Non";"Non"
2022;"20228";"2190198";"40";"l";"Non";"Non"
2022;"20228";"2190730";"10";"l";"Non";"Non"
2022;"20228";"8500321";"10";"kg";"Non";"Non"
2022;"20228";"9000222";"220";"l";"Non";"Non"
2022;"20228";"9200235";"100";"l";"Non";"Non"
2022;"20228";"9300504";"220";"l";"Non";"Non"
2022;"20228";"9500147";"2.25";"kg";"Oui";"Non"
2022;"20228";"9500281";"54";"kg";"Oui";"Non"
2022;"20228";"9800420";"3";"l";"Non";"Non"
2022;"20228";"9900227";"65";"l";"Non";"Non"
2022;"20228";"9900257";"10";"kg";"Oui";"Non"
2022;"20229";"2000125";"1";"kg";"Oui";"Non"
2022;"20229";"2000510";"20";"kg";"Oui";"Non"
2022;"20229";"2030175";"0.04";"kg";"Oui";"Non"
2022;"20229";"2120018";"1.6";"l";"Non";"Non"
2022;"20229";"2160115";"1.8";"l";"Oui";"Non"
2022;"20229";"2170978";"0.5";"l";"Oui";"Non"
2022;"20229";"2190760";"1.1";"kg";"Oui";"Non"
2022;"20229";"9500281";"36";"kg";"Oui";"Non"
2022;"20229";"9500341";"0.35";"kg";"Oui";"Non"
2022;"20230";"1030003";"0.16";"l";"Oui";"Non"
2022;"20230";"2000018";"280";"kg";"Non";"Non"
2022;"20230";"2000044";"135";"l";"Non";"Non"
2022;"20230";"2000125";"1";"kg";"Oui";"Non"
2022;"20230";"2000128";"0.58";"kg";"Oui";"Non"
2022;"20230";"2000316";"11";"l";"Non";"Non"
2022;"20230";"2000327";"75";"l";"Non";"Non"
2022;"20230";"2000510";"420";"kg";"Oui";"Non"
2022;"20230";"2000517";"140";"l";"Non";"Non"
2022;"20230";"2010023";"476";"l";"Non";"Non"
2022;"20230";"2010130";"1114";"kg";"Non";"Non"
2022;"20230";"2010398";"16";"kg";"Non";"Non"
2022;"20230";"2010513";"277.5";"kg";"Non";"Non"
2022;"20230";"2020241";"1.5";"kg";"Non";"Non"
2022;"20230";"2030175";"0.12";"kg";"Oui";"Non"
2022;"20230";"2030337";"35";"l";"Non";"Non"
2022;"20230";"2050046";"63.0";"kg";"Non";"Non"
2022;"20230";"2060034";"275";"kg";"Non";"Non"
2022;"20230";"2060050";"7.31";"l";"Non";"Non"
2022;"20230";"2060084";"121";"kg";"Non";"Non"
2022;"20230";"2060085";"32";"l";"Non";"Non"
2022;"20230";"2060098";"48";"l";"Non";"Non"
2022;"20230";"2060113";"6";"l";"Non";"Non"
2022;"20230";"2060130";"347";"l";"Non";"Non"
2022;"20230";"2070107";"6";"l";"Non";"Non"
2022;"20230";"2070133";"125";"l";"Non";"Non"
2022;"20230";"2080060";"99";"l";"Non";"Non"
2022;"20230";"2080063";"460";"kg";"Non";"Non"
2022;"20230";"2090001";"28";"l";"Non";"Non"
2022;"20230";"2090019";"75";"l";"Non";"Non"
2022;"20230";"2090063";"4.8";"kg";"Non";"Non"
2022;"20230";"2090093";"700";"l";"Non";"Non"
2022;"20230";"2090119";"450";"l";"Non";"Non"
2022;"20230";"2090126";"18";"l";"Non";"Non"
2022;"20230";"2090127";"355";"l";"Non";"Non"
2022;"20230";"2090132";"7.47";"l";"Non";"Non"
2022;"20230";"2090137";"20";"kg";"Non";"Non"
2022;"20230";"2090146";"1.15";"l";"Oui";"Non"
2022;"20230";"2090188";"90";"l";"Non";"Non"
2022;"20230";"2090199";"2";"l";"Oui";"Non"
2022;"20230";"2100015";"16";"kg";"Non";"Non"
2022;"20230";"2100030";"5";"kg";"Non";"Non"
2022;"20230";"2100038";"2550";"kg";"Non";"Non"
2022;"20230";"2100041";"120";"l";"Non";"Non"
2022;"20230";"2100162";"5";"kg";"Non";"Non"
2022;"20230";"2100181";"84";"kg";"Non";"Non"
2022;"20230";"2100221";"200";"kg";"Non";"Non"
2022;"20230";"2100231";"838";"kg";"Non";"Non"
2022;"20230";"2110059";"115.19";"kg";"Non";"Non"
2022;"20230";"2110073";"17";"l";"Non";"Non"
2022;"20230";"2110086";"377";"l";"Non";"Non"
2022;"20230";"2110101";"61";"l";"Non";"Non"
2022;"20230";"2110149";"3.61";"l";"Oui";"Non"
2022;"20230";"2110150";"1.6";"l";"Oui";"Non"
2022;"20230";"2110179";"33";"kg";"Non";"Non"
2022;"20230";"2110180";"0.65";"kg";"Oui";"Non"
2022;"20230";"2110196";"0.1";"kg";"Oui";"Non"
2022;"20230";"2120018";"1.6";"l";"Non";"Non"
2022;"20230";"2120048";"8";"l";"Non";"Non"
2022;"20230";"2120074";"12";"l";"Non";"Non"
2022;"20230";"2120087";"1";"kg";"Non";"Non"
2022;"20230";"2120130";"47";"kg";"Non";"Non"
2022;"20230";"2120132";"200";"kg";"Non";"Non"
2022;"20230";"2120158";"340";"kg";"Non";"Non"
2022;"20230";"2120177";"1";"kg";"Non";"Non"
2022;"20230";"2120179";"516";"kg";"Non";"Non"
2022;"20230";"2130049";"110";"l";"Non";"Non"
2022;"20230";"2130067";"110";"l";"Non";"Non"
2022;"20230";"2130083";"104";"l";"Non";"Non"
2022;"20230";"2130112";"0.13";"kg";"Non";"Non"
2022;"20230";"2130115";"1400.4";"kg";"Non";"Non"
2022;"20230";"2130126";"12";"kg";"Oui";"Non"
2022;"20230";"2130152";"46";"l";"Non";"Non"
2022;"20230";"2130153";"3";"l";"Oui";"Non"
2022;"20230";"2130212";"200";"kg";"Non";"Non"
2022;"20230";"2140001";"0.1";"kg";"Non";"Non"
2022;"20230";"2140022";"190";"l";"Non";"Non"
2022;"20230";"2140084";"80";"l";"Non";"Non"
2022;"20230";"2140085";"388";"l";"Non";"Non"
2022;"20230";"2140106";"5.5";"l";"Oui";"Non"
2022;"20230";"2140147";"5";"l";"Non";"Non"
2022;"20230";"2140166";"15.75";"l";"Oui";"Non"
2022;"20230";"2140177";"44";"l";"Non";"Non"
2022;"20230";"2140252";"1.50";"kg";"Oui";"Non"
2022;"20230";"2150067";"24.16";"l";"Non";"Non"
2022;"20230";"2150140";"3340";"l";"Non";"Non"
2022;"20230";"2150387";"30";"l";"Non";"Non"
2022;"20230";"2150417";"2.5";"l";"Oui";"Non"
2022;"20230";"2150790";"3.6";"kg";"Oui";"Non"
2022;"20230";"2150914";"400";"kg";"Non";"Non"
2022;"20230";"2150969";"2.7";"kg";"Oui";"Non"
2022;"20230";"2160008";"3";"l";"Non";"Non"
2022;"20230";"2160115";"15";"l";"Oui";"Non"
2022;"20230";"2160383";"209.4";"kg";"Non";"Non"
2022;"20230";"2160409";"5";"kg";"Non";"Non"
2022;"20230";"2160527";"10";"l";"Non";"Non"
2022;"20230";"2160615";"0.4";"kg";"Oui";"Non"
2022;"20230";"2160694";"144";"kg";"Non";"Non"
2022;"20230";"2160713";"6";"l";"Non";"Non"
2022;"20230";"2160756";"185";"l";"Non";"Non"
2022;"20230";"2160962";"30";"l";"Non";"Non"
2022;"20230";"2160963";"1";"l";"Non";"Non"
2022;"20230";"2170085";"310";"l";"Non";"Non"
2022;"20230";"2170243";"1.2";"l";"Oui";"Non"
2022;"20230";"2170428";"1.5";"kg";"Non";"Non"
2022;"20230";"2170462";"25";"l";"Non";"Non"
2022;"20230";"2170547";"1";"kg";"Non";"Non"
2022;"20230";"2170685";"5";"l";"Oui";"Non"
2022;"20230";"2170691";"1";"l";"Non";"Non"
2022;"20230";"2170977";"0.75";"l";"Oui";"Non"
2022;"20230";"2170978";"0.8";"l";"Oui";"Non"
2022;"20230";"2171067";"1.5";"l";"Oui";"Non"
2022;"20230";"2171073";"2";"kg";"Non";"Non"
2022;"20230";"2171086";"40";"l";"Non";"Non"
2022;"20230";"2171119";"60";"kg";"Non";"Non"
2022;"20230";"2171200";"75";"kg";"Non";"Non"
2022;"20230";"2180319";"3.2";"l";"Oui";"Non"
2022;"20230";"2180380";"63";"l";"Non";"Non"
2022;"20230";"2180408";"2";"l";"Oui";"Non"
2022;"20230";"2180829";"70";"l";"Non";"Non"
2022;"20230";"2180888";"0.75";"l";"Oui";"Non"
2022;"20230";"2189993";"0.4";"kg";"Oui";"Non"
2022;"20230";"2189996";"205";"l";"Non";"Non"
2022;"20230";"2190054";"40";"l";"Non";"Non"
2022;"20230";"2190319";"16";"l";"Oui";"Non"
2022;"20230";"2190441";"3";"l";"Non";"Non"
2022;"20230";"2190499";"14.53";"l";"Non";"Non"
2022;"20230";"2190594";"5";"l";"Non";"Non"
2022;"20230";"2190730";"50";"l";"Non";"Non"
2022;"20230";"2190760";"1.7";"kg";"Oui";"Non"
2022;"20230";"2190808";"2.1";"l";"Oui";"Non"
2022;"20230";"2190811";"0.8";"l";"Oui";"Non"
2022;"20230";"2190893";"110";"kg";"Non";"Non"
2022;"20230";"2200059";"0.2";"l";"Oui";"Non"
2022;"20230";"2200526";"1.6";"l";"Oui";"Non"
2022;"20230";"5100219";"75";"kg";"Non";"Non"
2022;"20230";"7200313";"720";"l";"Non";"Non"
2022;"20230";"7400755";"40";"kg";"Non";"Non"
2022;"20230";"7600008";"56";"l";"Non";"Non"
2022;"20230";"8100236";"0.75";"kg";"Oui";"Non"
2022;"20230";"8400528";"55";"l";"Non";"Non"
2022;"20230";"8700111";"0.51";"kg";"Non";"Non"
2022;"20230";"8800841";"59.5";"l";"Non";"Non"
2022;"20230";"8900564";"10";"l";"Non";"Non"
2022;"20230";"8900685";"219";"kg";"Non";"Non"
2022;"20230";"9000222";"3410";"l";"Non";"Non"
2022;"20230";"9000490";"870";"l";"Non";"Non"
2022;"20230";"9100296";"215";"l";"Non";"Non"
2022;"20230";"9100525";"3";"kg";"Non";"Non"
2022;"20230";"9200235";"9820";"l";"Non";"Non"
2022;"20230";"9300108";"720";"kg";"Non";"Non"
2022;"20230";"9300186";"72";"kg";"Non";"Non"
2022;"20230";"9300504";"12760";"l";"Non";"Non"
2022;"20230";"9400012";"50";"l";"Non";"Non"
2022;"20230";"9400085";"5";"l";"Non";"Non"
2022;"20230";"9400280";"3";"kg";"Non";"Non"
2022;"20230";"9400485";"420";"l";"Non";"Non"
2022;"20230";"9500147";"24.9";"kg";"Oui";"Non"
2022;"20230";"9500281";"1242";"kg";"Oui";"Non"
2022;"20230";"9500568";"142";"kg";"Non";"Non"
2022;"20230";"9500595";"1";"l";"Non";"Non"
2022;"20230";"9500649";"732";"kg";"Non";"Non"
2022;"20230";"9600001";"84";"kg";"Non";"Non"
2022;"20230";"9600025";"204";"kg";"Non";"Non"
2022;"20230";"9600116";"670";"kg";"Non";"Non"
2022;"20230";"9600488";"0.6";"kg";"Oui";"Non"
2022;"20230";"9700070";"13";"kg";"Non";"Non"
2022;"20230";"9700332";"1";"l";"Non";"Non"
2022;"20230";"9800245";"20";"kg";"Non";"Non"
2022;"20230";"9800336";"177";"l";"Non";"Non"
2022;"20230";"9800420";"257";"l";"Non";"Non"
2022;"20230";"9800474";"330";"kg";"Non";"Non"
2022;"20230";"9800481";"1";"l";"Non";"Non"
2022;"20230";"9900227";"1435";"l";"Non";"Non"
2022;"20230";"9900257";"32.4";"kg";"Oui";"Non"
2022;"20231";"2000510";"20";"kg";"Oui";"Non"
2022;"20231";"2090199";"0.25";"l";"Oui";"Non"
2022;"20231";"2150417";"0.5";"l";"Oui";"Non"
2022;"20231";"8500351";"0.08";"kg";"Non";"Non"
2022;"20231";"9500281";"18";"kg";"Oui";"Non"
2022;"20232";"1030003";"0.04";"l";"Oui";"Non"
2022;"20232";"2000018";"265.36";"kg";"Non";"Non"
2022;"20232";"2000128";"0.58";"kg";"Oui";"Non"
2022;"20232";"2000510";"120";"kg";"Oui";"Non"
2022;"20232";"2000517";"55";"l";"Non";"Non"
2022;"20232";"2010023";"35";"l";"Non";"Non"
2022;"20232";"2010513";"16";"kg";"Non";"Non"
2022;"20232";"2020241";"3.5";"kg";"Non";"Non"
2022;"20232";"2030175";"0.02";"kg";"Oui";"Non"
2022;"20232";"2060034";"600";"kg";"Non";"Non"
2022;"20232";"2060050";"0.04";"l";"Non";"Non"
2022;"20232";"2060098";"3";"l";"Non";"Non"
2022;"20232";"2060130";"18";"l";"Non";"Non"
2022;"20232";"2070133";"15";"l";"Non";"Non"
2022;"20232";"2080038";"40";"l";"Non";"Non"
2022;"20232";"2090093";"0.21";"l";"Non";"Non"
2022;"20232";"2090119";"160";"l";"Non";"Non"
2022;"20232";"2090127";"25";"l";"Non";"Non"
2022;"20232";"2090132";"0.48";"l";"Non";"Non"
2022;"20232";"2100038";"1975";"kg";"Non";"Non"
2022;"20232";"2100181";"0.62";"kg";"Non";"Non"
2022;"20232";"2110059";"20.64";"kg";"Non";"Non"
2022;"20232";"2110147";"0.21";"kg";"Non";"Non"
2022;"20232";"2110149";"1.21";"l";"Oui";"Non"
2022;"20232";"2110150";"1.45";"l";"Oui";"Non"
2022;"20232";"2110173";"1.04";"kg";"Non";"Non"
2022;"20232";"2110196";"0.3";"kg";"Oui";"Non"
2022;"20232";"2130049";"0.11";"l";"Non";"Non"
2022;"20232";"2130152";"0.04";"l";"Non";"Non"
2022;"20232";"2130212";"30";"kg";"Non";"Non"
2022;"20232";"2140022";"50";"l";"Non";"Non"
2022;"20232";"2140084";"80";"l";"Non";"Non"
2022;"20232";"2140147";"1";"l";"Non";"Non"
2022;"20232";"2140166";"2.5";"l";"Oui";"Non"
2022;"20232";"2140215";"102.7";"kg";"Non";"Non"
2022;"20232";"2140270";"0.4";"l";"Non";"Non"
2022;"20232";"2150067";"0.43";"l";"Non";"Non"
2022;"20232";"2150074";"0.12";"l";"Non";"Non"
2022;"20232";"2150140";"60";"l";"Non";"Non"
2022;"20232";"2150417";"0.5";"l";"Oui";"Non"
2022;"20232";"2160115";"5.9";"l";"Oui";"Non"
2022;"20232";"2170243";"2.6";"l";"Oui";"Non"
2022;"20232";"2170501";"0.15";"kg";"Non";"Non"
2022;"20232";"2170977";"0.75";"l";"Oui";"Non"
2022;"20232";"2170978";"1";"l";"Oui";"Non"
2022;"20232";"2171200";"25";"kg";"Non";"Non"
2022;"20232";"2180380";"0.04";"l";"Non";"Non"
2022;"20232";"2180408";"1";"l";"Oui";"Non"
2022;"20232";"2180651";"0.75";"kg";"Non";"Non"
2022;"20232";"2180858";"0.08";"kg";"Oui";"Non"
2022;"20232";"2180888";"0.75";"l";"Oui";"Non"
2022;"20232";"2190054";"90";"l";"Non";"Non"
2022;"20232";"2190198";"280";"l";"Non";"Non"
2022;"20232";"2190319";"6";"l";"Oui";"Non"
2022;"20232";"2190346";"0.06";"kg";"Oui";"Non"
2022;"20232";"2190594";"2";"l";"Non";"Non"
2022;"20232";"2190760";"1.1";"kg";"Oui";"Non"
2022;"20232";"2200059";"0.2";"l";"Oui";"Non"
2022;"20232";"2200526";"4";"l";"Oui";"Non"
2022;"20232";"5100219";"2500";"kg";"Non";"Non"
2022;"20232";"8100236";"1.5";"kg";"Oui";"Non"
2022;"20232";"8400528";"5";"l";"Non";"Non"
2022;"20232";"8700107";"0.62";"kg";"Non";"Non"
2022;"20232";"9000222";"2890.62";"l";"Non";"Non"
2022;"20232";"9000277";"20";"kg";"Non";"Non"
2022;"20232";"9300504";"20";"l";"Non";"Non"
2022;"20232";"9500147";"0.75";"kg";"Oui";"Non"
2022;"20232";"9500281";"360";"kg";"Oui";"Non"
2022;"20232";"9500649";"0.82";"kg";"Non";"Non"
2022;"20232";"9700070";"0.01";"kg";"Non";"Non"
2022;"20232";"9800336";"5";"l";"Non";"Non"
2022;"20232";"9800474";"120";"kg";"Non";"Non"
2022;"20232";"9800481";"1";"l";"Non";"Non"
2022;"20232";"9900227";"425";"l";"Non";"Non"
2022;"20232";"9900257";"13.8";"kg";"Oui";"Non"
2022;"20233";"1030003";"0.04";"l";"Oui";"Non"
2022;"20233";"2000510";"20";"kg";"Oui";"Non"
2022;"20233";"2010023";"2";"l";"Non";"Non"
2022;"20233";"2090188";"10";"l";"Non";"Non"
2022;"20233";"2140167";"1";"l";"Oui";"Non"
2022;"20233";"2150140";"20";"l";"Non";"Non"
2022;"20233";"8900685";"2";"kg";"Non";"Non"
2022;"20233";"9500281";"36";"kg";"Oui";"Non"
2022;"20233";"9500568";"2";"kg";"Non";"Non"
2022;"20233";"9800336";"2";"l";"Non";"Non"
2022;"20233";"9900257";"1";"kg";"Oui";"Non"
2022;"20234";"1030003";"0.04";"l";"Oui";"Non"
2022;"20234";"2090146";"0.75";"l";"Oui";"Non"
2022;"20234";"2130115";"10";"kg";"Non";"Non"
2022;"20234";"2140255";"10";"l";"Non";"Non"
2022;"20234";"2150417";"0.5";"l";"Oui";"Non"
2022;"20234";"2150790";"1.2";"kg";"Oui";"Non"
2022;"20234";"2160615";"1.5";"kg";"Oui";"Non"
2022;"20234";"2180319";"2.4";"l";"Oui";"Non"
2022;"20234";"2190760";"0.6";"kg";"Oui";"Non"
2022;"20234";"9500341";"0.35";"kg";"Oui";"Non"
2022;"20235";"1030003";"0.04";"l";"Oui";"Non"
2022;"20235";"2000125";"0.5";"kg";"Oui";"Non"
2022;"20235";"2000510";"60";"kg";"Oui";"Non"
2022;"20235";"2000517";"5";"l";"Non";"Non"
2022;"20235";"2010023";"2";"l";"Non";"Non"
2022;"20235";"2030175";"0.02";"kg";"Oui";"Non"
2022;"20235";"2110149";"2.56";"l";"Oui";"Non"
2022;"20235";"2110180";"0.1";"kg";"Oui";"Non"
2022;"20235";"2130112";"0.06";"kg";"Non";"Non"
2022;"20235";"2130152";"1";"l";"Non";"Non"
2022;"20235";"2140085";"5";"l";"Non";"Non"
2022;"20235";"2140177";"1";"l";"Non";"Non"
2022;"20235";"2150140";"40";"l";"Non";"Non"
2022;"20235";"2170085";"10";"l";"Non";"Non"
2022;"20235";"2189993";"1.2";"kg";"Oui";"Non"
2022;"20235";"2190893";"10";"kg";"Non";"Non"
2022;"20235";"2200059";"0.1";"l";"Oui";"Non"
2022;"20235";"2200526";"0.25";"l";"Oui";"Non"
2022;"20235";"5100219";"50";"kg";"Non";"Non"
2022;"20235";"8700111";"0.15";"kg";"Non";"Non"
2022;"20235";"9000222";"10";"l";"Non";"Non"
2022;"20235";"9300504";"20";"l";"Non";"Non"
2022;"20235";"9500147";"0.75";"kg";"Oui";"Non"
2022;"20235";"9500281";"450";"kg";"Oui";"Non"
2022;"20235";"9500341";"1.1";"kg";"Oui";"Non"
2022;"20235";"9900257";"2.8";"kg";"Oui";"Non"
2022;"20236";"2090146";"0.75";"l";"Oui";"Non"
2022;"20236";"2110150";"0.4";"l";"Oui";"Non"
2022;"20236";"2120018";"0.8";"l";"Non";"Non"
2022;"20236";"2160115";"0.9";"l";"Oui";"Non"
2022;"20236";"5100219";"50";"kg";"Non";"Non"
2022;"20236";"8100236";"0.75";"kg";"Oui";"Non"
2022;"20236";"9500147";"0.75";"kg";"Oui";"Non"
2022;"20237";"2100038";"50";"kg";"Non";"Non"
2022;"20237";"2130112";"0.1";"kg";"Non";"Non"
2022;"20237";"2140167";"2.5";"l";"Oui";"Non"
2022;"20237";"2171067";"0.75";"l";"Oui";"Non"
2022;"20237";"2190808";"0.7";"l";"Oui";"Non"
2022;"20237";"9300504";"20";"l";"Non";"Non"
2022;"20237";"9500147";"0.4";"kg";"Oui";"Non"
2022;"20237";"9500281";"18";"kg";"Oui";"Non"
2022;"20237";"9500341";"0.75";"kg";"Oui";"Non"
2022;"20237";"9900257";"1.8";"kg";"Oui";"Non"
2022;"20238";"2010023";"9";"l";"Non";"Non"
2022;"20238";"2090188";"10";"l";"Non";"Non"
2022;"20238";"2150790";"1.2";"kg";"Oui";"Non"
2022;"20238";"9000222";"60";"l";"Non";"Non"
2022;"20238";"9800474";"45";"kg";"Non";"Non"
2022;"20238";"9800481";"2";"l";"Non";"Non"
2022;"20239";"2150140";"20";"l";"Non";"Non"
2022;"20239";"2170243";"0.8";"l";"Oui";"Non"
2022;"20239";"2170978";"0.2";"l";"Oui";"Non"
2022;"20239";"8500351";"0.05";"kg";"Non";"Non"
2022;"20239";"9500281";"54";"kg";"Oui";"Non"
2022;"20239";"9500341";"0.35";"kg";"Oui";"Non"
2022;"20239";"9600025";"6";"kg";"Non";"Non"
2022;"20239";"9800336";"2";"l";"Non";"Non"
2022;"20239";"9800474";"75";"kg";"Non";"Non"
2022;"20239";"9900257";"5";"kg";"Oui";"Non"
2022;"20240";"1030003";"0.56";"l";"Oui";"Non"
2022;"20240";"2000018";"140";"kg";"Non";"Non"
2022;"20240";"2000044";"555";"l";"Non";"Oui"
2022;"20240";"2000125";"8.5";"kg";"Oui";"Non"
2022;"20240";"2000128";"1.15";"kg";"Oui";"Non"
2022;"20240";"2000316";"92";"l";"Non";"Non"
2022;"20240";"2000327";"105";"l";"Non";"Non"
2022;"20240";"2000336";"245";"kg";"Non";"Non"
2022;"20240";"2000517";"195";"l";"Non";"Non"
2022;"20240";"2010023";"878";"l";"Non";"Non"
2022;"20240";"2010130";"146";"kg";"Non";"Non"
2022;"20240";"2010321";"1";"l";"Oui";"Non"
2022;"20240";"2010398";"760";"kg";"Non";"Non"
2022;"20240";"2010513";"223";"kg";"Non";"Non"
2022;"20240";"2020241";"8.5";"kg";"Non";"Non"
2022;"20240";"2030175";"0.21";"kg";"Oui";"Non"
2022;"20240";"2030337";"115";"l";"Non";"Non"
2022;"20240";"2050046";"5.5";"kg";"Non";"Non"
2022;"20240";"2060050";"177";"l";"Non";"Non"
2022;"20240";"2060084";"59";"kg";"Non";"Non"
2022;"20240";"2060085";"4";"l";"Non";"Non"
2022;"20240";"2060098";"19.5";"l";"Non";"Non"
2022;"20240";"2060113";"0.25";"l";"Non";"Non"
2022;"20240";"2060119";"4";"kg";"Non";"Non"
2022;"20240";"2060130";"516";"l";"Non";"Non"
2022;"20240";"2060172";"145";"l";"Non";"Non"
2022;"20240";"2070133";"735";"l";"Non";"Non"
2022;"20240";"2080029";"0.4";"l";"Non";"Non"
2022;"20240";"2080038";"130";"l";"Non";"Non"
2022;"20240";"2080060";"242";"l";"Non";"Non"
2022;"20240";"2080063";"820";"kg";"Non";"Non"
2022;"20240";"2090001";"200";"l";"Non";"Non"
2022;"20240";"2090016";"30";"l";"Non";"Non"
2022;"20240";"2090050";"384";"kg";"Non";"Non"
2022;"20240";"2090063";"1.6";"kg";"Non";"Non"
2022;"20240";"2090080";"5";"l";"Non";"Non"
2022;"20240";"2090101";"5";"l";"Non";"Non"
2022;"20240";"2090119";"1750";"l";"Non";"Non"
2022;"20240";"2090126";"540";"l";"Non";"Non"
2022;"20240";"2090127";"1430";"l";"Non";"Oui"
2022;"20240";"2090132";"1128";"l";"Non";"Non"
2022;"20240";"2090137";"60";"kg";"Non";"Non"
2022;"20240";"2090146";"7.85";"l";"Oui";"Non"
2022;"20240";"2090188";"3340";"l";"Non";"Non"
2022;"20240";"2090199";"3.5";"l";"Oui";"Non"
2022;"20240";"2100038";"2325";"kg";"Non";"Non"
2022;"20240";"2100060";"488";"l";"Non";"Non"
2022;"20240";"2100111";"15";"l";"Non";"Non"
2022;"20240";"2100181";"2412";"kg";"Non";"Non"
2022;"20240";"2100186";"500";"l";"Non";"Oui"
2022;"20240";"2100221";"495";"kg";"Non";"Non"
2022;"20240";"2100231";"1965";"kg";"Non";"Non"
2022;"20240";"2110059";"30";"kg";"Non";"Non"
2022;"20240";"2110073";"250";"l";"Non";"Non"
2022;"20240";"2110086";"553";"l";"Non";"Non"
2022;"20240";"2110095";"20";"l";"Non";"Non"
2022;"20240";"2110101";"980";"l";"Non";"Non"
2022;"20240";"2110115";"50";"l";"Non";"Oui"
2022;"20240";"2110141";"10";"l";"Non";"Non"
2022;"20240";"2110149";"20.8";"l";"Oui";"Non"
2022;"20240";"2110150";"5.90";"l";"Oui";"Non"
2022;"20240";"2110180";"1.39";"kg";"Oui";"Non"
2022;"20240";"2120018";"0.8";"l";"Non";"Non"
2022;"20240";"2120048";"4";"l";"Non";"Non"
2022;"20240";"2120132";"480";"kg";"Non";"Non"
2022;"20240";"2120158";"9580";"kg";"Non";"Non"
2022;"20240";"2130049";"586";"l";"Non";"Non"
2022;"20240";"2130059";"35";"l";"Non";"Non"
2022;"20240";"2130067";"5";"l";"Non";"Non"
2022;"20240";"2130083";"66";"l";"Non";"Oui"
2022;"20240";"2130092";"1";"l";"Non";"Non"
2022;"20240";"2130115";"777.9";"kg";"Non";"Non"
2022;"20240";"2130151";"0.08";"kg";"Oui";"Non"
2022;"20240";"2130152";"196";"l";"Non";"Non"
2022;"20240";"2130212";"20";"kg";"Non";"Non"
2022;"20240";"2140001";"3.3";"kg";"Non";"Non"
2022;"20240";"2140022";"250";"l";"Non";"Non"
2022;"20240";"2140035";"50";"l";"Non";"Oui"
2022;"20240";"2140084";"160";"l";"Non";"Non"
2022;"20240";"2140085";"902";"l";"Non";"Oui"
2022;"20240";"2140127";"183";"kg";"Non";"Non"
2022;"20240";"2140133";"50";"kg";"Non";"Non"
2022;"20240";"2140166";"1";"l";"Oui";"Non"
2022;"20240";"2140177";"60";"l";"Non";"Non"
2022;"20240";"2140215";"116.9";"kg";"Non";"Non"
2022;"20240";"2140252";"11.8";"kg";"Oui";"Non"
2022;"20240";"2140255";"80";"l";"Non";"Non"
2022;"20240";"2140270";"366";"l";"Non";"Non"
2022;"20240";"2150067";"2000";"l";"Non";"Non"
2022;"20240";"2150140";"3740";"l";"Non";"Non"
2022;"20240";"2150387";"804";"l";"Non";"Non"
2022;"20240";"2150417";"1.6";"l";"Oui";"Non"
2022;"20240";"2150790";"1.2";"kg";"Oui";"Non"
2022;"20240";"2150914";"1420";"kg";"Non";"Non"
2022;"20240";"2160114";"10";"l";"Non";"Non"
2022;"20240";"2160115";"26.2";"l";"Oui";"Non"
2022;"20240";"2160383";"133.8";"kg";"Non";"Non"
2022;"20240";"2160395";"85";"l";"Non";"Non"
2022;"20240";"2160527";"10";"l";"Non";"Non"
2022;"20240";"2160615";"1.6";"kg";"Oui";"Non"
2022;"20240";"2160694";"6";"kg";"Non";"Non"
2022;"20240";"2160713";"273";"l";"Non";"Non"
2022;"20240";"2160963";"71";"l";"Non";"Non"
2022;"20240";"2170085";"830";"l";"Non";"Non"
2022;"20240";"2170243";"8.62";"l";"Oui";"Non"
2022;"20240";"2170335";"880";"l";"Non";"Non"
2022;"20240";"2170428";"12.5";"kg";"Non";"Non"
2022;"20240";"2170462";"225";"l";"Non";"Non"
2022;"20240";"2170547";"2";"kg";"Non";"Non"
2022;"20240";"2170654";"30";"kg";"Non";"Non"
2022;"20240";"2170691";"20";"l";"Non";"Non"
2022;"20240";"2170977";"3";"l";"Oui";"Non"
2022;"20240";"2170978";"2.6";"l";"Oui";"Non"
2022;"20240";"2171067";"2.25";"l";"Oui";"Non"
2022;"20240";"2171073";"22.4";"kg";"Non";"Non"
2022;"20240";"2171086";"187";"l";"Non";"Non"
2022;"20240";"2171119";"492";"kg";"Non";"Non"
2022;"20240";"2171140";"50";"kg";"Non";"Non"
2022;"20240";"2171200";"325";"kg";"Non";"Non"
2022;"20240";"2180319";"0.8";"l";"Oui";"Non"
2022;"20240";"2180380";"147.6";"l";"Non";"Non"
2022;"20240";"2180670";"180";"kg";"Non";"Non"
2022;"20240";"2180690";"700";"l";"Non";"Oui"
2022;"20240";"2180858";"0.16";"kg";"Oui";"Non"
2022;"20240";"2180888";"0.75";"l";"Oui";"Non"
2022;"20240";"2189993";"1.6";"kg";"Oui";"Non"
2022;"20240";"2189996";"112";"l";"Non";"Non"
2022;"20240";"2190054";"160";"l";"Non";"Non"
2022;"20240";"2190088";"0.26";"l";"Oui";"Non"
2022;"20240";"2190198";"650";"l";"Non";"Non"
2022;"20240";"2190319";"5";"l";"Oui";"Non"
2022;"20240";"2190594";"12";"l";"Non";"Non"
2022;"20240";"2190730";"110";"l";"Non";"Non"
2022;"20240";"2190760";"17.8";"kg";"Oui";"Non"
2022;"20240";"2190893";"40";"kg";"Non";"Non"
2022;"20240";"2200059";"1";"l";"Oui";"Non"
2022;"20240";"2200526";"0.28";"l";"Oui";"Non"
2022;"20240";"5100219";"3175";"kg";"Non";"Non"
2022;"20240";"7200313";"530";"l";"Non";"Non"
2022;"20240";"8400528";"635";"l";"Non";"Non"
2022;"20240";"8400574";"170";"l";"Non";"Non"
2022;"20240";"8700111";"3.96";"kg";"Non";"Non"
2022;"20240";"8800841";"100";"l";"Non";"Non"
2022;"20240";"8900564";"290";"l";"Non";"Non"
2022;"20240";"9000222";"7130";"l";"Non";"Non"
2022;"20240";"9000490";"2400";"l";"Non";"Non"
2022;"20240";"9100296";"420";"l";"Non";"Non"
2022;"20240";"9100525";"3";"kg";"Non";"Non"
2022;"20240";"9200235";"16500";"l";"Non";"Non"
2022;"20240";"9300032";"40";"l";"Non";"Non"
2022;"20240";"9300143";"340";"kg";"Non";"Non"
2022;"20240";"9300186";"32";"kg";"Non";"Non"
2022;"20240";"9300504";"13100";"l";"Non";"Non"
2022;"20240";"9400012";"75";"l";"Non";"Non"
2022;"20240";"9400085";"150";"l";"Non";"Non"
2022;"20240";"9400280";"204";"kg";"Non";"Non"
2022;"20240";"9400485";"670";"l";"Non";"Non"
2022;"20240";"9500147";"9";"kg";"Oui";"Non"
2022;"20240";"9500595";"13";"l";"Non";"Non"
2022;"20240";"9500649";"120";"kg";"Non";"Non"
2022;"20240";"9600001";"342";"kg";"Non";"Non"
2022;"20240";"9600025";"6";"kg";"Non";"Non"
2022;"20240";"9600229";"15";"l";"Non";"Non"
2022;"20240";"9600395";"40";"kg";"Non";"Non"
2022;"20240";"9600512";"444";"kg";"Non";"Non"
2022;"20240";"9700070";"2";"kg";"Non";"Non"
2022;"20240";"9700214";"1.8";"kg";"Non";"Non"
2022;"20240";"9700332";"2";"l";"Non";"Non"
2022;"20240";"9800304";"110";"l";"Non";"Non"
2022;"20240";"9800336";"150.8";"l";"Non";"Non"
2022;"20240";"9800420";"851";"l";"Non";"Non"
2022;"20240";"9800474";"90";"kg";"Non";"Non"
2022;"20240";"9800481";"2";"l";"Non";"Non"
2022;"20240";"9800484";"35";"l";"Non";"Non"
2022;"20240";"9900227";"1920";"l";"Non";"Non"
2022;"20240";"9900257";"35";"kg";"Oui";"Non"
2022;"20242";"1030003";"0.12";"l";"Oui";"Non"
2022;"20242";"2000510";"20";"kg";"Oui";"Non"
2022;"20242";"2110180";"0.2";"kg";"Oui";"Non"
2022;"20242";"2120018";"1.6";"l";"Non";"Non"
2022;"20242";"2130151";"0.08";"kg";"Oui";"Non"
2022;"20242";"2140252";"0.4";"kg";"Oui";"Non"
2022;"20242";"2160115";"0.9";"l";"Oui";"Non"
2022;"20242";"2170978";"0.2";"l";"Oui";"Non"
2022;"20242";"2200059";"0.1";"l";"Oui";"Non"
2022;"20242";"9500281";"18";"kg";"Oui";"Non"
2022;"20242";"9800481";"1";"l";"Non";"Non"
2022;"20242";"9900257";"1";"kg";"Oui";"Non"
2022;"20243";"1030003";"0.44";"l";"Oui";"Non"
2022;"20243";"2000044";"90";"l";"Non";"Non"
2022;"20243";"2000125";"6";"kg";"Oui";"Non"
2022;"20243";"2000128";"0.19";"kg";"Oui";"Non"
2022;"20243";"2000316";"2";"l";"Non";"Non"
2022;"20243";"2010023";"22";"l";"Non";"Non"
2022;"20243";"2010513";"25";"kg";"Non";"Non"
2022;"20243";"2030175";"0.29";"kg";"Oui";"Non"
2022;"20243";"2030337";"15";"l";"Non";"Non"
2022;"20243";"2060034";"12.5";"kg";"Non";"Non"
2022;"20243";"2060050";"5";"l";"Non";"Non"
2022;"20243";"2060098";"2";"l";"Non";"Non"
2022;"20243";"2060130";"89";"l";"Non";"Non"
2022;"20243";"2060172";"13";"l";"Non";"Non"
2022;"20243";"2070133";"105";"l";"Non";"Non"
2022;"20243";"2080060";"40";"l";"Non";"Non"
2022;"20243";"2090001";"8";"l";"Non";"Non"
2022;"20243";"2090050";"588";"kg";"Non";"Non"
2022;"20243";"2090119";"170";"l";"Non";"Non"
2022;"20243";"2090126";"120";"l";"Non";"Non"
2022;"20243";"2090127";"80";"l";"Non";"Non"
2022;"20243";"2090132";"90";"l";"Non";"Non"
2022;"20243";"2090146";"5.25";"l";"Oui";"Non"
2022;"20243";"2090188";"120";"l";"Non";"Non"
2022;"20243";"2090199";"1.75";"l";"Oui";"Non"
2022;"20243";"2100060";"16";"l";"Non";"Non"
2022;"20243";"2100111";"95";"l";"Non";"Non"
2022;"20243";"2100181";"96";"kg";"Non";"Non"
2022;"20243";"2100231";"60";"kg";"Non";"Non"
2022;"20243";"2110073";"6";"l";"Non";"Non"
2022;"20243";"2110086";"38";"l";"Non";"Non"
2022;"20243";"2110101";"69";"l";"Non";"Non"
2022;"20243";"2110149";"8";"l";"Oui";"Non"
2022;"20243";"2110150";"6.65";"l";"Oui";"Non"
2022;"20243";"2110180";"0.96";"kg";"Oui";"Non"
2022;"20243";"2110196";"0.1";"kg";"Oui";"Non"
2022;"20243";"2120018";"0.8";"l";"Non";"Non"
2022;"20243";"2120048";"6";"l";"Non";"Non"
2022;"20243";"2130049";"23";"l";"Non";"Non"
2022;"20243";"2130059";"5";"l";"Non";"Non"
2022;"20243";"2130115";"16.2";"kg";"Non";"Non"
2022;"20243";"2130151";"0.08";"kg";"Oui";"Non"
2022;"20243";"2130152";"6";"l";"Non";"Non"
2022;"20243";"2140001";"0.7";"kg";"Non";"Non"
2022;"20243";"2140022";"60";"l";"Non";"Non"
2022;"20243";"2140085";"21";"l";"Non";"Non"
2022;"20243";"2140127";"5";"kg";"Non";"Non"
2022;"20243";"2140166";"2.75";"l";"Oui";"Non"
2022;"20243";"2140193";"1";"l";"Oui";"Non"
2022;"20243";"2140252";"11";"kg";"Oui";"Non"
2022;"20243";"2140270";"12";"l";"Non";"Non"
2022;"20243";"2150067";"110";"l";"Non";"Non"
2022;"20243";"2150140";"280";"l";"Non";"Non"
2022;"20243";"2150387";"25";"l";"Non";"Non"
2022;"20243";"2150417";"1.5";"l";"Oui";"Non"
2022;"20243";"2150790";"2.4";"kg";"Oui";"Non"
2022;"20243";"2150914";"160";"kg";"Non";"Non"
2022;"20243";"2160115";"19.9";"l";"Oui";"Non"
2022;"20243";"2160383";"1.6";"kg";"Non";"Non"
2022;"20243";"2160615";"3.4";"kg";"Oui";"Non"
2022;"20243";"2160713";"12";"l";"Non";"Non"
2022;"20243";"2170243";"5.38";"l";"Oui";"Non"
2022;"20243";"2170335";"25";"l";"Non";"Non"
2022;"20243";"2170977";"2.25";"l";"Oui";"Non"
2022;"20243";"2170978";"4";"l";"Oui";"Non"
2022;"20243";"2171067";"0.75";"l";"Oui";"Non"
2022;"20243";"2171073";"0.8";"kg";"Non";"Non"
2022;"20243";"2171086";"2";"l";"Non";"Non"
2022;"20243";"2171119";"16";"kg";"Non";"Non"
2022;"20243";"2180124";"10.45";"l";"Non";"Non"
2022;"20243";"2180275";"0.03";"kg";"Oui";"Non"
2022;"20243";"2180319";"5.6";"l";"Oui";"Non"
2022;"20243";"2180380";"1.6";"l";"Non";"Non"
2022;"20243";"2189993";"0.4";"kg";"Oui";"Non"
2022;"20243";"2189996";"7";"l";"Non";"Non"
2022;"20243";"2190088";"0.26";"l";"Oui";"Non"
2022;"20243";"2190319";"15";"l";"Oui";"Non"
2022;"20243";"2190441";"2";"l";"Non";"Non"
2022;"20243";"2190594";"4";"l";"Non";"Non"
2022;"20243";"2190760";"7.8";"kg";"Oui";"Non"
2022;"20243";"2190808";"1.4";"l";"Oui";"Non"
2022;"20243";"2200059";"1.6";"l";"Oui";"Non"
2022;"20243";"5100219";"25";"kg";"Non";"Non"
2022;"20243";"7200313";"45";"l";"Non";"Non"
2022;"20243";"7700216";"20";"l";"Non";"Non"
2022;"20243";"8400528";"85";"l";"Non";"Non"
2022;"20243";"8700111";"1.44";"kg";"Non";"Non"
2022;"20243";"8900564";"10";"l";"Non";"Non"
2022;"20243";"9000222";"280";"l";"Non";"Non"
2022;"20243";"9000490";"55";"l";"Non";"Non"
2022;"20243";"9100296";"80";"l";"Non";"Non"
2022;"20243";"9200235";"1100";"l";"Non";"Non"
2022;"20243";"9300143";"10";"kg";"Non";"Non"
2022;"20243";"9300504";"740";"l";"Non";"Non"
2022;"20243";"9500147";"6.45";"kg";"Oui";"Non"
2022;"20243";"9500281";"18";"kg";"Oui";"Non"
2022;"20243";"9600512";"24";"kg";"Non";"Non"
2022;"20243";"9800336";"6";"l";"Non";"Non"
2022;"20243";"9800420";"35";"l";"Non";"Non"
2022;"20243";"9800474";"30";"kg";"Non";"Non"
2022;"20243";"9800481";"6";"l";"Non";"Non"
2022;"20243";"9900227";"100";"l";"Non";"Non"
2022;"20243";"9900257";"24";"kg";"Oui";"Non"
2022;"20244";"1030003";"0.04";"l";"Oui";"Non"
2022;"20244";"2110150";"0.25";"l";"Oui";"Non"
2022;"20244";"8700111";"0.15";"kg";"Non";"Non"
2022;"20244";"9500281";"18";"kg";"Oui";"Non"
2022;"20244";"9500341";"0.35";"kg";"Oui";"Non"
2022;"20244";"9800481";"1";"l";"Non";"Non"
2022;"20245";"2010513";"0.5";"kg";"Non";"Non"
2022;"20245";"2020241";"0.5";"kg";"Non";"Non"
2022;"20245";"2090127";"5";"l";"Non";"Non"
2022;"20245";"8700111";"0.36";"kg";"Non";"Non"
2022;"20246";"1030003";"0.04";"l";"Oui";"Non"
2022;"20246";"2000044";"5";"l";"Non";"Non"
2022;"20246";"2000125";"0.5";"kg";"Oui";"Non"
2022;"20246";"2000510";"60";"kg";"Oui";"Non"
2022;"20246";"2000517";"20";"l";"Non";"Non"
2022;"20246";"2010130";"60";"kg";"Non";"Non"
2022;"20246";"2010513";"10";"kg";"Non";"Non"
2022;"20246";"2080060";"6";"l";"Non";"Non"
2022;"20246";"2100038";"25";"kg";"Non";"Non"
2022;"20246";"2100231";"10";"kg";"Non";"Non"
2022;"20246";"2110149";"0.5";"l";"Oui";"Non"
2022;"20246";"2110150";"0.25";"l";"Oui";"Non"
2022;"20246";"2120048";"4";"l";"Non";"Non"
2022;"20246";"2130083";"12";"l";"Non";"Non"
2022;"20246";"2140085";"5";"l";"Non";"Non"
2022;"20246";"2150140";"220";"l";"Non";"Non"
2022;"20246";"2150790";"0.45";"kg";"Oui";"Non"
2022;"20246";"2171067";"0.75";"l";"Oui";"Non"
2022;"20246";"2190198";"150";"l";"Non";"Non"
2022;"20246";"5100219";"2000";"kg";"Non";"Non"
2022;"20246";"8700111";"0.36";"kg";"Non";"Non"
2022;"20246";"8900685";"1";"kg";"Non";"Non"
2022;"20246";"9000222";"150";"l";"Non";"Non"
2022;"20246";"9000490";"40";"l";"Non";"Non"
2022;"20246";"9100296";"50";"l";"Non";"Non"
2022;"20246";"9500281";"90";"kg";"Oui";"Non"
2022;"20246";"9800336";"4";"l";"Non";"Non"
2022;"20246";"9800474";"15";"kg";"Non";"Non"
2022;"20246";"9900227";"60";"l";"Non";"Non"
2022;"20246";"9900257";"10";"kg";"Oui";"Non"
2022;"20250";"1030003";"0.04";"l";"Oui";"Non"
2022;"20250";"2000018";"20";"kg";"Non";"Non"
2022;"20250";"2000125";"0.5";"kg";"Oui";"Non"
2022;"20250";"2000510";"80";"kg";"Oui";"Non"
2022;"20250";"2060084";"10";"kg";"Non";"Non"
2022;"20250";"2110086";"10";"l";"Non";"Non"
2022;"20250";"2110149";"1.85";"l";"Oui";"Non"
2022;"20250";"2110150";"1.2";"l";"Oui";"Non"
2022;"20250";"2110180";"0.1";"kg";"Oui";"Non"
2022;"20250";"2120018";"0.8";"l";"Non";"Non"
2022;"20250";"2140001";"0.3";"kg";"Non";"Non"
2022;"20250";"2140085";"5";"l";"Non";"Non"
2022;"20250";"2150417";"0.5";"l";"Oui";"Non"
2022;"20250";"2170243";"1.6";"l";"Oui";"Non"
2022;"20250";"2171086";"5";"l";"Non";"Non"
2022;"20250";"2180256";"3.2";"kg";"Oui";"Non"
2022;"20250";"2180858";"0.08";"kg";"Oui";"Non"
2022;"20250";"2190198";"100";"l";"Non";"Non"
2022;"20250";"2190319";"1";"l";"Oui";"Non"
2022;"20250";"2190808";"0.7";"l";"Oui";"Non"
2022;"20250";"8500351";"0.08";"kg";"Non";"Non"
2022;"20250";"9300186";"7";"kg";"Non";"Non"
2022;"20250";"9500147";"1.15";"kg";"Oui";"Non"
2022;"20250";"9500281";"144";"kg";"Oui";"Non"
2022;"20250";"9800336";"20";"l";"Non";"Non"
2022;"20250";"9800474";"30";"kg";"Non";"Non"
2022;"20250";"9800481";"2";"l";"Non";"Non"
2022;"20250";"9900227";"30";"l";"Non";"Non"
2022;"20250";"9900257";"1.6";"kg";"Oui";"Non"
2022;"20251";"2090199";"0.25";"l";"Oui";"Non"
2022;"20251";"9500147";"0.75";"kg";"Oui";"Non"
2022;"20251";"9500281";"36";"kg";"Oui";"Non"
2022;"20252";"2000510";"20";"kg";"Oui";"Non"
2022;"20252";"2189993";"0.4";"kg";"Oui";"Non"
2022;"20252";"2190808";"0.7";"l";"Oui";"Non"
2022;"20252";"9500281";"18";"kg";"Oui";"Non"
2022;"20252";"9900257";"1";"kg";"Oui";"Non"
2022;"20253";"1030003";"0.04";"l";"Oui";"Non"
2022;"20253";"2000018";"940";"kg";"Non";"Non"
2022;"20253";"2000510";"40";"kg";"Oui";"Non"
2022;"20253";"2010023";"10";"l";"Non";"Non"
2022;"20253";"2010513";"91";"kg";"Non";"Non"
2022;"20253";"2080038";"145";"l";"Non";"Non"
2022;"20253";"2080063";"60";"kg";"Non";"Non"
2022;"20253";"2090127";"175";"l";"Non";"Non"
2022;"20253";"2090188";"10";"l";"Non";"Non"
2022;"20253";"2100038";"175";"kg";"Non";"Non"
2022;"20253";"2110059";"635";"kg";"Non";"Non"
2022;"20253";"2110149";"1.76";"l";"Oui";"Non"
2022;"20253";"2140215";"75.6";"kg";"Non";"Non"
2022;"20253";"2160694";"42";"kg";"Non";"Non"
2022;"20253";"2180651";"19.12";"kg";"Non";"Non"
2022;"20253";"2190054";"300";"l";"Non";"Non"
2022;"20253";"2190198";"330";"l";"Non";"Non"
2022;"20253";"2190760";"1.1";"kg";"Oui";"Non"
2022;"20253";"2190893";"80";"kg";"Non";"Non"
2022;"20253";"2200526";"0.8";"l";"Oui";"Non"
2022;"20253";"5100219";"17275";"kg";"Non";"Non"
2022;"20253";"7700216";"120";"l";"Non";"Non"
2022;"20253";"9000222";"4840";"l";"Non";"Non"
2022;"20253";"9300504";"160";"l";"Non";"Non"
2022;"20253";"9500281";"216";"kg";"Oui";"Non"
2022;"20253";"9500341";"0.75";"kg";"Oui";"Non"
2022;"20253";"9600488";"1.2";"kg";"Oui";"Non"
2022;"20253";"9800420";"18";"l";"Non";"Non"
2022;"20253";"9800474";"1005";"kg";"Non";"Non"
2022;"20253";"9900227";"695";"l";"Non";"Non"
2022;"20256";"2060113";"0.25";"l";"Non";"Non"
2022;"20256";"9500281";"18";"kg";"Oui";"Non"
2022;"20256";"9900257";"5";"kg";"Oui";"Non"
2022;"20259";"9500281";"18";"kg";"Oui";"Non"
2022;"20260";"1030003";"0.04";"l";"Oui";"Non"
2022;"20260";"2000018";"400";"kg";"Non";"Non"
2022;"20260";"2000517";"140";"l";"Non";"Non"
2022;"20260";"2010023";"20";"l";"Non";"Non"
2022;"20260";"2010513";"5";"kg";"Non";"Non"
2022;"20260";"2060098";"0.5";"l";"Non";"Non"
2022;"20260";"2110180";"0.1";"kg";"Oui";"Non"
2022;"20260";"2120048";"2";"l";"Non";"Non"
2022;"20260";"2130059";"5";"l";"Non";"Non"
2022;"20260";"2130115";"5";"kg";"Non";"Non"
2022;"20260";"2150140";"120";"l";"Non";"Non"
2022;"20260";"2150790";"0.45";"kg";"Oui";"Non"
2022;"20260";"2190198";"3900";"l";"Non";"Non"
2022;"20260";"5100219";"5350";"kg";"Non";"Non"
2022;"20260";"9000222";"20";"l";"Non";"Non"
2022;"20260";"9500281";"36";"kg";"Oui";"Non"
2022;"20260";"9800245";"180";"kg";"Non";"Non"
2022;"20260";"9800336";"1";"l";"Non";"Non"
2022;"20260";"9800474";"360";"kg";"Non";"Non"
2022;"20260";"9900227";"15";"l";"Non";"Non"
2022;"20270";"1030003";"0.12";"l";"Oui";"Non"
2022;"20270";"2000018";"1740";"kg";"Non";"Non"
2022;"20270";"2000044";"285";"l";"Non";"Oui"
2022;"20270";"2000125";"5.5";"kg";"Oui";"Non"
2022;"20270";"2000316";"127";"l";"Non";"Non"
2022;"20270";"2000327";"250";"l";"Non";"Oui"
2022;"20270";"2000336";"175";"kg";"Non";"Non"
2022;"20270";"2000510";"40";"kg";"Oui";"Non"
2022;"20270";"2000517";"1805";"l";"Non";"Non"
2022;"20270";"2010023";"922";"l";"Non";"Non"
2022;"20270";"2010130";"168";"kg";"Non";"Non"
2022;"20270";"2010398";"272";"kg";"Non";"Non"
2022;"20270";"2010513";"673";"kg";"Non";"Non"
2022;"20270";"2020241";"17";"kg";"Non";"Non"
2022;"20270";"2030175";"0.1";"kg";"Oui";"Non"
2022;"20270";"2030337";"225";"l";"Non";"Non"
2022;"20270";"2030342";"20";"l";"Non";"Non"
2022;"20270";"2040146";"0.3";"l";"Non";"Non"
2022;"20270";"2050046";"29";"kg";"Non";"Non"
2022;"20270";"2060002";"15";"l";"Non";"Oui"
2022;"20270";"2060050";"110";"l";"Non";"Non"
2022;"20270";"2060084";"21";"kg";"Non";"Non"
2022;"20270";"2060085";"41";"l";"Non";"Oui"
2022;"20270";"2060086";"5";"kg";"Non";"Non"
2022;"20270";"2060088";"140";"l";"Non";"Non"
2022;"20270";"2060098";"84.5";"l";"Non";"Non"
2022;"20270";"2060119";"4";"kg";"Non";"Non"
2022;"20270";"2060130";"762";"l";"Non";"Non"
2022;"20270";"2060172";"139";"l";"Non";"Oui"
2022;"20270";"2070133";"340";"l";"Non";"Non"
2022;"20270";"2080026";"20";"l";"Non";"Non"
2022;"20270";"2080029";"22.1";"l";"Non";"Non"
2022;"20270";"2080038";"280";"l";"Non";"Non"
2022;"20270";"2080060";"131";"l";"Non";"Non"
2022;"20270";"2080063";"1440";"kg";"Non";"Non"
2022;"20270";"2080104";"440";"kg";"Non";"Non"
2022;"20270";"2080105";"5";"l";"Non";"Non"
2022;"20270";"2090001";"322";"l";"Non";"Oui"
2022;"20270";"2090016";"80";"l";"Non";"Non"
2022;"20270";"2090050";"48";"kg";"Non";"Non"
2022;"20270";"2090063";"105.6";"kg";"Non";"Non"
2022;"20270";"2090068";"20";"l";"Non";"Non"
2022;"20270";"2090093";"200";"l";"Non";"Non"
2022;"20270";"2090119";"2010";"l";"Non";"Non"
2022;"20270";"2090126";"645";"l";"Non";"Non"
2022;"20270";"2090127";"2375";"l";"Non";"Non"
2022;"20270";"2090132";"996";"l";"Non";"Non"
2022;"20270";"2090136";"10";"l";"Non";"Non"
2022;"20270";"2090137";"40";"kg";"Non";"Non"
2022;"20270";"2090146";"0.75";"l";"Oui";"Non"
2022;"20270";"2090186";"100";"l";"Non";"Non"
2022;"20270";"2090188";"2240";"l";"Non";"Non"
2022;"20270";"2090199";"0.75";"l";"Oui";"Non"
2022;"20270";"2100018";"15";"l";"Non";"Non"
2022;"20270";"2100021";"60";"kg";"Non";"Non"
2022;"20270";"2100023";"59.4";"kg";"Non";"Oui"
2022;"20270";"2100038";"4375";"kg";"Non";"Non"
2022;"20270";"2100041";"1210";"l";"Non";"Non"
2022;"20270";"2100052";"15";"l";"Non";"Non"
2022;"20270";"2100060";"728";"l";"Non";"Non"
2022;"20270";"2100086";"250";"kg";"Non";"Oui"
2022;"20270";"2100121";"2";"l";"Non";"Non"
2022;"20270";"2100138";"200";"l";"Non";"Non"
2022;"20270";"2100151";"20";"l";"Non";"Non"
2022;"20270";"2100181";"1659";"kg";"Non";"Non"
2022;"20270";"2100186";"140";"l";"Non";"Oui"
2022;"20270";"2100191";"3";"l";"Non";"Non"
2022;"20270";"2100221";"2090";"kg";"Non";"Non"
2022;"20270";"2100227";"10";"l";"Non";"Non"
2022;"20270";"2100231";"3027";"kg";"Non";"Non"
2022;"20270";"2110005";"5";"l";"Non";"Non"
2022;"20270";"2110054";"13";"kg";"Non";"Oui"
2022;"20270";"2110059";"415";"kg";"Non";"Non"
2022;"20270";"2110073";"163";"l";"Non";"Non"
2022;"20270";"2110086";"529";"l";"Non";"Non"
2022;"20270";"2110095";"10";"l";"Non";"Non"
2022;"20270";"2110101";"775";"l";"Non";"Non"
2022;"20270";"2110102";"3.4";"l";"Non";"Non"
2022;"20270";"2110115";"50";"l";"Non";"Oui"
2022;"20270";"2110149";"4.0";"l";"Oui";"Non"
2022;"20270";"2110150";"1.9";"l";"Oui";"Non"
2022;"20270";"2110167";"40";"l";"Non";"Non"
2022;"20270";"2110180";"0.72";"kg";"Oui";"Non"
2022;"20270";"2110196";"0.1";"kg";"Oui";"Non"
2022;"20270";"2110197";"60";"l";"Non";"Oui"
2022;"20270";"2120041";"0.97";"l";"Non";"Non"
2022;"20270";"2120048";"25";"l";"Non";"Non"
2022;"20270";"2120087";"2";"kg";"Non";"Non"
2022;"20270";"2120132";"570";"kg";"Non";"Non"
2022;"20270";"2120158";"13100";"kg";"Non";"Non"
2022;"20270";"2120179";"1188";"kg";"Non";"Non"
2022;"20270";"2130049";"689";"l";"Non";"Non"
2022;"20270";"2130059";"30";"l";"Non";"Non"
2022;"20270";"2130067";"80";"l";"Non";"Non"
2022;"20270";"2130083";"102";"l";"Non";"Oui"
2022;"20270";"2130115";"1962.7";"kg";"Non";"Non"
2022;"20270";"2130152";"338";"l";"Non";"Non"
2022;"20270";"2130212";"25";"kg";"Non";"Non"
2022;"20270";"2130251";"35";"l";"Non";"Non"
2022;"20270";"2130255";"15";"kg";"Non";"Non"
2022;"20270";"2140001";"8.9";"kg";"Non";"Non"
2022;"20270";"2140018";"15";"l";"Non";"Non"
2022;"20270";"2140022";"80";"l";"Non";"Non"
2022;"20270";"2140084";"240";"l";"Non";"Non"
2022;"20270";"2140085";"681";"l";"Non";"Non"
2022;"20270";"2140106";"0.5";"l";"Oui";"Non"
2022;"20270";"2140127";"181";"kg";"Non";"Non"
2022;"20270";"2140133";"350";"kg";"Non";"Non"
2022;"20270";"2140143";"1.3";"kg";"Non";"Non"
2022;"20270";"2140147";"445";"l";"Non";"Oui"
2022;"20270";"2140177";"231";"l";"Non";"Non"
2022;"20270";"2140215";"243.9";"kg";"Non";"Non"
2022;"20270";"2140252";"6.8";"kg";"Oui";"Non"
2022;"20270";"2140255";"20";"l";"Non";"Non"
2022;"20270";"2140270";"546";"l";"Non";"Non"
2022;"20270";"2150028";"5";"l";"Non";"Non"
2022;"20270";"2150067";"1010";"l";"Non";"Non"
2022;"20270";"2150118";"25";"kg";"Non";"Non"
2022;"20270";"2150140";"9020";"l";"Non";"Oui"
2022;"20270";"2150245";"5";"l";"Non";"Non"
2022;"20270";"2150277";"15";"l";"Non";"Oui"
2022;"20270";"2150387";"542";"l";"Non";"Non"
2022;"20270";"2150451";"29";"l";"Non";"Oui"
2022;"20270";"2150456";"30";"kg";"Non";"Oui"
2022;"20270";"2150483";"10";"kg";"Non";"Non"
2022;"20270";"2150646";"37";"l";"Non";"Oui"
2022;"20270";"2150752";"120";"l";"Non";"Non"
2022;"20270";"2150753";"30";"l";"Non";"Non"
2022;"20270";"2150893";"440";"kg";"Non";"Oui"
2022;"20270";"2150914";"1210";"kg";"Non";"Non"
2022;"20270";"2150964";"1000";"kg";"Non";"Non"
2022;"20270";"2160008";"3";"l";"Non";"Non"
2022;"20270";"2160260";"10";"l";"Non";"Non"
2022;"20270";"2160383";"166.9";"kg";"Non";"Non"
2022;"20270";"2160395";"2.4";"l";"Non";"Non"
2022;"20270";"2160615";"0.8";"kg";"Oui";"Non"
2022;"20270";"2160693";"6";"l";"Non";"Non"
2022;"20270";"2160694";"522";"kg";"Non";"Non"
2022;"20270";"2160713";"120";"l";"Non";"Non"
2022;"20270";"2160756";"45";"l";"Non";"Non"
2022;"20270";"2160824";"300";"kg";"Non";"Oui"
2022;"20270";"2160963";"39";"l";"Non";"Non"
2022;"20270";"2170085";"2920";"l";"Non";"Non"
2022;"20270";"2170243";"0.8";"l";"Oui";"Non"
2022;"20270";"2170263";"30";"l";"Non";"Oui"
2022;"20270";"2170335";"35";"l";"Non";"Non"
2022;"20270";"2170462";"50";"l";"Non";"Non"
2022;"20270";"2170547";"28.5";"kg";"Non";"Non"
2022;"20270";"2170654";"98";"kg";"Non";"Non"
2022;"20270";"2170691";"426";"l";"Non";"Non"
2022;"20270";"2170769";"60";"l";"Non";"Oui"
2022;"20270";"2170796";"10";"l";"Non";"Oui"
2022;"20270";"2170839";"10";"l";"Non";"Non"
2022;"20270";"2170977";"0.75";"l";"Oui";"Non"
2022;"20270";"2170978";"1.6";"l";"Oui";"Non"
2022;"20270";"2171067";"0.75";"l";"Oui";"Non"
2022;"20270";"2171073";"40.8";"kg";"Non";"Oui"
2022;"20270";"2171086";"139";"l";"Non";"Non"
2022;"20270";"2171119";"408";"kg";"Non";"Oui"
2022;"20270";"2171140";"5";"kg";"Non";"Non"
2022;"20270";"2171200";"25";"kg";"Non";"Non"
2022;"20270";"2171243";"20";"kg";"Non";"Oui"
2022;"20270";"2180124";"16.24";"l";"Non";"Non"
2022;"20270";"2180319";"0.8";"l";"Oui";"Non"
2022;"20270";"2180355";"130";"kg";"Non";"Oui"
2022;"20270";"2180380";"153.6";"l";"Non";"Non"
2022;"20270";"2180401";"30";"l";"Non";"Non"
2022;"20270";"2180408";"1";"l";"Oui";"Non"
2022;"20270";"2180625";"405";"l";"Non";"Oui"
2022;"20270";"2180670";"260";"kg";"Non";"Non"
2022;"20270";"2189993";"0.8";"kg";"Oui";"Non"
2022;"20270";"2189996";"18";"l";"Non";"Non"
2022;"20270";"2190054";"200";"l";"Non";"Non"
2022;"20270";"2190062";"21";"l";"Non";"Non"
2022;"20270";"2190160";"200";"l";"Non";"Oui"
2022;"20270";"2190198";"1470";"l";"Non";"Non"
2022;"20270";"2190441";"1";"l";"Non";"Non"
2022;"20270";"2190686";"40";"l";"Non";"Non"
2022;"20270";"2190730";"40";"l";"Non";"Non"
2022;"20270";"2190738";"100";"kg";"Non";"Oui"
2022;"20270";"2190760";"1.7";"kg";"Oui";"Non"
2022;"20270";"2190893";"3210";"kg";"Non";"Non"
2022;"20270";"2200017";"270";"kg";"Non";"Oui"
2022;"20270";"2200019";"30";"l";"Non";"Non"
2022;"20270";"2200059";"0.1";"l";"Oui";"Non"
2022;"20270";"2200215";"20";"l";"Non";"Non"
2022;"20270";"2200518";"40";"l";"Non";"Non"
2022;"20270";"2200526";"0.8";"l";"Oui";"Non"
2022;"20270";"2210128";"10";"l";"Non";"Non"
2022;"20270";"5100219";"17350";"kg";"Non";"Non"
2022;"20270";"7200313";"280";"l";"Non";"Non"
2022;"20270";"7700216";"290";"l";"Non";"Non"
2022;"20270";"8100291";"5";"l";"Non";"Non"
2022;"20270";"8300488";"500";"l";"Non";"Non"
2022;"20270";"8400528";"290";"l";"Non";"Non"
2022;"20270";"8400574";"150";"l";"Non";"Oui"
2022;"20270";"8700002";"80";"l";"Non";"Non"
2022;"20270";"8700107";"150";"kg";"Non";"Oui"
2022;"20270";"8700111";"1.8";"kg";"Non";"Non"
2022;"20270";"8700462";"5";"l";"Non";"Non"
2022;"20270";"8800395";"40";"l";"Non";"Non"
2022;"20270";"8800841";"174";"l";"Non";"Non"
2022;"20270";"8900564";"215";"l";"Non";"Non"
2022;"20270";"9000222";"22010";"l";"Non";"Non"
2022;"20270";"9000277";"140";"kg";"Non";"Non"
2022;"20270";"9000490";"1995";"l";"Non";"Non"
2022;"20270";"9100034";"340";"l";"Non";"Non"
2022;"20270";"9100296";"135";"l";"Non";"Non"
2022;"20270";"9100418";"5";"l";"Non";"Non"
2022;"20270";"9100525";"5";"kg";"Non";"Non"
2022;"20270";"9200235";"20900";"l";"Non";"Non"
2022;"20270";"9200436";"160";"l";"Non";"Non"
2022;"20270";"9300032";"10";"l";"Non";"Non"
2022;"20270";"9300143";"45";"kg";"Non";"Non"
2022;"20270";"9300186";"14";"kg";"Non";"Non"
2022;"20270";"9300504";"22620";"l";"Non";"Non"
2022;"20270";"9400012";"146";"l";"Non";"Non"
2022;"20270";"9400085";"65";"l";"Non";"Non"
2022;"20270";"9400280";"230";"kg";"Non";"Non"
2022;"20270";"9400485";"940";"l";"Non";"Non"
2022;"20270";"9500147";"4.15";"kg";"Oui";"Non"
2022;"20270";"9500281";"54";"kg";"Oui";"Non"
2022;"20270";"9500568";"88";"kg";"Non";"Non"
2022;"20270";"9500629";"3";"kg";"Non";"Non"
2022;"20270";"9500649";"4752";"kg";"Non";"Non"
2022;"20270";"9600001";"288";"kg";"Non";"Non"
2022;"20270";"9600025";"654";"kg";"Non";"Non"
2022;"20270";"9600116";"20";"kg";"Non";"Non"
2022;"20270";"9600229";"10";"l";"Non";"Non"
2022;"20270";"9600395";"10";"kg";"Non";"Non"
2022;"20270";"9600512";"516";"kg";"Non";"Non"
2022;"20270";"9700070";"21";"kg";"Non";"Non"
2022;"20270";"9700214";"2.4";"kg";"Non";"Non"
2022;"20270";"9700332";"9";"l";"Non";"Non"
2022;"20270";"9800018";"100";"l";"Non";"Non"
2022;"20270";"9800106";"1";"kg";"Non";"Non"
2022;"20270";"9800144";"5";"kg";"Non";"Oui"
2022;"20270";"9800244";"102.0";"kg";"Non";"Non"
2022;"20270";"9800245";"160";"kg";"Non";"Non"
2022;"20270";"9800304";"110";"l";"Non";"Non"
2022;"20270";"9800320";"2";"kg";"Non";"Non"
2022;"20270";"9800336";"164";"l";"Non";"Non"
2022;"20270";"9800420";"1276";"l";"Non";"Non"
2022;"20270";"9800474";"720";"kg";"Non";"Non"
2022;"20270";"9800481";"3";"l";"Non";"Non"
2022;"20270";"9800484";"6";"l";"Non";"Non"
2022;"20270";"9900227";"3305";"l";"Non";"Non"
2022;"20270";"9900257";"19";"kg";"Oui";"Non"
2022;"20272";"2000125";"0.5";"kg";"Oui";"Non"
2022;"20272";"2010023";"7";"l";"Non";"Non"
2022;"20272";"2010130";"10";"kg";"Non";"Non"
2022;"20272";"2030175";"0.02";"kg";"Oui";"Non"
2022;"20272";"2110086";"8";"l";"Non";"Non"
2022;"20272";"2150104";"60";"l";"Non";"Non"
2022;"20272";"2171140";"5";"kg";"Non";"Non"
2022;"20272";"7700216";"10";"l";"Non";"Non"
2022;"20272";"9200482";"6";"kg";"Non";"Non"
2022;"20272";"9500568";"1";"kg";"Non";"Non"
2022;"20272";"9900227";"5";"l";"Non";"Non"
2022;"20275";"2200526";"0.25";"l";"Oui";"Non"
2022;"20276";"2120018";"2.4";"l";"Non";"Non"
2022;"20290";"1030003";"3.48";"l";"Oui";"Non"
2022;"20290";"2000044";"35";"l";"Non";"Non"
2022;"20290";"2000125";"44.5";"kg";"Oui";"Non"
2022;"20290";"2000128";"11.70";"kg";"Oui";"Non"
2022;"20290";"2000299";"10";"l";"Non";"Non"
2022;"20290";"2000510";"2140";"kg";"Oui";"Non"
2022;"20290";"2000517";"135";"l";"Non";"Non"
2022;"20290";"2010023";"187";"l";"Non";"Non"
2022;"20290";"2010130";"96";"kg";"Non";"Non"
2022;"20290";"2010321";"3";"l";"Oui";"Non"
2022;"20290";"2010513";"35";"kg";"Non";"Non"
2022;"20290";"2020241";"4";"kg";"Non";"Non"
2022;"20290";"2030175";"1.82";"kg";"Oui";"Non"
2022;"20290";"2030337";"20";"l";"Non";"Non"
2022;"20290";"2040146";"1.05";"l";"Non";"Non"
2022;"20290";"2050046";"4.5";"kg";"Non";"Non"
2022;"20290";"2060050";"6";"l";"Non";"Non"
2022;"20290";"2060084";"20";"kg";"Non";"Non"
2022;"20290";"2060098";"7.5";"l";"Non";"Non"
2022;"20290";"2060113";"0.75";"l";"Non";"Non"
2022;"20290";"2060130";"235";"l";"Non";"Non"
2022;"20290";"2070107";"2";"l";"Non";"Non"
2022;"20290";"2080026";"8";"l";"Non";"Non"
2022;"20290";"2080060";"94";"l";"Non";"Non"
2022;"20290";"2090001";"4";"l";"Non";"Non"
2022;"20290";"2090016";"30";"l";"Non";"Non"
2022;"20290";"2090045";"0.72";"l";"Oui";"Non"
2022;"20290";"2090050";"492";"kg";"Non";"Non"
2022;"20290";"2090052";"3";"kg";"Non";"Non"
2022;"20290";"2090063";"4.8";"kg";"Non";"Non"
2022;"20290";"2090080";"10";"l";"Non";"Non"
2022;"20290";"2090093";"20";"l";"Non";"Non"
2022;"20290";"2090101";"1";"l";"Non";"Non"
2022;"20290";"2090113";"30";"l";"Non";"Non"
2022;"20290";"2090127";"325";"l";"Non";"Non"
2022;"20290";"2090146";"49.55";"l";"Oui";"Non"
2022;"20290";"2090188";"120";"l";"Non";"Non"
2022;"20290";"2090199";"14.25";"l";"Oui";"Non"
2022;"20290";"2090200";"4.5";"l";"Oui";"Non"
2022;"20290";"2100015";"8";"kg";"Non";"Non"
2022;"20290";"2100030";"125";"kg";"Non";"Non"
2022;"20290";"2100038";"450";"kg";"Non";"Non"
2022;"20290";"2100108";"2";"l";"Non";"Non"
2022;"20290";"2100111";"75";"l";"Non";"Non"
2022;"20290";"2100112";"25";"l";"Non";"Non"
2022;"20290";"2100122";"7";"kg";"Non";"Non"
2022;"20290";"2100151";"0.3";"l";"Non";"Non"
2022;"20290";"2100177";"3.8";"kg";"Non";"Non"
2022;"20290";"2100221";"35";"kg";"Non";"Non"
2022;"20290";"2100231";"20";"kg";"Non";"Non"
2022;"20290";"2110040";"0.29";"kg";"Oui";"Non"
2022;"20290";"2110059";"50";"kg";"Non";"Non"
2022;"20290";"2110073";"5";"l";"Non";"Non"
2022;"20290";"2110086";"185";"l";"Non";"Non"
2022;"20290";"2110101";"10";"l";"Non";"Non"
2022;"20290";"2110102";"28.8";"l";"Non";"Non"
2022;"20290";"2110149";"118.83";"l";"Oui";"Non"
2022;"20290";"2110150";"47.40";"l";"Oui";"Non"
2022;"20290";"2110180";"10.77";"kg";"Oui";"Non"
2022;"20290";"2110196";"1.3";"kg";"Oui";"Non"
2022;"20290";"2120018";"43.2";"l";"Non";"Non"
2022;"20290";"2120048";"2";"l";"Non";"Non"
2022;"20290";"2120092";"5";"l";"Non";"Non"
2022;"20290";"2120120";"5";"l";"Non";"Non"
2022;"20290";"2120132";"45";"kg";"Non";"Non"
2022;"20290";"2120219";"1.5";"l";"Non";"Non"
2022;"20290";"2130049";"15";"l";"Non";"Non"
2022;"20290";"2130067";"5";"l";"Non";"Non"
2022;"20290";"2130069";"1.5";"l";"Non";"Non"
2022;"20290";"2130083";"20";"l";"Non";"Non"
2022;"20290";"2130092";"3";"l";"Non";"Non"
2022;"20290";"2130112";"0.04";"kg";"Non";"Non"
2022;"20290";"2130115";"1329.7";"kg";"Non";"Non"
2022;"20290";"2130126";"108";"kg";"Oui";"Non"
2022;"20290";"2130151";"0.16";"kg";"Oui";"Non"
2022;"20290";"2130152";"4";"l";"Non";"Non"
2022;"20290";"2130153";"92";"l";"Oui";"Non"
2022;"20290";"2140001";"0.9";"kg";"Non";"Non"
2022;"20290";"2140022";"80";"l";"Non";"Non"
2022;"20290";"2140085";"220";"l";"Non";"Non"
2022;"20290";"2140106";"17.5";"l";"Oui";"Non"
2022;"20290";"2140121";"23.41";"l";"Oui";"Non"
2022;"20290";"2140147";"15";"l";"Non";"Non"
2022;"20290";"2140166";"152";"l";"Oui";"Non"
2022;"20290";"2140167";"11.5";"l";"Oui";"Non"
2022;"20290";"2140177";"3";"l";"Non";"Non"
2022;"20290";"2140193";"3";"l";"Oui";"Non"
2022;"20290";"2140201";"20";"l";"Non";"Non"
2022;"20290";"2140252";"39.20";"kg";"Oui";"Non"
2022;"20290";"2140255";"10";"l";"Non";"Non"
2022;"20290";"2150084";"15";"l";"Non";"Non"
2022;"20290";"2150140";"1320";"l";"Non";"Non"
2022;"20290";"2150417";"9.71";"l";"Oui";"Non"
2022;"20290";"2150790";"61.65";"kg";"Oui";"Non"
2022;"20290";"2150914";"380";"kg";"Non";"Non"
2022;"20290";"2150964";"160";"kg";"Non";"Non"
2022;"20290";"2150969";"11.7";"kg";"Oui";"Non"
2022;"20290";"2160064";"1.5";"l";"Non";"Non"
2022;"20290";"2160114";"35";"l";"Non";"Non"
2022;"20290";"2160115";"272.2";"l";"Oui";"Non"
2022;"20290";"2160383";"68.5";"kg";"Non";"Non"
2022;"20290";"2160397";"2";"l";"Non";"Non"
2022;"20290";"2160615";"22.3";"kg";"Oui";"Non"
2022;"20290";"2169999";"1";"l";"Non";"Non"
2022;"20290";"2170243";"57.70";"l";"Oui";"Non"
2022;"20290";"2170462";"25";"l";"Non";"Non"
2022;"20290";"2170685";"10";"l";"Oui";"Non"
2022;"20290";"2170752";"1.8";"l";"Non";"Non"
2022;"20290";"2170977";"20.25";"l";"Oui";"Non"
2022;"20290";"2170978";"17.6";"l";"Oui";"Non"
2022;"20290";"2170992";"12";"l";"Non";"Non"
2022;"20290";"2171067";"8.25";"l";"Oui";"Non"
2022;"20290";"2171086";"20";"l";"Non";"Non"
2022;"20290";"2171140";"10";"kg";"Non";"Non"
2022;"20290";"2171200";"25";"kg";"Non";"Non"
2022;"20290";"2171250";"10";"l";"Oui";"Non"
2022;"20290";"2171312";"1.58";"l";"Oui";"Non"
2022;"20290";"2180124";"1.41";"l";"Non";"Non"
2022;"20290";"2180256";"19.2";"kg";"Oui";"Non"
2022;"20290";"2180275";"0.11";"kg";"Oui";"Non"
2022;"20290";"2180319";"25.6";"l";"Oui";"Non"
2022;"20290";"2180334";"6";"l";"Non";"Non"
2022;"20290";"2180404";"250";"l";"Non";"Non"
2022;"20290";"2180408";"9";"l";"Oui";"Non"
2022;"20290";"2180829";"30";"l";"Non";"Non"
2022;"20290";"2180858";"0.25";"kg";"Oui";"Non"
2022;"20290";"2180888";"4.50";"l";"Oui";"Non"
2022;"20290";"2189993";"6.8";"kg";"Oui";"Non"
2022;"20290";"2190088";"1.03";"l";"Oui";"Non"
2022;"20290";"2190198";"620";"l";"Non";"Non"
2022;"20290";"2190319";"218.8";"l";"Oui";"Non"
2022;"20290";"2190346";"0.15";"kg";"Oui";"Non"
2022;"20290";"2190441";"10";"l";"Non";"Non"
2022;"20290";"2190594";"32";"l";"Non";"Non"
2022;"20290";"2190686";"0.3";"l";"Non";"Non"
2022;"20290";"2190760";"57.4";"kg";"Oui";"Non"
2022;"20290";"2190808";"28.0";"l";"Oui";"Non"
2022;"20290";"2200059";"5.4";"l";"Oui";"Non"
2022;"20290";"2200197";"4";"l";"Non";"Non"
2022;"20290";"2200526";"15.66";"l";"Oui";"Non"
2022;"20290";"2200753";"45";"l";"Non";"Non"
2022;"20290";"5100219";"1750";"kg";"Non";"Non"
2022;"20290";"8100236";"22.5";"kg";"Oui";"Non"
2022;"20290";"8100291";"5";"l";"Non";"Non"
2022;"20290";"8400528";"5";"l";"Non";"Non"
2022;"20290";"8500321";"50";"kg";"Non";"Non"
2022;"20290";"8500351";"0.35";"kg";"Non";"Non"
2022;"20290";"8700111";"19.65";"kg";"Non";"Non"
2022;"20290";"8700462";"45";"l";"Non";"Non"
2022;"20290";"8900681";"10";"l";"Non";"Non"
2022;"20290";"9000222";"890";"l";"Non";"Non"
2022;"20290";"9000277";"90";"kg";"Non";"Non"
2022;"20290";"9000490";"120";"l";"Non";"Non"
2022;"20290";"9100296";"105";"l";"Non";"Non"
2022;"20290";"9100418";"15";"l";"Non";"Non"
2022;"20290";"9100525";"7";"kg";"Non";"Non"
2022;"20290";"9200235";"4680";"l";"Non";"Non"
2022;"20290";"9300186";"34";"kg";"Non";"Non"
2022;"20290";"9300504";"3640";"l";"Non";"Non"
2022;"20290";"9400485";"30";"l";"Non";"Non"
2022;"20290";"9500147";"181.10";"kg";"Oui";"Non"
2022;"20290";"9500281";"15822";"kg";"Oui";"Non"
2022;"20290";"9500341";"20.7";"kg";"Oui";"Non"
2022;"20290";"9500568";"12";"kg";"Non";"Non"
2022;"20290";"9500649";"108";"kg";"Non";"Non"
2022;"20290";"9600025";"108";"kg";"Non";"Non"
2022;"20290";"9600488";"0.6";"kg";"Oui";"Non"
2022;"20290";"9700070";"2.4";"kg";"Non";"Non"
2022;"20290";"9700332";"9";"l";"Non";"Non"
2022;"20290";"9800219";"20";"l";"Non";"Non"
2022;"20290";"9800336";"18";"l";"Non";"Non"
2022;"20290";"9800420";"21";"l";"Non";"Non"
2022;"20290";"9800474";"150";"kg";"Non";"Non"
2022;"20290";"9800481";"68";"l";"Non";"Non"
2022;"20290";"9900227";"485";"l";"Non";"Non"
2022;"20290";"9900257";"350.4";"kg";"Oui";"Non"
2022;"20600";"1030003";"0.18";"l";"Oui";"Non"
2022;"20600";"2000018";"20";"kg";"Non";"Non"
2022;"20600";"2000125";"1.5";"kg";"Oui";"Non"
2022;"20600";"2000517";"5";"l";"Non";"Non"
2022;"20600";"2010023";"14";"l";"Non";"Non"
2022;"20600";"2030175";"0.04";"kg";"Oui";"Non"
2022;"20600";"2050046";"0.5";"kg";"Non";"Non"
2022;"20600";"2060084";"1";"kg";"Non";"Non"
2022;"20600";"2060098";"0.5";"l";"Non";"Non"
2022;"20600";"2090093";"20";"l";"Non";"Non"
2022;"20600";"2090146";"0.95";"l";"Oui";"Non"
2022;"20600";"2090188";"70";"l";"Non";"Non"
2022;"20600";"2110141";"15";"l";"Non";"Non"
2022;"20600";"2110149";"0.96";"l";"Oui";"Non"
2022;"20600";"2110150";"0.9";"l";"Oui";"Non"
2022;"20600";"2130083";"1";"l";"Non";"Non"
2022;"20600";"2130153";"0.9";"l";"Oui";"Non"
2022;"20600";"2140085";"2";"l";"Non";"Non"
2022;"20600";"2140147";"5";"l";"Non";"Non"
2022;"20600";"2140166";"5";"l";"Oui";"Non"
2022;"20600";"2150140";"80";"l";"Non";"Non"
2022;"20600";"2150417";"0.5";"l";"Oui";"Non"
2022;"20600";"2160115";"5";"l";"Oui";"Non"
2022;"20600";"2170243";"16.2";"l";"Oui";"Non"
2022;"20600";"2170978";"0.9";"l";"Oui";"Non"
2022;"20600";"2180319";"0.8";"l";"Oui";"Non"
2022;"20600";"2190319";"1.2";"l";"Oui";"Non"
2022;"20600";"2190808";"1.4";"l";"Oui";"Non"
2022;"20600";"7200313";"5";"l";"Non";"Non"
2022;"20600";"8100291";"15";"l";"Non";"Non"
2022;"20600";"8500351";"0.02";"kg";"Non";"Non"
2022;"20600";"8800841";"0.5";"l";"Non";"Non"
2022;"20600";"8900685";"1";"kg";"Non";"Non"
2022;"20600";"9000222";"30";"l";"Non";"Non"
2022;"20600";"9300504";"60";"l";"Non";"Non"
2022;"20600";"9500147";"23.4";"kg";"Oui";"Non"
2022;"20600";"9500281";"540";"kg";"Oui";"Non"
2022;"20600";"9500341";"0.75";"kg";"Oui";"Non"
2022;"20600";"9500568";"2";"kg";"Non";"Non"
2022;"20600";"9800474";"45";"kg";"Non";"Non"
2022;"20600";"9900257";"5";"kg";"Oui";"Non"
2022;"20620";"1030003";"0.14";"l";"Oui";"Non"
2022;"20620";"2000018";"20";"kg";"Non";"Non"
2022;"20620";"2000044";"55";"l";"Non";"Non"
2022;"20620";"2000125";"0.5";"kg";"Oui";"Non"
2022;"20620";"2000128";"0.38";"kg";"Oui";"Non"
2022;"20620";"2000510";"60";"kg";"Oui";"Non"
2022;"20620";"2010023";"21";"l";"Non";"Non"
2022;"20620";"2010513";"5.5";"kg";"Non";"Non"
2022;"20620";"2020241";"5.5";"kg";"Non";"Non"
2022;"20620";"2030175";"0.27";"kg";"Oui";"Non"
2022;"20620";"2050046";"33.5";"kg";"Non";"Non"
2022;"20620";"2060050";"2";"l";"Non";"Non"
2022;"20620";"2060084";"5";"kg";"Non";"Non"
2022;"20620";"2060085";"1";"l";"Non";"Non"
2022;"20620";"2060098";"1.5";"l";"Non";"Non"
2022;"20620";"2060113";"0.25";"l";"Non";"Non"
2022;"20620";"2070107";"3";"l";"Non";"Non"
2022;"20620";"2080060";"7";"l";"Non";"Non"
2022;"20620";"2080063";"10";"kg";"Non";"Non"
2022;"20620";"2080098";"20";"l";"Non";"Non"
2022;"20620";"2080105";"20";"l";"Non";"Non"
2022;"20620";"2090063";"0.8";"kg";"Non";"Non"
2022;"20620";"2090093";"100";"l";"Non";"Non"
2022;"20620";"2090127";"20";"l";"Non";"Non"
2022;"20620";"2090136";"40";"l";"Non";"Non"
2022;"20620";"2090146";"7.7";"l";"Oui";"Non"
2022;"20620";"2090188";"230";"l";"Non";"Non"
2022;"20620";"2090199";"6.0";"l";"Oui";"Non"
2022;"20620";"2090200";"11.25";"l";"Oui";"Non"
2022;"20620";"2100030";"265";"kg";"Non";"Non"
2022;"20620";"2100038";"25";"kg";"Non";"Non"
2022;"20620";"2100041";"70";"l";"Non";"Non"
2022;"20620";"2100122";"17";"kg";"Non";"Non"
2022;"20620";"2110012";"17";"l";"Non";"Non"
2022;"20620";"2110040";"0.1";"kg";"Oui";"Non"
2022;"20620";"2110086";"15";"l";"Non";"Non"
2022;"20620";"2110101";"30";"l";"Non";"Non"
2022;"20620";"2110141";"155";"l";"Non";"Non"
2022;"20620";"2110143";"3";"l";"Non";"Non"
2022;"20620";"2110149";"5.92";"l";"Oui";"Non"
2022;"20620";"2110150";"2.35";"l";"Oui";"Non"
2022;"20620";"2110154";"18";"l";"Non";"Non"
2022;"20620";"2110180";"6.9";"kg";"Oui";"Non"
2022;"20620";"2120018";"0.8";"l";"Non";"Non"
2022;"20620";"2120092";"20";"l";"Non";"Non"
2022;"20620";"2120219";"0.75";"l";"Non";"Non"
2022;"20620";"2130083";"18";"l";"Non";"Non"
2022;"20620";"2130092";"2";"l";"Non";"Non"
2022;"20620";"2130153";"1";"l";"Oui";"Non"
2022;"20620";"2140022";"60";"l";"Non";"Non"
2022;"20620";"2140085";"16";"l";"Non";"Non"
2022;"20620";"2140104";"0.02";"l";"Non";"Non"
2022;"20620";"2140106";"1.0";"l";"Oui";"Non"
2022;"20620";"2140121";"78.24";"l";"Oui";"Non"
2022;"20620";"2140147";"7";"l";"Non";"Non"
2022;"20620";"2140166";"5";"l";"Oui";"Non"
2022;"20620";"2140167";"17";"l";"Oui";"Non"
2022;"20620";"2140252";"0.75";"kg";"Oui";"Non"
2022;"20620";"2150140";"480";"l";"Non";"Non"
2022;"20620";"2150417";"0.54";"l";"Oui";"Non"
2022;"20620";"2150483";"30";"kg";"Non";"Non"
2022;"20620";"2150790";"2.4";"kg";"Oui";"Non"
2022;"20620";"2150914";"30";"kg";"Non";"Non"
2022;"20620";"2150969";"22.5";"kg";"Oui";"Non"
2022;"20620";"2160114";"100";"l";"Non";"Non"
2022;"20620";"2160115";"10.9";"l";"Oui";"Non"
2022;"20620";"2160383";"5.4";"kg";"Non";"Non"
2022;"20620";"2160397";"1";"l";"Non";"Non"
2022;"20620";"2160615";"5.9";"kg";"Oui";"Non"
2022;"20620";"2160841";"10";"kg";"Non";"Non"
2022;"20620";"2169999";"3";"l";"Non";"Non"
2022;"20620";"2170243";"2.4";"l";"Oui";"Non"
2022;"20620";"2170977";"1.5";"l";"Oui";"Non"
2022;"20620";"2170978";"3.6";"l";"Oui";"Non"
2022;"20620";"2171067";"0.75";"l";"Oui";"Non"
2022;"20620";"2171312";"0.08";"l";"Oui";"Non"
2022;"20620";"2180334";"3";"l";"Non";"Non"
2022;"20620";"2189993";"12.0";"kg";"Oui";"Non"
2022;"20620";"2190198";"40";"l";"Non";"Non"
2022;"20620";"2190319";"1.2";"l";"Oui";"Non"
2022;"20620";"2190594";"70";"l";"Non";"Non"
2022;"20620";"2190760";"2.8";"kg";"Oui";"Non"
2022;"20620";"2190808";"0.7";"l";"Oui";"Non"
2022;"20620";"2200059";"15.9";"l";"Oui";"Non"
2022;"20620";"2200197";"2";"l";"Non";"Non"
2022;"20620";"5100219";"1300";"kg";"Non";"Non"
2022;"20620";"7600008";"10";"l";"Non";"Non"
2022;"20620";"8100236";"0.75";"kg";"Oui";"Non"
2022;"20620";"8100291";"10";"l";"Non";"Non"
2022;"20620";"8600243";"20";"l";"Non";"Non"
2022;"20620";"8700111";"2.19";"kg";"Non";"Non"
2022;"20620";"8800504";"40";"l";"Non";"Non"
2022;"20620";"8800841";"5";"l";"Non";"Non"
2022;"20620";"9000222";"630";"l";"Non";"Non"
2022;"20620";"9000490";"5";"l";"Non";"Non"
2022;"20620";"9200235";"240";"l";"Non";"Non"
2022;"20620";"9300504";"20";"l";"Non";"Non"
2022;"20620";"9400485";"10";"l";"Non";"Non"
2022;"20620";"9500147";"8.25";"kg";"Oui";"Non"
2022;"20620";"9500199";"1";"l";"Non";"Non"
2022;"20620";"9500281";"666";"kg";"Oui";"Non"
2022;"20620";"9500341";"1.5";"kg";"Oui";"Non"
2022;"20620";"9500568";"20";"kg";"Non";"Non"
2022;"20620";"9500649";"12";"kg";"Non";"Non"
2022;"20620";"9600526";"3.2";"kg";"Non";"Non"
2022;"20620";"9700332";"5";"l";"Non";"Non"
2022;"20620";"9800336";"25";"l";"Non";"Non"
2022;"20620";"9800420";"3";"l";"Non";"Non"
2022;"20620";"9800474";"420";"kg";"Non";"Non"
2022;"20620";"9800481";"20";"l";"Non";"Non"
2022;"20620";"9900227";"10";"l";"Non";"Non"
2022;"20620";"9900257";"84.8";"kg";"Oui";"Non"
