annee,amm,substance,cas,quantite_substance,classification,classification_mention,achat_etranger
2022,1030003,polymere carboxyl sulfone cationique,8061-53-8,18326.3118,Autre,,Oui
2022,2000001,glyphosate,1071-83-6,10.8,Env A,,Oui
2022,2000003,metazachlore,67129-08-2,38210.93,CMR,,Oui
2022,2000017,tau-fluvalinate,102851-06-9,64.8528,Env A,,Non
2022,2000018,soufre pour pulverisation (micronise),7704-34-9,1737831.5044,Autre,,Oui
2022,2000019,difenacoum,56073-07-5,0.0,CMR,Exclusion,Oui
2022,2000027,glufosinate ammonium,77182-82-2,3.6,CMR,Exclusion,Oui
2022,2000029,glufosinate ammonium,77182-82-2,3.96,CMR,Exclusion,Oui
2022,2000044,fluazifop-p-butyl,79241-46-6,19493.5325,CMR,,Oui
2022,2000046,ethofumesate,26225-79-6,8233.6365,Env A,,Non
2022,2000046,metamitrone,41394-05-2,19211.8185,Env A,,Non
2022,2000051,florasulame,145701-23-1,0.25,Env A,,Non
2022,2000067,acide benzoique,65-85-0,79.2,Santé A,,Non
2022,2000071,"2,4-d",94-75-7,4.6228,Env B,,Non
2022,2000071,dicamba,1918-00-9,0.6604,Env B,,Non
2022,2000071,sulfate de fer (sulfate ferreux heptahydrate),7782-63-0,177.05324,Autre,,Non
2022,2000079,cypermethrine,52315-07-8,36.8,Env A,,Non
2022,2000080,clopyralid,1702-17-6,12.738,Autre,,Non
2022,2000080,triclopyr,55335-06-3,50.952,Env B,,Non
2022,2000084,captane,133-06-2,3264.0,CMR,,Non
2022,2000087,cuivre de l'hydroxyde de cuivre,20427-59-2,8401.875,Santé A,Substitution,Non
2022,2000089,cuivre du sulfate de cuivre,8011-63-0,65.6,Env A,Substitution,Non
2022,2000095,trifluraline,1582-09-8,16.32,Autre,,Oui
2022,2000097,metaldehyde,108-62-3,1.785,CMR,,Non
2022,2000105,bacillus thuringiensis serotype 3a 3b,68038-71-1,0.288,Autre,,Non
2022,2000121,flufenacet,142459-58-3,312.0,Env A,,Non
2022,2000121,isoxaflutole,141112-29-0,65.0,CMR,,Non
2022,2000122,metalaxyl-m,70630-17-0,4083.957824,Autre,,Non
2022,2000125,cuivre du sulfate de cuivre,8011-63-0,6991.124,Env A,Substitution,Oui
2022,2000128,diflufenicanil,83164-33-4,0.19332,Env B,,Non
2022,2000128,glyphosate,1071-83-6,3.222,Env A,,Non
2022,2000128,oxadiazon,19666-30-9,3.222,Env A,,Non
2022,2000136,metaldehyde,108-62-3,41.4,CMR,,Non
2022,2000150,glyphosate,1071-83-6,14.4,Env A,,Non
2022,2000169,2 phenyl-phenol,90-43-7,0.6,Env A,,Non
2022,2000191,chlorpyriphos-ethyl,2921-88-2,0.02,Santé A,,Non
2022,2000195,fenamidone,161326-34-7,0.5,Env A,,Non
2022,2000195,mancozebe,8018-01-7,2.5,CMR,Exclusion,Non
2022,2000201,silthiofam,175217-20-6,3948.69,Env A,,Oui
2022,2000202,glyphosate,1071-83-6,229710.528,Env A,,Non
2022,2000205,propoxycarbazone sodium,181274-15-7,562.926,Env A,,Non
2022,2000208,florasulame,145701-23-1,1.8625,Env A,,Oui
2022,2000210,cuivre de l'oxychlorure de cuivre,1332-40-7,582.725,Santé A,Substitution,Non
2022,2000214,acrinathrine,101007-06-1,1.125,CMR,,Non
2022,2000228,metaldehyde,108-62-3,7.85,CMR,,Non
2022,2000235,heptamethyltrisiloxane modifie polyalkylenoxide,27306-78-1,10.998,Autre,,Oui
2022,2000236,indoxacarbe,173584-44-6,28.8,Santé A,,Non
2022,2000256,alphamethrine,67375-30-8,0.1,Santé A,Substitution,Non
2022,2000283,chlorure d'alkyl dimethyl benzyl ammonium,68424-85-1,28.0,Autre,,Non
2022,2000283,chlorure de didecyl dimethyl ammonium,7173-51-5,7.84,Autre,,Non
2022,2000283,glutaraldehyde,111-30-8,28.0,Autre,,Non
2022,2000294,mancozebe,8018-01-7,62.01,CMR,Exclusion,Non
2022,2000294,zoxamide,156052-68-5,5.535,Env A,,Non
2022,2000299,clomazone,81777-89-1,19257.4548,Env A,,Oui
2022,2000301,foramsulfuron,173159-57-4,3644.214075,CMR,,Non
2022,2000301,isoxadifen-ethyl,163520-33-0,3644.214075,Env A,,Non
2022,2000316,esfenvalerate,66230-04-4,7619.6605,Santé A,Substitution,Non
2022,2000324,deltamethrine,52918-63-5,4261.154,Santé A,,Oui
2022,2000327,carfentrazone ethyl,128639-02-1,16339.647,Env A,,Oui
2022,2000332,pyraclostrobine,175013-18-0,781.71,Santé A,,Non
2022,2000333,epoxiconazole,133855-98-8,3.5,CMR,Exclusion,Non
2022,2000333,pyraclostrobine,175013-18-0,9.31,Santé A,,Non
2022,2000335,epoxiconazole,133855-98-8,0.4565,CMR,Exclusion,Non
2022,2000335,kresoxim-methyl,143390-89-0,0.61171,CMR,,Non
2022,2000335,pyraclostrobine,175013-18-0,1.21429,Santé A,,Non
2022,2000336,metirame,9006-42-2,3551.9,Env A,,Non
2022,2000336,pyraclostrobine,175013-18-0,322.9,Santé A,,Non
2022,2000338,mancozebe,8018-01-7,49.79822,CMR,Exclusion,Non
2022,2000338,zoxamide,156052-68-5,6.219178,Env A,,Non
2022,2000369,metsulfuron-methyl,74223-64-6,726.334,Env A,Substitution,Oui
2022,2000380,clethodime,99129-21-2,11441.31,Env B,,Oui
2022,2000390,"2,4-d",94-75-7,0.32,Env B,,Oui
2022,2000390,dicamba,1918-00-9,0.048,Env B,,Oui
2022,2000447,lenacile,2164-08-1,80.8,CMR,,Oui
2022,2000461,prochloraze,67747-09-5,1887.75,Env A,,Non
2022,2000468,soufre pour pulverisation (micronise),7704-34-9,952.0,Autre,,Non
2022,2000499,glyphosate,1071-83-6,106.2,Env A,,Non
2022,2000510,fer sous forme de sulfate de fer,7720-78-7,323.4,Autre,,Non
2022,2000513,pendimethaline,40487-42-1,61.2,Env A,Substitution,Non
2022,2000517,cuivre de l'hydroxyde de cuivre,20427-59-2,159137.0928,Santé A,Substitution,Oui
2022,2000519,"2,4-d",94-75-7,1419.0,Env B,,Non
2022,2000536,1-dodecanol,112-53-8,1371.89286,Env A,,Non
2022,2000536,1-tetradecanol,112-72-1,318.31501,Env A,,Non
2022,2000536,"e8,e10-dodecadiene-1-ol",33956-49-9,2349.25444,Env A,,Non
2022,2010003,chlorure d'alkyl dimethyl benzyl ammonium,68424-85-1,13.751115,Autre,,Non
2022,2010005,pyridate,55512-33-9,29.25,Env A,,Non
2022,2010019,quizalofop-p-ethyl,100646-51-3,725.3,Env A,,Non
2022,2010023,deltamethrine,52918-63-5,2417.09805,Santé A,,Oui
2022,2010025,desmediphame,13684-56-5,1.75,Env A,,Non
2022,2010025,ethofumesate,26225-79-6,10.57,Env A,,Non
2022,2010025,phenmediphame,13684-63-4,5.25,Env A,,Non
2022,2010027,milbemectine,51596-10-2,2.4552,Env A,,Non
2022,2010030,mepiquat-chlorure,24307-26-4,58290.549,Env B,,Oui
2022,2010030,prohexadione-calcium,127277-53-6,9715.0915,Env B,,Oui
2022,2010035,"2,4-mcpa",94-74-6,329.55,Env A,,Non
2022,2010035,dichlorprop-p,15165-67-0,164.775,Autre,,Non
2022,2010035,mecoprop-p (mcpp-p),16484-77-8,164.775,Env A,,Non
2022,2010047,"2,4-d",94-75-7,4.35,Env B,,Non
2022,2010047,triclopyr,55335-06-3,4.8525,Env B,,Non
2022,2010099,sels de potassium d'acides gras,10124-65-9,5.534818,Autre,,Oui
2022,2010100,sels de potassium d'acides gras,10124-65-9,3.998794,Autre,,Oui
2022,2010100,soufre,7704-34-9,2.420215,Autre,,Oui
2022,2010101,soufre,7704-34-9,1.972474,Autre,,Oui
2022,2010107,metconazole,125116-23-6,0.72,CMR,,Non
2022,2010112,bentazone,25057-89-0,5.22,Env B,,Non
2022,2010118,mancozebe,8018-01-7,1275.5648,CMR,Exclusion,Non
2022,2010118,metalaxyl-m,70630-17-0,77.331116,Autre,,Non
2022,2010123,cyanamide de calcium,156-62-7,8604.0,Autre,,Non
2022,2010130,cuivre de l'oxyde cuivreux,1317-39-1,153273.6225,Env A,Substitution,Oui
2022,2010131,brodifacoum,56073-10-0,0.0,Autre,,Oui
2022,2010132,pymetrozine,123312-89-0,1.5,CMR,,Non
2022,2010150,chlorthal,2136-79-0,0.75,Autre,,Non
2022,2010158,glyphosate,1071-83-6,325.8,Env A,,Non
2022,2010199,chlorure d'alkyl dimethyl benzyl ammonium,68424-85-1,0.13125,Autre,,Non
2022,2010199,chlorure de didecyl dimethyl ammonium,7173-51-5,0.2625,Autre,,Non
2022,2010199,esters de phosphate d'alcools gras polyoxyalkyles,68649-29-6,0.13125,Autre,,Non
2022,2010199,lauryl propylene diamine,2372-82-9,0.105,Autre,,Non
2022,2010206,paecilomyces fumosoroseus apopka souche 97,,17.2,Autre,,Non
2022,2010239,florasulame,145701-23-1,106.20751,Env A,,Oui
2022,2010239,fluroxypyr-meptyl,81406-37-3,15304.501191,Env A,,Oui
2022,2010240,florasulame,145701-23-1,16.8395,Env A,,Oui
2022,2010240,fluroxypyr-meptyl,81406-37-3,970.6571,Env A,,Oui
2022,2010262,glyphosate,1071-83-6,1440.0,Env A,,Non
2022,2010274,"2,4-mcpa",94-74-6,1.0,Env A,,Non
2022,2010274,clopyralid (sous forme de sel de monoethanolamine),57754-85-5,0.1,Autre,,Non
2022,2010274,fluroxypyr,69377-81-7,0.2,Env B,,Non
2022,2010280,metconazole,125116-23-6,33366.6783,CMR,,Oui
2022,2010282,cypermethrine,52315-07-8,6923.77,Env A,,Oui
2022,2010283,metconazole,125116-23-6,577.0701,CMR,,Non
2022,2010284,isoxaben,82558-50-7,5.6375,Env B,,Non
2022,2010288,trifloxystrobine,141517-21-7,23.625,Env A,,Oui
2022,2010296,"2,4-mcpa",94-74-6,3.125,Env A,,Non
2022,2010296,dicamba,1918-00-9,1.25,Env B,,Non
2022,2010296,dichlorprop-p,15165-67-0,5.625,Autre,,Non
2022,2010319,"2,4-mcpa",94-74-6,15.6438,Env A,,Non
2022,2010319,dichlorprop-p,15165-67-0,15.6438,Autre,,Non
2022,2010319,glyphosate,1071-83-6,20.8584,Env A,,Non
2022,2010321,glyphosate,1071-83-6,0.036,Env A,,Non
2022,2010326,metconazole,125116-23-6,237.24,CMR,,Non
2022,2010332,myclobutanil,88671-89-0,40.8,CMR,,Non
2022,2010335,glyphosate,1071-83-6,3.96,Env A,,Non
2022,2010349,desmediphame,13684-56-5,2.485,Env A,,Non
2022,2010349,ethofumesate,26225-79-6,3.92,Env A,,Non
2022,2010349,phenmediphame,13684-63-4,3.185,Env A,,Non
2022,2010351,iodosulfuron-methyl-sodium,144550-36-7,2.55,Env A,,Non
2022,2010351,mefenpyr-diethyl,135590-91-9,7.65,Autre,,Non
2022,2010351,mesosulfuron-methyl,208465-21-8,2.55,Env A,,Non
2022,2010398,folpel,133-07-3,40129.328,CMR,,Oui
2022,2010398,metalaxyl-m,70630-17-0,4865.68102,Autre,,Oui
2022,2010410,soufre pour pulverisation (micronise),7704-34-9,1161.736,Autre,,Non
2022,2010415,glyphosate,1071-83-6,234.0,Env A,,Non
2022,2010419,iodosulfuron-methyl-sodium,144550-36-7,0.9036,Env A,,Non
2022,2010419,mefenpyr-diethyl,135590-91-9,13.554,Autre,,Non
2022,2010419,mesosulfuron-methyl,208465-21-8,4.518,Env A,,Non
2022,2010420,glyphosate,1071-83-6,27.0,Env A,,Non
2022,2010425,metsulfuron-methyl,74223-64-6,23.27,Env A,Substitution,Non
2022,2010426,fosthiazate,98886-44-3,7.0,Santé A,,Non
2022,2010427,quizalofop-p-ethyl,100646-51-3,1728.48,Env A,,Non
2022,2010434,cypermethrine,52315-07-8,0.0175,Env A,,Non
2022,2010434,dicofol,115-32-2,0.175,Autre,,Non
2022,2010434,propiconazole,60207-90-1,0.0175,CMR,Exclusion,Non
2022,2010441,huile de vaseline,8042-47-5,30204.49,Autre,,Non
2022,2010478,benalaxyl,71626-11-4,4.5,Env A,,Non
2022,2010478,folpel,133-07-3,28.875,CMR,,Non
2022,2010493,glyphosate,1071-83-6,17.28,Env A,,Non
2022,2010495,metaldehyde,108-62-3,1044.75,CMR,,Non
2022,2010499,prochloraze,67747-09-5,9.0,Env A,,Non
2022,2010502,fluazinam,79622-59-6,10.0,CMR,,Non
2022,2010509,cuivre du sulfate de cuivre,8011-63-0,12380.802,Env A,Substitution,Oui
2022,2010513,bacillus thuringiensis ssp kurstaki souche abts-351,68038-71-1,,Autre,,Non
2022,2010525,metribuzine,21087-64-9,39.9,Env A,,Non
2022,2010527,ethofumesate,26225-79-6,777.5,Env A,,Non
2022,2010530,myclobutanil,88671-89-0,0.1143,CMR,,Non
2022,2010531,benoxacor,98730-04-2,839.025,Autre,,Non
2022,2010531,s-metolachlore,87392-12-9,17060.175,Env A,,Non
2022,2010537,carfentrazone ethyl,128639-02-1,32.716,Env A,,Non
2022,2010552,folpel,133-07-3,4304.3625,CMR,,Non
2022,2010552,iprovalicarbe,140923-17-7,688.698,CMR,,Non
2022,2010554,huile minerale paraffinique,8042-47-5,3.95,Autre,,Oui
2022,2010584,thiabendazole,148-79-8,9269.0,Env A,,Non
2022,2010588,folpel,133-07-3,6.0,CMR,,Non
2022,2010588,pyraclostrobine,175013-18-0,0.6,Santé A,,Non
2022,2010604,metaldehyde,108-62-3,0.05,CMR,,Non
2022,2010610,prochloraze,67747-09-5,1262.25,Env A,,Non
2022,2010613,glyphosate,1071-83-6,19.8,Env A,,Non
2022,2010617,dimethenamide-p (dmta-p),163515-14-8,5461.2,Env A,,Oui
2022,2010618,cuivre du sulfate de cuivre,8011-63-0,18923.39,Env A,Substitution,Non
2022,2010628,trifloxystrobine,141517-21-7,0.125,Env A,,Non
2022,2010632,prohexadione-calcium,127277-53-6,4.45,Env B,,Non
2022,2010640,acide alpha naphtylacetique (ana),86-87-3,24.75,CMR,,Non
2022,2010643,gibberellines (a4+a7),8030-53-3,8.04,Autre,,Non
2022,2020003,phosphate ferrique,10045-86-0,112.503798,Autre,,Oui
2022,2020014,propaquizafop,111479-05-1,805.697,Env A,,Non
2022,2020021,laminarine,9008-22-4,2215.81974,Autre,,Non
2022,2020054,tetraconazole,112281-77-3,7.5,Env A,,Non
2022,2020064,deltamethrine,52918-63-5,0.795,Santé A,,Non
2022,2020065,metribuzine,21087-64-9,16.1,Env A,,Non
2022,2020069,tau-fluvalinate,102851-06-9,437.112,Env A,,Oui
2022,2020099,trifloxystrobine,141517-21-7,46393.105,Env A,,Oui
2022,2020100,chlorophacinone,3691-35-8,0.00015,Autre,,Non
2022,2020104,di aminopropyl laurylamine,2372-82-9,0.1224,Autre,,Non
2022,2020114,chlorure de didecyl dimethyl ammonium,7173-51-5,5.289,Autre,,Non
2022,2020114,n-n bis (3 aminopropyl) dodecylamine,2372-82-9,3.80808,Autre,,Non
2022,2020119,glyphosate,1071-83-6,6328.8,Env A,,Non
2022,2020199,goudrons de pin,8011-48-1,36.3,Autre,,Non
2022,2020219,fenoxaprop-p-ethyl,71283-80-2,52.647,Env A,,Non
2022,2020226,clethodime,99129-21-2,5704.32,Env B,,Oui
2022,2020233,metaldehyde,108-62-3,346.0,CMR,,Non
2022,2020234,metaldehyde,108-62-3,310.0,CMR,,Oui
2022,2020238,pendimethaline,40487-42-1,1.6,Env A,Substitution,Non
2022,2020241,bacillus thuringiensis ssp aizawai souche abts-1857,68038-71-1,2848.5,Autre,,Non
2022,2020267,lenacile,2164-08-1,69.6,CMR,,Non
2022,2020269,glyphosate,1071-83-6,29.43,Env A,,Non
2022,2020284,alkyl phenol polyethoxyle,,0.35,Autre,,Non
2022,2020284,chlorure de lauryl dimethyl benzyl ammonium,7173-51-5,0.1,Autre,,Non
2022,2020293,glyphosate,1071-83-6,9.0,Env A,,Non
2022,2020298,bifenthrine,82657-04-3,0.00045,CMR,,Non
2022,2020301,bifenthrine,82657-04-3,0.00018,CMR,,Non
2022,2020323,aminotriazole,61-82-5,0.29,CMR,,Non
2022,2020323,diuron,330-54-1,0.145,Autre,,Non
2022,2020323,thiocyanate d'ammonium,1762-95-4,0.261,Autre,,Non
2022,2020328,isoproturon,34123-59-6,262.5,CMR,,Non
2022,2020345,deltamethrine,52918-63-5,0.798,Santé A,,Non
2022,2020365,butoxyde de piperonyle,51-03-6,0.00048,Autre,,Non
2022,2020365,dicofol,115-32-2,0.00018,Autre,,Non
2022,2020365,mancozebe,8018-01-7,0.00039,CMR,Exclusion,Non
2022,2020365,pyrethres naturels,8003-34-7,"0,00006",Env A,,Non
2022,2020426,bifenthrine,82657-04-3,0.129,CMR,,Non
2022,2020429,epoxiconazole,133855-98-8,19.0,CMR,Exclusion,Non
2022,2020429,pyraclostrobine,175013-18-0,50.54,Santé A,,Non
2022,2020430,epoxiconazole,133855-98-8,9.0,CMR,Exclusion,Non
2022,2020430,kresoxim-methyl,143390-89-0,12.06,CMR,,Non
2022,2020430,pyraclostrobine,175013-18-0,23.94,Santé A,,Non
2022,2020448,glyphosate,1071-83-6,14.58,Env A,,Non
2022,2020456,florasulame,145701-23-1,0.12,Env A,,Non
2022,2020456,fluroxypyr,69377-81-7,12.0,Env B,,Non
2022,2020474,metazachlore,67129-08-2,20376.3,CMR,,Oui
2022,2030010,clomazone,81777-89-1,126.684,Env A,,Non
2022,2030011,carfentrazone ethyl,128639-02-1,206.82,Env A,,Non
2022,2030071,metaldehyde,108-62-3,70052.259,CMR,,Oui
2022,2030072,metaldehyde,108-62-3,12.0,CMR,,Non
2022,2030073,metaldehyde,108-62-3,314.25,CMR,,Non
2022,2030085,"acides gras c14-22 et c14-22 insatures, methyl ester, sulfates, sels de sodium",84776-43-2,44.528,Autre,,Oui
2022,2030085,esters de colophane et de diethylene glycol,68153-38-8,38.391,Autre,,Oui
2022,2030089,clopyralid (sous forme de sel de monoethanolamine),57754-85-5,0.3,Autre,,Non
2022,2030092,triflusulfuron-methyl,126535-15-7,3.5,CMR,,Non
2022,2030110,metaldehyde,108-62-3,158.25,CMR,,Non
2022,2030125,deltamethrine,52918-63-5,5.23395,Santé A,,Oui
2022,2030130,epoxiconazole,133855-98-8,1.0,CMR,Exclusion,Non
2022,2030130,pyraclostrobine,175013-18-0,2.66,Santé A,,Non
2022,2030131,flazasulfuron,104040-78-0,20.5,Env A,,Non
2022,2030136,glyphosate,1071-83-6,7.2,Env A,,Oui
2022,2030174,rimsulfuron,122931-48-0,4.8775,Env A,,Oui
2022,2030175,bacillus thuringiensis ssp kurstaki souche sa-11,68038-71-1,1542.019,Autre,,Oui
2022,2030184,soufre pour pulverisation (micronise),7704-34-9,26.008,Autre,,Non
2022,2030195,esfenvalerate,66230-04-4,0.5,Santé A,Substitution,Non
2022,2030226,pencycuron,66063-05-6,5.0,Env A,,Oui
2022,2030233,pendimethaline,40487-42-1,60.0,Env A,Substitution,Oui
2022,2030239,metsulfuron-methyl,74223-64-6,1.892,Env A,Substitution,Non
2022,2030239,thifensulfuron-methyle,79277-27-3,9.416,Env A,,Non
2022,2030255,tebuconazole,107534-96-3,7044.5,CMR,,Oui
2022,2030259,gibberellines (a4+a7),8030-53-3,19.46,Autre,,Non
2022,2030273,lambda-cyhalothrine,91465-08-6,7.2075,Santé A,Substitution,Non
2022,2030273,pyrimicarbe,23103-98-2,144.15,CMR,,Non
2022,2030274,hydrazide maleique,123-33-1,3.76,Autre,,Non
2022,2030286,cypermethrine,52315-07-8,0.056,Env A,,Non
2022,2030289,glyphosate,1071-83-6,0.1656,Env A,,Non
2022,2030298,cypermethrine,52315-07-8,8.5,Env A,,Non
2022,2030323,fludioxonil,131341-86-1,7650.155269,Env A,,Oui
2022,2030332,"2,4-d",94-75-7,9029.352,Env B,,Non
2022,2030332,dichlorprop-p,15165-67-0,4514.676,Autre,,Non
2022,2030337,dichlorprop-p,15165-67-0,12.125,Autre,,Non
2022,2030342,chlormequat chlorure,999-81-5,812273.2762,Autre,,Oui
2022,2030391,soufre pour pulverisation (micronise),7704-34-9,8.25,Autre,,Non
2022,2030404,pendimethaline,40487-42-1,50339.48,Env A,Substitution,Oui
2022,2030429,metaldehyde,108-62-3,1.5,CMR,,Non
2022,2030430,metaldehyde,108-62-3,97.3855,CMR,,Non
2022,2030457,azoxystrobine,131860-33-8,61.25,Santé A,,Non
2022,2030460,metaldehyde,108-62-3,63.7555,CMR,,Non
2022,2030466,soufre triture ventile,7704-34-9,2040.76275,Autre,,Non
2022,2040003,trifloxystrobine,141517-21-7,38.625,Env A,,Non
2022,2040045,benfluraline,1861-40-1,12.6,CMR,,Non
2022,2040080,"2,4-d",94-75-7,10.22175,Env B,,Non
2022,2040080,dicamba,1918-00-9,1.46025,Env B,,Non
2022,2040080,sulfate de fer (sulfate ferreux heptahydrate),7782-63-0,730.125,Autre,,Non
2022,2040109,flupyrsulfuron-methyl,144740-54-5,0.075,Env A,,Non
2022,2040109,thifensulfuron-methyle,79277-27-3,0.3,Env A,,Non
2022,2040120,1-dodecanol,112-53-8,2.54,Env A,,Oui
2022,2040120,1-tetradecanol,112-72-1,0.589,Env A,,Oui
2022,2040120,"e8,e10-dodecadiene-1-ol",33956-49-9,4.349,Env A,,Oui
2022,2040121,1-dodecanol,112-53-8,1.941,Env A,,Oui
2022,2040121,1-tetradecanol,112-72-1,0.45,Env A,,Oui
2022,2040121,"e8,e10-dodecadiene-1-ol",33956-49-9,3.323,Env A,,Oui
2022,2040142,lambda-cyhalothrine,91465-08-6,0.125,Santé A,Substitution,Non
2022,2040142,pyrimicarbe,23103-98-2,2.5,CMR,,Non
2022,2040146,tefluthrine,79538-32-2,31941.71196,Santé A,,Oui
2022,2040192,"2,4-mcpa",94-74-6,715.75,Env A,,Non
2022,2040192,clopyralid (sous forme de sel de monoethanolamine),57754-85-5,71.575,Autre,,Non
2022,2040195,myclobutanil,88671-89-0,1.35,CMR,,Non
2022,2040199,metamitrone,41394-05-2,105.0,Env A,,Non
2022,2040201,"2,4-mcpa",94-74-6,716.4,Env A,,Non
2022,2040201,dicamba,1918-00-9,59.7,Env B,,Non
2022,2040213,cuivre du sulfate de cuivre,8011-63-0,30.3,Env A,Substitution,Non
2022,2040310,prochloraze,67747-09-5,184.299,Env A,,Non
2022,2040310,tebuconazole,107534-96-3,91.425,CMR,,Non
2022,2040311,metazachlore,67129-08-2,185.0,CMR,,Non
2022,2040313,metaldehyde,108-62-3,1.4,CMR,,Non
2022,2040314,cuivre du sulfate de cuivre,8011-63-0,156.0,Env A,Substitution,Non
2022,2040322,imidaclopride,138261-41-3,0.0018,Env A,,Non
2022,2040330,cymoxanil,57966-95-7,0.4,CMR,,Non
2022,2040330,mancozebe,8018-01-7,4.65,CMR,Exclusion,Non
2022,2040338,dicamba,1918-00-9,482.4,Env B,,Non
2022,2040354,lecanicillium muscarium souche ve6,67892-35-7,12.3165,Autre,,Non
2022,2050022,alcool isopropylique,67-63-0,10.4475,Autre,,Non
2022,2050022,chlorhydrate de poly biguanide,32289-58-0,2.0895,Autre,,Non
2022,2050022,chlorure de didecyl dimethyl ammonium,7173-51-5,10.4475,Autre,,Non
2022,2050028,soufre pour pulverisation (micronise),7704-34-9,160.0,Autre,,Non
2022,2050035,mesotrione,104206-82-8,43.0,CMR,,Non
2022,2050037,cyanamide de calcium,156-62-7,10719.9,Autre,,Non
2022,2050038,huile minerale paraffinique,8042-47-5,,Autre,,Non
2022,2050046,flonicamide,158062-67-0,29574.655,Autre,,Oui
2022,2050075,boscalid,188425-85-6,20469.01,Env A,,Oui
2022,2050076,boscalid,188425-85-6,2401.7,Env A,,Oui
2022,2050078,imazalil,35554-44-0,5452.5,CMR,,Non
2022,2050089,tebuconazole,107534-96-3,212.5,CMR,,Non
2022,2050090,hypochlorite de sodium,7681-52-9,14112.8,Env A,,Non
2022,2050116,cuivre de l'oxychlorure de cuivre,1332-65-6,10.15,Santé A,Substitution,Non
2022,2050116,iprovalicarbe,140923-17-7,2.1,CMR,,Non
2022,2050124,cyproconazole,94361-06-5,1.0,CMR,Exclusion,Non
2022,2050136,fluorure de sulfuryle,2699-79-8,2376.6372,Santé A,,Non
2022,2050140,hypochlorite de sodium,7681-52-9,86.578,Env A,,Non
2022,2050142,metaldehyde,108-62-3,2.99,CMR,,Non
2022,2050145,diflufenicanil,83164-33-4,0.0102,Env B,,Non
2022,2050145,glyphosate,1071-83-6,0.06375,Env A,,Non
2022,2060002,difenoconazole,119446-68-3,3558.2375,Env A,,Oui
2022,2060007,soufre triture ventile,7704-34-9,124257.75,Autre,,Oui
2022,2060019,metazachlore,67129-08-2,0.04,CMR,,Non
2022,2060026,flazasulfuron,104040-78-0,192.1125,Env A,,Non
2022,2060034,kaolin,1332-58-7,97363.125,Autre,,Non
2022,2060045,huile vegetale,,135.3695,Autre,,Non
2022,2060045,resines (colophane),8050-09-7,1315.018,Autre,,Non
2022,2060050,metrafenone,220899-03-6,34329.765,Env A,,Oui
2022,2060051,metrafenone,220899-03-6,12196.461,Env A,,Non
2022,2060063,picolinafen,137641-05-5,2876.4075,Env A,,Non
2022,2060064,virus de la granulose,,2.5,Autre,,Non
2022,2060071,flazasulfuron,104040-78-0,0.275,Env A,,Non
2022,2060078,esters methyliques d'acides gras c16-c18 et c18 insatures,67762-38-3,468.93,Autre,,Oui
2022,2060079,6-benzyladenine,1214-39-7,9.1675,CMR,,Non
2022,2060079,gibberellines (a4+a7),8030-53-3,9.1675,Autre,,Non
2022,2060084,boscalid,188425-85-6,28777.6872,Env A,,Oui
2022,2060084,pyraclostrobine,175013-18-0,7221.3672,Santé A,,Oui
2022,2060085,boscalid,188425-85-6,3299.086,Env A,,Oui
2022,2060085,kresoxim-methyl,143390-89-0,1649.543,CMR,,Oui
2022,2060086,pyraclostrobine,175013-18-0,161.842,Santé A,,Non
2022,2060088,benoxacor,98730-04-2,38717.527798,Autre,,Oui
2022,2060088,mesotrione,104206-82-8,77435.055596,CMR,,Oui
2022,2060088,s-metolachlore,87392-12-9,774350.55596,Env A,,Oui
2022,2060091,diflufenicanil,83164-33-4,6.25,Env B,,Non
2022,2060091,isoproturon,34123-59-6,50.0,CMR,,Non
2022,2060098,spinosad,168316-95-8,11874.1536,Env A,,Oui
2022,2060107,imazalil,35554-44-0,6.5,CMR,,Non
2022,2060108,ethephon,16672-87-0,3.456,Santé A,,Non
2022,2060111,imazalil,35554-44-0,156.0,CMR,,Non
2022,2060113,bifenazate,149877-41-8,536.6688,Env A,,Oui
2022,2060115,azoxystrobine,131860-33-8,650.664,Santé A,,Non
2022,2060115,cyproconazole,94361-06-5,260.2656,CMR,Exclusion,Non
2022,2060116,prothioconazole,178928-70-6,41099.4425,Env A,,Oui
2022,2060118,fluoxastrobine,361377-29-9,23496.57,CMR,,Oui
2022,2060118,prothioconazole,178928-70-6,46993.14,Env A,,Oui
2022,2060119,metsulfuron-methyl,74223-64-6,372.87,Env A,Substitution,Oui
2022,2060127,prothioconazole,178928-70-6,8100.71,Env A,,Oui
2022,2060129,oxyfluorfene,42874-03-3,0.00675,CMR,,Non
2022,2060129,pendimethaline,40487-42-1,0.0345,Env A,Substitution,Non
2022,2060130,spinosad,168316-95-8,1.37016,Env A,,Non
2022,2060131,"2,4-d",94-75-7,6503.49279,Env B,,Oui
2022,2060131,triclopyr,55335-06-3,7244.751108,Env B,,Oui
2022,2060132,spinosad,168316-95-8,221.04,Env A,,Non
2022,2060134,captane,133-06-2,131496.8,CMR,,Non
2022,2060172,tetraconazole,112281-77-3,4975.915,Env A,,Oui
2022,2060175,metaldehyde,108-62-3,6.636,CMR,,Non
2022,2060177,acide hydroxyacetique,79-14-1,9.32432,Autre,,Non
2022,2060192,soufre,7704-34-9,1.92,Autre,,Non
2022,2060194,tefluthrine,79538-32-2,9286.417949,Santé A,,Oui
2022,2070077,prothioconazole,178928-70-6,265.0,Env A,,Non
2022,2070088,metazachlore,67129-08-2,1102.5,CMR,,Non
2022,2070107,fosetyl,15845-66-6,4645.97,Autre,,Oui
2022,2070107,propamocarbe,24579-73-5,7943.11,Autre,,Oui
2022,2070108,heptamaloxyloglucan,870721-81-6,169.43364,Autre,,Non
2022,2070133,napropamide,15299-99-7,41471.1765,Env A,,Oui
2022,2070136,cymoxanil,57966-95-7,29.3208,CMR,,Non
2022,2070136,mancozebe,8018-01-7,340.8543,CMR,Exclusion,Non
2022,2070143,cuivre de l'oxychlorure de cuivre,1332-40-7,4560.0,Santé A,Substitution,Non
2022,2070143,cymoxanil,57966-95-7,456.0,CMR,,Non
2022,2070163,bentazone,25057-89-0,7.83,Env B,,Non
2022,2070184,chlorotoluron,15545-48-9,180836.464,CMR,,Oui
2022,2070184,diflufenicanil,83164-33-4,11302.279,Env B,,Oui
2022,2070185,fluazinam,79622-59-6,5152.525,CMR,,Oui
2022,2070190,fluazifop-p-butyl,79241-46-6,38.125,CMR,,Non
2022,2070193,cuivre de l'oxychlorure de cuivre,1332-40-7,1540.5,Santé A,Substitution,Non
2022,2070193,cymoxanil,57966-95-7,154.05,CMR,,Non
2022,2070196,thiamethoxam,153719-23-4,0.105,Env A,,Oui
2022,2070221,metazachlore,67129-08-2,62058.42,CMR,,Non
2022,2070221,quinmerac,90717-03-6,15514.605,Env A,,Non
2022,2070242,dithianon,3347-22-6,135.1,Env A,,Non
2022,2080004,trichoderma atroviride souche l-1237,,,Autre,,Non
2022,2080010,huile minerale paraffinique,8042-47-5,4658.4,Autre,,Oui
2022,2080018,acetamipride,135410-20-7,0.05225,Env B,,Non
2022,2080019,laminarine,9008-22-4,210.114,Autre,,Non
2022,2080020,flufenacet,142459-58-3,372.6,Env A,,Non
2022,2080023,benthiavalicarbe,177406-68-7,1.225,CMR,,Non
2022,2080023,mancozebe,8018-01-7,49.0,CMR,Exclusion,Non
2022,2080024,benthiavalicarbe,177406-68-7,0.525,CMR,,Non
2022,2080024,mancozebe,8018-01-7,21.0,CMR,Exclusion,Non
2022,2080025,butoxyde de piperonyle,51-03-6,7836.075,Autre,,Non
2022,2080025,cypermethrine,52315-07-8,2749.5,Env A,,Non
2022,2080026,nicosulfuron,111991-09-4,11812.8096,Env A,,Oui
2022,2080029,penoxsulame,219714-96-2,484.6696,Env A,,Non
2022,2080036,hydroxyde de sodium,1310-73-2,3.021375,Autre,,Non
2022,2080036,hypochlorite de sodium,7681-52-9,6.04275,Env A,,Non
2022,2080038,pyrethrines,8003-34-7,2396.6009,Env A,,Oui
2022,2080039,"2,4-db",94-82-6,12.0,Env A,,Non
2022,2080049,thiamethoxam,153719-23-4,42127.61406,Env A,,Oui
2022,2080053,diflufenicanil,83164-33-4,0.09657,Env B,,Non
2022,2080053,glyphosate,1071-83-6,1.5984,Env A,,Non
2022,2080053,oxadiazon,19666-30-9,1.5984,Env A,,Non
2022,2080054,acetamipride,135410-20-7,0.000795,Env B,,Non
2022,2080056,pseudomonas chlororaphis souche ma 342,,29.4576,Autre,,Non
2022,2080060,pyriproxyfene,95737-68-1,522.5,Env A,,Oui
2022,2080062,benalaxyl-m,98243-83-5,3.4,Env A,,Oui
2022,2080062,mancozebe,8018-01-7,55.25,CMR,Exclusion,Oui
2022,2080063,benalaxyl-m,98243-83-5,2890.228375,Env A,,Oui
2022,2080063,folpel,133-07-3,36994.9296,CMR,,Oui
2022,2080070,boscalid,188425-85-6,2412.79416,Env A,,Non
2022,2080070,pyraclostrobine,175013-18-0,1225.54624,Santé A,,Non
2022,2080089,thiaclopride,111988-49-9,0.00054,CMR,Exclusion,Non
2022,2080090,thiaclopride,111988-49-9,0.1197,CMR,Exclusion,Non
2022,2080091,metaldehyde,108-62-3,0.075,CMR,,Non
2022,2080094,florasulame,145701-23-1,389.628,Env A,,Non
2022,2080094,isoxaben,82558-50-7,5941.827,Env B,,Non
2022,2080097,cypermethrine,52315-07-8,236.9,Env A,,Non
2022,2080098,mandipropamide,374726-62-2,55180.4275,Env A,,Oui
2022,2080100,folpel,133-07-3,581.304,CMR,,Non
2022,2080100,mandipropamide,374726-62-2,72.663,Env A,,Non
2022,2080101,acetamipride,135410-20-7,40.6,Env B,,Non
2022,2080102,azoxystrobine,131860-33-8,6564.96,Santé A,,Oui
2022,2080102,difenoconazole,119446-68-3,4103.1,Env A,,Oui
2022,2080104,benalaxyl-m,98243-83-5,1066.0125,Env A,,Non
2022,2080104,folpel,133-07-3,13644.96,CMR,,Non
2022,2080105,glyphosate,1071-83-6,66052.8,Env A,,Oui
2022,2080112,thirame,137-26-8,1741.0752,Env A,,Non
2022,2080113,glyphosate,1071-83-6,312.8,Env A,,Non
2022,2080114,cymoxanil,57966-95-7,11548.341,CMR,,Oui
2022,2080114,propamocarbe hcl,25606-41-1,92386.728,Autre,,Oui
2022,2080117,prosulfuron,94125-34-5,4476.3525,Env A,Substitution,Oui
2022,2080121,dimethomorphe,110488-70-5,379.305,Env A,Exclusion,Non
2022,2080121,dithianon,3347-22-6,885.045,Env A,,Non
2022,2080123,metsulfuron-methyl,74223-64-6,2448.594,Env A,Substitution,Non
2022,2080124,metsulfuron-methyl,74223-64-6,407.43,Env A,Substitution,Oui
2022,2080125,metsulfuron-methyl,74223-64-6,3285.466,Env A,Substitution,Oui
2022,2080129,meptyldinocap,131-72-6,359.8,Env A,,Non
2022,2080133,glyphosate,1071-83-6,0.042,Env A,,Non
2022,2080136,pyridate,55512-33-9,11333.9745,Env A,,Oui
2022,2080145,diflufenicanil,83164-33-4,161197.69998,Env B,,Oui
2022,2080145,flufenacet,142459-58-3,322395.39996,Env A,,Oui
2022,2080147,difenoconazole,119446-68-3,3967.125,Env A,,Non
2022,2080147,paclobutrazol,76738-62-0,1983.5625,CMR,,Non
2022,2090001,proquinazid,189278-12-4,2621.616,CMR,,Oui
2022,2090008,thirame,137-26-8,533.98072,Env A,,Non
2022,2090009,pendimethaline,40487-42-1,46796.3199,Env A,Substitution,Non
2022,2090009,picolinafen,137641-05-5,1063.552725,Env A,,Non
2022,2090010,phenmediphame,13684-63-4,2007.36,Env A,,Non
2022,2090011,pendimethaline,40487-42-1,92151.3047,Env A,Substitution,Non
2022,2090016,imazamox,114311-32-9,9469.15217,Env A,Substitution,Non
2022,2090016,pendimethaline,40487-42-1,141753.775,Env A,Substitution,Non
2022,2090017,fluazinam,79622-59-6,2567.55,CMR,,Non
2022,2090019,6-benzyladenine,1214-39-7,1106.92,CMR,,Oui
2022,2090024,sulcotrione,99105-77-8,193.5,CMR,,Non
2022,2090026,pyrimethanil,53112-28-0,4.0,Env A,,Non
2022,2090027,metamitrone,41394-05-2,294.0,Env A,,Non
2022,2090028,metamitrone,41394-05-2,17906.0,Env A,,Oui
2022,2090033,difenoconazole,119446-68-3,0.00167,Env A,,Non
2022,2090034,difenoconazole,119446-68-3,0.000125,Env A,,Non
2022,2090036,glyphosate,1071-83-6,0.273,Env A,,Non
2022,2090037,dicamba,1918-00-9,21256.79,Env B,,Oui
2022,2090037,prosulfuron,94125-34-5,2125.679,Env A,Substitution,Oui
2022,2090039,ethofumesate,26225-79-6,59891.31,Env A,,Oui
2022,2090041,cloquintocet-mexyl,99607-70-2,1909.30275,Autre,,Non
2022,2090041,pyroxsulame,422556-08-9,1909.30275,Env A,,Non
2022,2090042,cloquintocet-mexyl,99607-70-2,1823.78716,Autre,,Oui
2022,2090042,florasulame,145701-23-1,608.81756,Env A,,Oui
2022,2090042,pyroxsulame,422556-08-9,1823.78716,Env A,,Oui
2022,2090044,glyphosate,1071-83-6,48.2966,Env A,,Non
2022,2090045,acetamipride,135410-20-7,4.8e-05,Env B,,Non
2022,2090050,cypermethrine,52315-07-8,56701.452802,Env A,,Non
2022,2090052,tribenuron-methyle,101200-48-0,7813.34,Env A,,Oui
2022,2090053,bromoxynil octanoate,1689-99-2,3.93,CMR,Exclusion,Non
2022,2090053,isoxadifen-ethyl,163520-33-0,0.375,Env A,,Non
2022,2090053,tembotrione,335104-84-2,0.75,CMR,,Non
2022,2090054,metsulfuron-methyl,74223-64-6,388.72834,Env A,Substitution,Non
2022,2090054,tribenuron-methyle,101200-48-0,388.72834,Env A,,Non
2022,2090055,6-benzyladenine,1214-39-7,623.5,CMR,,Non
2022,2090056,isoxadifen-ethyl,163520-33-0,2.3925,Env A,,Oui
2022,2090056,tembotrione,335104-84-2,4.785,CMR,,Oui
2022,2090057,metsulfuron-methyl,74223-64-6,1101.32868,Env A,Substitution,Non
2022,2090057,tribenuron-methyle,101200-48-0,2202.65736,Env A,,Non
2022,2090059,pendimethaline,40487-42-1,20.0,Env A,Substitution,Non
2022,2090060,deltamethrine,52918-63-5,0.05,Santé A,,Non
2022,2090060,thiaclopride,111988-49-9,0.5,CMR,Exclusion,Non
2022,2090063,tebuconazole,107534-96-3,1569.805,CMR,,Oui
2022,2090063,trifloxystrobine,141517-21-7,784.9025,Env A,,Oui
2022,2090064,imazamox,114311-32-9,5837.8156,Env A,Substitution,Non
2022,2090065,folpel,133-07-3,1175.9952,CMR,,Non
2022,2090065,valifenalate,283159-90-0,146.9994,CMR,,Non
2022,2090068,mepiquat-chlorure,24307-26-4,13457.8101,Env B,,Oui
2022,2090068,metconazole,125116-23-6,1922.5443,CMR,,Oui
2022,2090069,bromoxynil,1689-84-5,36.425,CMR,Exclusion,Non
2022,2090072,florasulame,145701-23-1,121.6025,Env A,,Non
2022,2090075,oxamyl,23135-22-0,8210.0,Santé A,,Oui
2022,2090077,prosulfocarbe,52888-80-9,6980.0,Env A,,Non
2022,2090079,acide acetique,64-19-7,1.26,Autre,,Non
2022,2090080,sulcotrione,99105-77-8,35930.16,CMR,,Oui
2022,2090090,thiamethoxam,153719-23-4,0.02,Env A,,Non
2022,2090091,thiamethoxam,153719-23-4,39.5,Env A,,Non
2022,2090093,glyphosate,1071-83-6,811875.955455,Env A,,Oui
2022,2090094,thiophanate-methyl,23564-05-8,278.03072,CMR,Exclusion,Non
2022,2090095,ethofumesate,26225-79-6,31018.032,Env A,,Oui
2022,2090095,phenmediphame,13684-63-4,32650.56,Env A,,Oui
2022,2090096,pethoxamide,106700-29-2,9837.06,Env A,,Non
2022,2090099,metazachlore,67129-08-2,5202.5,CMR,,Non
2022,2090100,metazachlore,67129-08-2,4.5,CMR,,Non
2022,2090101,nicosulfuron,111991-09-4,11769.4808,Env A,,Oui
2022,2090103,soufre pour pulverisation (micronise),7704-34-9,10712.0,Autre,,Oui
2022,2090104,penconazole,66246-88-6,15.5,CMR,,Non
2022,2090105,soufre,7704-34-9,476155.895,Autre,,Non
2022,2090106,penconazole,66246-88-6,104.7,CMR,,Non
2022,2090107,abamectine,71751-41-2,0.000106,CMR,,Non
2022,2090107,thiamethoxam,153719-23-4,0.000705,Env A,,Non
2022,2090109,imidaclopride,138261-41-3,0.455,Env A,,Non
2022,2090111,cypermethrine,52315-07-8,69190.47915,Env A,,Non
2022,2090112,dimethenamide-p (dmta-p),163515-14-8,22630.718,Env A,,Non
2022,2090112,metazachlore,67129-08-2,22630.718,CMR,,Non
2022,2090113,dimethenamide-p (dmta-p),163515-14-8,275729.659729,Env A,,Non
2022,2090113,pendimethaline,40487-42-1,324387.834975,Env A,Substitution,Non
2022,2090114,diflufenicanil,83164-33-4,578.412,Env B,,Non
2022,2090114,iodosulfuron-methyl-sodium,144550-36-7,16.067,Env A,,Non
2022,2090115,glyphosate,1071-83-6,257.508,Env A,,Oui
2022,2090116,glyphosate,1071-83-6,264.96,Env A,,Non
2022,2090117,tebuconazole,107534-96-3,87920.584,CMR,,Oui
2022,2090118,flufenacet,142459-58-3,88748.2068,Env A,,Oui
2022,2090118,pendimethaline,40487-42-1,443741.034,Env A,Substitution,Oui
2022,2090119,cuivre du sulfate tribasique,12527-76-3,40635.455762,Env A,Substitution,Non
2022,2090121,cuivre du sulfate de cuivre,8011-63-0,3008.24,Env A,Substitution,Oui
2022,2090123,acide pelargonique,112-05-0,7.468,Autre,,Non
2022,2090123,hydrazide maleique,123-33-1,1.2,Autre,,Non
2022,2090124,acide pelargonique,112-05-0,0.280731,Autre,,Non
2022,2090124,hydrazide maleique,123-33-1,0.044798,Autre,,Non
2022,2090126,cyazofamide,120116-88-3,12835.9145,Env A,,Oui
2022,2090126,phosphonate de disodium,13708-85-5,128359.145,Autre,,Oui
2022,2090127,huile essentielle d'orange douce,8028-48-6,11027.2182,Env A,,Oui
2022,2090130,benthiavalicarbe,177406-68-7,45.5,CMR,,Non
2022,2090130,cuivre du sulfate tribasique,12527-76-3,975.0,Env A,Substitution,Non
2022,2090131,1-methylcyclopropene (1-mcp),3100-04-7,0.001449,Autre,,Non
2022,2090132,cuivre du sulfate tribasique,12527-76-3,179083.918466,Env A,Substitution,Non
2022,2090132,zoxamide,156052-68-5,26869.305096,Env A,,Non
2022,2090133,cuivre de l'hydroxyde de cuivre,20427-59-2,4087.49,Santé A,Substitution,Non
2022,2090134,cuivre de l'hydroxyde de cuivre,20427-59-2,12108.6,Santé A,Substitution,Non
2022,2090135,cuivre de l'hydroxyde de cuivre,20427-59-2,4162.0,Santé A,Substitution,Non
2022,2090136,fluopicolide,239110-15-7,23447.01,Env A,,Oui
2022,2090136,propamocarbe hcl,25606-41-1,234470.1,Autre,,Oui
2022,2090137,cuivre du sulfate de cuivre,8011-63-0,66760.47802,Env A,Substitution,Non
2022,2090146,abamectine,71751-41-2,0.570147,CMR,,Oui
2022,2090146,pyrethrines,8003-34-7,7.615022,Env A,,Oui
2022,2090149,ethephon,16672-87-0,5854.752,Santé A,,Oui
2022,2090153,dicamba,1918-00-9,63429.84,Env B,,Oui
2022,2090153,tritosulfuron,142469-14-5,13214.55,Env A,,Oui
2022,2090157,cyflufenamid,180409-60-3,1379.2445,Env A,,Non
2022,2090158,glyphosate,1071-83-6,244.8,Env A,,Non
2022,2090159,tritosulfuron,142469-14-5,9018.19128,Env A,,Non
2022,2090160,glyphosate,1071-83-6,13113.27,Env A,,Oui
2022,2090161,benthiavalicarbe,177406-68-7,0.35,CMR,,Non
2022,2090161,folpel,133-07-3,10.0,CMR,,Non
2022,2090163,glyphosate,1071-83-6,4749.75,Env A,,Non
2022,2090164,glyphosate,1071-83-6,1589.04,Env A,,Non
2022,2090166,asulame,2302-17-2,9.6,Autre,,Non
2022,2090167,flumioxazine,103361-09-7,2.0,CMR,,Oui
2022,2090168,trichoderma harzianum souche t22,,46.1265,Autre,,Non
2022,2090169,trichoderma harzianum souche t22,,13.064,Autre,,Non
2022,2090170,cuivre de l'hydroxyde de cuivre,20427-59-2,11961.6,Santé A,Substitution,Non
2022,2090173,epoxiconazole,133855-98-8,0.625,CMR,Exclusion,Non
2022,2090173,fenpropimorphe,67564-91-4,2.0,CMR,,Non
2022,2090173,metrafenone,220899-03-6,0.75,Env A,,Non
2022,2090176,diquat,85-00-7,0.000261,Santé A,,Non
2022,2090176,glyphosate,1071-83-6,0.007221,Env A,,Non
2022,2090177,abamectine,71751-41-2,1.1e-05,CMR,,Non
2022,2090177,difenoconazole,119446-68-3,0.000125,Env A,,Non
2022,2090177,thiamethoxam,153719-23-4,7.5e-05,Env A,,Non
2022,2090178,tebuconazole,107534-96-3,0.002,CMR,,Non
2022,2090178,trifloxystrobine,141517-21-7,0.002,Env A,,Non
2022,2090183,hydrazide maleique,123-33-1,8376.0,Autre,,Oui
2022,2090186,prosulfocarbe,52888-80-9,385208.25608,Env A,,Oui
2022,2090188,glyphosate,1071-83-6,173071.8,Env A,,Oui
2022,2090189,glyphosate,1071-83-6,5.4,Env A,,Non
2022,2090190,thiamethoxam,153719-23-4,30.9505,Env A,,Non
2022,2090194,proquinazid,189278-12-4,8.0,CMR,,Non
2022,2090199,huile de colza,8002-13-9,6922.179091,Autre,,Oui
2022,2090199,pyrethrines,8003-34-7,38.499277,Env A,,Oui
2022,2090200,huile de colza,8002-13-9,127.364041,Autre,,Oui
2022,2090200,pyrethrines,8003-34-7,0.694084,Env A,,Oui
2022,2100002,triticonazole,131983-72-7,528.49075,Env A,,Non
2022,2100004,acetamipride,135410-20-7,0.000113,Env B,,Non
2022,2100004,triticonazole,131983-72-7,0.000338,Env A,,Non
2022,2100009,thifensulfuron-methyle,79277-27-3,6625.77093,Env A,,Non
2022,2100009,tribenuron-methyle,101200-48-0,3322.83407,Env A,,Non
2022,2100012,pethoxamide,106700-29-2,69.0,Env A,,Non
2022,2100013,dimethyl polysiloxane,63148-62-9,24.876,Autre,,Oui
2022,2100014,metsulfuron-methyl,74223-64-6,443.90314,Env A,Substitution,Non
2022,2100014,thifensulfuron-methyle,79277-27-3,2206.26486,Env A,,Non
2022,2100015,thifensulfuron-methyle,79277-27-3,632.69,Env A,,Non
2022,2100016,metsulfuron-methyl,74223-64-6,403.298,Env A,Substitution,Non
2022,2100016,thifensulfuron-methyle,79277-27-3,4032.98,Env A,,Non
2022,2100018,tebuconazole,107534-96-3,38981.365,CMR,,Non
2022,2100021,folpel,133-07-3,53631.416,CMR,,Non
2022,2100023,flazasulfuron,104040-78-0,15.4,Env A,,Oui
2022,2100025,spirodiclofen,148477-71-8,0.24,CMR,Exclusion,Non
2022,2100026,cypermethrine,52315-07-8,37351.21,Env A,,Oui
2022,2100028,fluroxypyr,69377-81-7,18638.12,Env B,,Oui
2022,2100030,phosphate ferrique,10045-86-0,44416.976076,Autre,,Oui
2022,2100031,prothioconazole,178928-70-6,16.25,Env A,,Non
2022,2100032,prothioconazole,178928-70-6,775.25,Env A,,Non
2022,2100034,phenmediphame,13684-63-4,10424.32,Env A,,Non
2022,2100036,"e8,e10-dodecadiene-1-ol",33956-49-9,42.41172,Env A,,Non
2022,2100037,boscalid,188425-85-6,9831.96,Env A,,Non
2022,2100037,dimoxystrobine,149961-52-4,9831.96,CMR,,Non
2022,2100038,kaolin,1332-58-7,925146.65,Autre,,Non
2022,2100040,epoxiconazole,133855-98-8,0.01125,CMR,Exclusion,Non
2022,2100040,pyraclostrobine,175013-18-0,0.0153,Santé A,,Non
2022,2100041,phosphonate de potassium,13492-26-7,302541.50865,Autre,,Oui
2022,2100049,mandipropamide,374726-62-2,4342.5,Env A,,Non
2022,2100051,ipconazole,125225-28-7,666.5772,CMR,Exclusion,Non
2022,2100052,cyprodinyl,121552-61-2,161758.356,Env A,,Oui
2022,2100053,fluroxypyr,69377-81-7,17529.148,Env B,,Oui
2022,2100056,prothioconazole,178928-70-6,23155.1872,Env A,,Non
2022,2100056,spiroxamine,118134-30-8,43415.976,CMR,,Non
2022,2100057,prothioconazole,178928-70-6,52608.42825,Env A,,Oui
2022,2100057,trifloxystrobine,141517-21-7,26454.52392,Env A,,Oui
2022,2100059,phosphonate de potassium,13492-26-7,98744.866419,Autre,,Non
2022,2100060,phosphonate de potassium,13492-26-7,122718.066054,Autre,,Non
2022,2100061,cuivre du sulfate de cuivre,8011-63-0,196.0,Env A,Substitution,Oui
2022,2100065,metsulfuron-methyl,74223-64-6,7.48476,Env A,Substitution,Non
2022,2100065,thifensulfuron-methyle,79277-27-3,75.06774,Env A,,Non
2022,2100066,daminozide,1596-84-5,497.1225,Autre,,Oui
2022,2100067,daminozide,1596-84-5,828.325,Autre,,Non
2022,2100069,metsulfuron-methyl,74223-64-6,378.6972,Env A,Substitution,Non
2022,2100069,thifensulfuron-methyle,79277-27-3,3678.7728,Env A,,Non
2022,2100072,lecithine de soja,8002-43-5,195.2,Autre,,Oui
2022,2100078,deltamethrine,52918-63-5,9.3e-05,Santé A,,Non
2022,2100080,prothioconazole,178928-70-6,713.75,Env A,,Non
2022,2100086,metirame,9006-42-2,1207.5,Env A,,Oui
2022,2100091,clethodime,99129-21-2,936.288,Env B,,Non
2022,2100099,glyphosate,1071-83-6,0.36,Env A,,Non
2022,2100103,chlorprophame,101-21-3,0.0051,CMR,,Non
2022,2100108,prothioconazole,178928-70-6,54376.58125,Env A,,Oui
2022,2100108,tebuconazole,107534-96-3,54376.58125,CMR,,Oui
2022,2100110,cyprodinyl,121552-61-2,341.9165,Env A,,Non
2022,2100110,fludioxonil,131341-86-1,170.95825,Env A,,Non
2022,2100110,tebuconazole,107534-96-3,205.1499,CMR,,Non
2022,2100111,mesotrione,104206-82-8,23819.87025,CMR,,Oui
2022,2100111,nicosulfuron,111991-09-4,9527.9481,Env A,,Oui
2022,2100112,ethephon,16672-87-0,112780.9248,Santé A,,Oui
2022,2100114,cyprodinyl,121552-61-2,390.75,Env A,,Non
2022,2100114,fludioxonil,131341-86-1,260.5,Env A,,Non
2022,2100121,chlorantraniliprole,500008-45-7,12375.832,Env A,,Oui
2022,2100122,chlorantraniliprole,500008-45-7,363.0935,Env A,,Non
2022,2100137,cloquintocet-mexyl,99607-70-2,0.625,Autre,,Non
2022,2100137,pinoxaden,243973-20-8,2.5,CMR,,Non
2022,2100138,cloquintocet-mexyl,99607-70-2,15760.2845,Autre,,Oui
2022,2100138,pinoxaden,243973-20-8,63041.146,CMR,,Oui
2022,2100140,clodinafop-propargyl,105512-06-9,4571.26025,Env A,,Non
2022,2100140,cloquintocet-mexyl,99607-70-2,1142.815065,Autre,,Non
2022,2100140,pinoxaden,243973-20-8,4571.26025,CMR,,Non
2022,2100143,pyrimethanil,53112-28-0,706.0,Env A,,Non
2022,2100144,cyprodinyl,121552-61-2,31.5,Env A,,Non
2022,2100144,picoxystrobine,117428-22-5,8.4,CMR,,Non
2022,2100145,aminopyralid,150114-71-9,1.05,Env A,,Non
2022,2100145,fluroxypyr-meptyl,81406-37-3,3.5,Env A,,Non
2022,2100151,pyraclostrobine,175013-18-0,57075.194,Santé A,,Non
2022,2100152,fosetyl-aluminium,39148-24-8,1.855,Autre,,Non
2022,2100152,iprovalicarbe,140923-17-7,0.17,CMR,,Non
2022,2100152,mancozebe,8018-01-7,1.43,CMR,Exclusion,Non
2022,2100153,thiamethoxam,153719-23-4,6.3,Env A,,Non
2022,2100154,chlorpyriphos-ethyl,2921-88-2,50.5,Santé A,,Non
2022,2100154,cypermethrine,52315-07-8,5.05,Env A,,Non
2022,2100155,glyphosate,1071-83-6,3.6,Env A,,Non
2022,2100156,diquat,85-00-7,3.0,Santé A,,Non
2022,2100157,desmediphame,13684-56-5,1.2,Env A,,Non
2022,2100157,ethofumesate,26225-79-6,1.2,Env A,,Non
2022,2100157,metamitrone,41394-05-2,4.0,Env A,,Non
2022,2100157,phenmediphame,13684-63-4,1.2,Env A,,Non
2022,2100158,glyphosate,1071-83-6,2.4,Env A,,Non
2022,2100158,pyraflufen-ethyl,129630-19-9,0.0066,Env A,,Non
2022,2100159,glyphosate,1071-83-6,0.216,Env A,,Non
2022,2100159,pyraflufen-ethyl,129630-19-9,0.0006,Env A,,Non
2022,2100161,glyphosate,1071-83-6,3.6,Env A,,Non
2022,2100161,pyraflufen-ethyl,129630-19-9,0.0099,Env A,,Non
2022,2100162,bacillus subtilis souche qst 713,68038-70-0,29.773,Autre,,Non
2022,2100163,glyphosate,1071-83-6,0.288,Env A,,Non
2022,2100163,pyraflufen-ethyl,129630-19-9,0.0008,Env A,,Non
2022,2100164,fluroxypyr,69377-81-7,29.4,Env B,,Non
2022,2100165,acetamipride,135410-20-7,0.0055,Env B,,Non
2022,2100165,triticonazole,131983-72-7,0.0165,Env A,,Non
2022,2100167,mancozebe,8018-01-7,480.0,CMR,Exclusion,Non
2022,2100170,difenoconazole,119446-68-3,1.25,Env A,,Non
2022,2100172,sulcotrione,99105-77-8,3.3,CMR,,Non
2022,2100173,pendimethaline,40487-42-1,63.7,Env A,Substitution,Non
2022,2100175,prothioconazole,178928-70-6,1205.331,Env A,,Non
2022,2100177,isoxadifen-ethyl,163520-33-0,3502.041,Env A,,Non
2022,2100177,tembotrione,335104-84-2,7004.082,CMR,,Non
2022,2100178,folpel,133-07-3,10806.64,CMR,,Non
2022,2100178,fosetyl-aluminium,39148-24-8,21613.28,Autre,,Non
2022,2100178,iprovalicarbe,140923-17-7,1729.0624,CMR,,Non
2022,2100179,azoxystrobine,131860-33-8,25.248,Santé A,,Non
2022,2100179,chlorothalonil,1897-45-6,126.24,CMR,,Non
2022,2100180,fludioxonil,131341-86-1,0.00288,Env A,,Non
2022,2100180,metalaxyl-m,70630-17-0,0.011628,Autre,,Non
2022,2100180,thiamethoxam,153719-23-4,0.1008,Env A,,Non
2022,2100181,fluopicolide,239110-15-7,36117.838017,Env A,,Non
2022,2100181,fosetyl-aluminium,39148-24-8,542336.995627,Autre,,Non
2022,2100183,acequinocyl,57960-19-7,612.54,Santé A,,Non
2022,2100185,clomazone,81777-89-1,266.9328,Env A,,Non
2022,2100185,metazachlore,67129-08-2,2004.0,CMR,,Non
2022,2100186,glyphosate,1071-83-6,220390.6392,Env A,,Oui
2022,2100188,glyphosate,1071-83-6,4.68,Env A,,Oui
2022,2100191,diflufenicanil,83164-33-4,3589.8,Env B,,Non
2022,2100191,flufenacet,142459-58-3,7179.6,Env A,,Non
2022,2100194,huile essentielle de menthe verte,8008-79-5,64564.641095,Env A,,Non
2022,2100197,cyprodinyl,121552-61-2,22.5,Env A,,Non
2022,2100197,fludioxonil,131341-86-1,15.0,Env A,,Non
2022,2100205,ethofumesate,26225-79-6,985.0,Env A,,Non
2022,2100206,glyphosate,1071-83-6,138176.226,Env A,,Non
2022,2100211,prothioconazole,178928-70-6,1285.625,Env A,,Non
2022,2100211,tebuconazole,107534-96-3,1285.625,CMR,,Non
2022,2100212,tebuconazole,107534-96-3,227.5,CMR,,Non
2022,2100212,trifloxystrobine,141517-21-7,113.75,Env A,,Non
2022,2100214,clomazone,81777-89-1,75.186,Env A,,Non
2022,2100215,pendimethaline,40487-42-1,167567.988,Env A,Substitution,Oui
2022,2100221,ametoctradine,865318-97-4,63878.3232,Env A,,Oui
2022,2100221,metirame,9006-42-2,234220.5184,Env A,,Oui
2022,2100227,propaquizafop,111479-05-1,835.83,Env A,,Non
2022,2100228,boscalid,188425-85-6,13.98,Env A,,Non
2022,2100228,epoxiconazole,133855-98-8,4.02,CMR,Exclusion,Non
2022,2100229,napropamide,15299-99-7,2.25,Env A,,Non
2022,2100231,emamectine benzoate,155569-91-8,3261.28198,Santé A,,Oui
2022,2100232,aminopyralid,150114-71-9,211.29,Env A,,Non
2022,2100234,diflufenicanil,83164-33-4,11769.3204,Env B,,Non
2022,2100234,iodosulfuron-methyl-sodium,144550-36-7,735.582525,Env A,,Non
2022,2100234,mefenpyr-diethyl,135590-91-9,2648.09709,Autre,,Non
2022,2100234,mesosulfuron-methyl,208465-21-8,882.69903,Env A,,Non
2022,2100235,fenoxaprop-p-ethyl,71283-80-2,395.49312,Env A,,Non
2022,2100235,iodosulfuron-methyl-sodium,144550-36-7,49.43664,Env A,,Non
2022,2100235,mefenpyr-diethyl,135590-91-9,148.30992,Autre,,Non
2022,2100239,thiamethoxam,153719-23-4,357.5,Env A,,Oui
2022,2100241,(z)-8-dodecenol,40642-40-8,0.7264,Env A,,Non
2022,2100241,acetate de e-8-dodecenyle,38363-29-0,4.3584,Autre,,Non
2022,2100241,acetate de z-8-dodecenyle,28079-04-1,67.5552,Autre,,Non
2022,2100244,napropamide,15299-99-7,32959.575,Env A,,Non
2022,2100245,prothioconazole,178928-70-6,2805.625,Env A,,Non
2022,2100245,tebuconazole,107534-96-3,2805.625,CMR,,Non
2022,2100246,aminopyralid,150114-71-9,8.19,Env A,,Non
2022,2100246,fluroxypyr,69377-81-7,27.3,Env B,,Non
2022,2110004,propyzamide,23950-58-5,69620.0,CMR,Substitution,Oui
2022,2110005,fluazinam,79622-59-6,17067.75,CMR,,Oui
2022,2110006,cuivre du sulfate de cuivre,8011-63-0,18727.27,Env A,Substitution,Non
2022,2110007,nicosulfuron,111991-09-4,704.925,Env A,,Non
2022,2110009,huile de poisson,,455.155995,Autre,,Non
2022,2110010,diflufenicanil,83164-33-4,193.6296,Env B,,Non
2022,2110010,iodosulfuron-methyl-sodium,144550-36-7,5.3786,Env A,,Non
2022,2110011,clomazone,81777-89-1,1428.3,Env A,,Oui
2022,2110011,metribuzine,21087-64-9,5546.565,Env A,,Oui
2022,2110012,cyazofamide,120116-88-3,50971.1936,Env A,,Oui
2022,2110013,bromoxynil,1689-84-5,91.9664,CMR,Exclusion,Non
2022,2110017,imidaclopride,138261-41-3,529.638,Env A,,Non
2022,2110018,difenoconazole,119446-68-3,1030.536238,Env A,,Oui
2022,2110018,fludioxonil,131341-86-1,1030.536238,Env A,,Oui
2022,2110020,nicosulfuron,111991-09-4,3.84,Env A,,Non
2022,2110021,cuivre de l'hydroxyde de cuivre,20427-59-2,4887.836,Santé A,Substitution,Non
2022,2110033,acide pelargonique,112-05-0,2.4816,Autre,,Non
2022,2110034,soufre triture ventile,7704-34-9,5269.75,Autre,,Oui
2022,2110038,cloquintocet-mexyl,99607-70-2,4.725,Autre,,Non
2022,2110038,pyroxsulame,422556-08-9,4.725,Env A,,Non
2022,2110040,bacillus subtilis souche qst 713,68038-70-0,17.139696,Autre,,Oui
2022,2110041,prochloraze,67747-09-5,6.9165,Env A,,Non
2022,2110042,cuivre du sulfate de cuivre,8011-63-0,50.84,Env A,Substitution,Oui
2022,2110045,abamectine,71751-41-2,0.18,CMR,,Oui
2022,2110049,prothioconazole,178928-70-6,2.5,Env A,,Non
2022,2110049,tebuconazole,107534-96-3,2.5,CMR,,Non
2022,2110050,prothioconazole,178928-70-6,346.875,Env A,,Non
2022,2110050,tebuconazole,107534-96-3,346.875,CMR,,Non
2022,2110054,indoxacarbe,173584-44-6,40.2,Santé A,,Oui
2022,2110055,metarhizium brunneum souche ma 43,,,Autre,,Non
2022,2110056,acide pelargonique,112-05-0,4420.8693,Autre,,Non
2022,2110059,bicarbonate de potassium,298-14-6,157562.689245,Autre,,Oui
2022,2110063,clopyralid,1702-17-6,7605.6192,Autre,,Non
2022,2110068,glyphosate,1071-83-6,21.6,Env A,,Non
2022,2110072,thifensulfuron-methyle,79277-27-3,1346.56,Env A,,Non
2022,2110072,tribenuron-methyle,101200-48-0,673.28,Env A,,Non
2022,2110073,indoxacarbe,173584-44-6,6516.225,Santé A,,Oui
2022,2110074,"e8,e10-dodecadiene-1-ol",33956-49-9,0.21,Env A,,Non
2022,2110076,fludioxonil,131341-86-1,2995.063,Env A,,Non
2022,2110077,cloquintocet-mexyl,99607-70-2,1235.82243,Autre,,Non
2022,2110077,fenoxaprop-p-ethyl,71283-80-2,2471.64486,Env A,,Non
2022,2110079,aureobasidium pullulans souche dsm 14940,67891-88-7,53.25,Autre,,Non
2022,2110082,diflufenicanil,83164-33-4,957.636,Env B,,Non
2022,2110082,metsulfuron-methyl,74223-64-6,95.7636,Env A,Substitution,Non
2022,2110083,cuivre du sulfate tribasique,12527-76-3,0.027669,Env A,Substitution,Non
2022,2110083,pyrethrines,8003-34-7,0.008139,Env A,,Non
2022,2110083,soufre,7704-34-9,0.1953,Autre,,Non
2022,2110084,butoxyde de piperonyle,51-03-6,0.05499,Autre,,Non
2022,2110084,pyrethrines,8003-34-7,0.007638,Env A,,Non
2022,2110086,spirotetramat,203313-25-1,17352.72,CMR,,Oui
2022,2110090,azoxystrobine,131860-33-8,7099.55,Santé A,,Oui
2022,2110092,thifensulfuron-methyle,79277-27-3,606.86,Env A,,Non
2022,2110092,tribenuron-methyle,101200-48-0,606.86,Env A,,Non
2022,2110095,cloquintocet-mexyl,99607-70-2,859.503379,Autre,,Non
2022,2110095,florasulame,145701-23-1,382.0015,Env A,,Non
2022,2110095,pinoxaden,243973-20-8,3438.0135,CMR,,Non
2022,2110096,chlorothalonil,1897-45-6,202.0,CMR,,Non
2022,2110099,metsulfuron-methyl,74223-64-6,2.5,Env A,Substitution,Non
2022,2110101,pyraflufen-ethyl,129630-19-9,3032.68818,Env A,,Oui
2022,2110102,difenoconazole,119446-68-3,27184.581566,Env A,,Oui
2022,2110102,fludioxonil,131341-86-1,27184.581566,Env A,,Oui
2022,2110102,sedaxane,874967-67-6,54369.16111,CMR,,Oui
2022,2110103,tribenuron-methyle,101200-48-0,3748.9875,Env A,,Non
2022,2110104,clopyralid,1702-17-6,13869.0704,Autre,,Non
2022,2110104,florasulame,145701-23-1,433.40845,Env A,,Non
2022,2110104,fluroxypyr-meptyl,81406-37-3,24964.32672,Env A,,Non
2022,2110105,azoxystrobine,131860-33-8,357.75,Santé A,,Non
2022,2110108,difenoconazole,119446-68-3,132.275,Env A,,Non
2022,2110108,propiconazole,60207-90-1,132.275,CMR,Exclusion,Non
2022,2110109,cyprosulfamide,221667-31-8,31.7196,Autre,,Non
2022,2110109,isoxaflutole,141112-29-0,48.06,CMR,,Non
2022,2110109,thiencarbazone-methyl,317815-83-1,19.224,Env A,,Non
2022,2110110,thiencarbazone-methyl,317815-83-1,4.5,Env A,,Non
2022,2110111,cyprosulfamide,221667-31-8,7777.60104,Autre,,Non
2022,2110111,isoxaflutole,141112-29-0,7777.60104,CMR,,Non
2022,2110112,nicosulfuron,111991-09-4,1.2,Env A,,Non
2022,2110115,cypermethrine,52315-07-8,3304.391,Env A,,Oui
2022,2110118,penoxsulame,219714-96-2,2.1,Env A,,Non
2022,2110120,poivre,,0.8865,Autre,,Non
2022,2110121,thiaclopride,111988-49-9,125.852,CMR,Exclusion,Non
2022,2110124,penoxsulame,219714-96-2,0.02,Env A,,Oui
2022,2110128,propyzamide,23950-58-5,584.0,CMR,Substitution,Non
2022,2110140,diflufenicanil,83164-33-4,3433.6,Env B,,Non
2022,2110140,flufenacet,142459-58-3,6867.2,Env A,,Non
2022,2110141,dimethomorphe,110488-70-5,10588.0788,Env A,Exclusion,Oui
2022,2110141,pyraclostrobine,175013-18-0,5882.266,Santé A,,Oui
2022,2110142,clopyralid,1702-17-6,43.8,Autre,,Oui
2022,2110143,metribuzine,21087-64-9,12351.54,Env A,,Oui
2022,2110144,fluxapyroxad,907204-31-3,4088.116875,Santé A,,Non
2022,2110145,gamma-cyhalothrine,76703-62-3,0.06,Santé A,,Non
2022,2110146,"2,4-d",94-75-7,1.395,Env B,,Oui
2022,2110146,triclopyr,55335-06-3,1.554,Env B,,Oui
2022,2110147,fludioxonil,131341-86-1,17904.38,Env A,,Oui
2022,2110148,bixafen,581809-46-3,2893.1875,Env A,,Non
2022,2110149,huile de colza,8002-13-9,488.569852,Autre,,Oui
2022,2110150,huile de colza,8002-13-9,8255.02601,Autre,,Oui
2022,2110151,clodinafop-propargyl,105512-06-9,16844.9937,Env A,,Non
2022,2110151,cloquintocet-mexyl,99607-70-2,4211.248425,Autre,,Non
2022,2110151,prosulfocarbe,52888-80-9,1347599.496,Env A,,Non
2022,2110152,cypermethrine,52315-07-8,1027.84,Env A,,Non
2022,2110153,chlormequat chlorure,999-81-5,1294.5,Autre,,Non
2022,2110153,ethephon,16672-87-0,647.25,Santé A,,Non
2022,2110154,"2,4-mcpa",94-74-6,9295.9672,Env A,,Non
2022,2110154,dicamba,1918-00-9,820.2324,Env B,,Non
2022,2110159,triticonazole,131983-72-7,0.009,Env A,,Non
2022,2110161,glyphosate,1071-83-6,77.4,Env A,,Non
2022,2110162,azoxystrobine,131860-33-8,35637.7025,Santé A,,Non
2022,2110165,tebuconazole,107534-96-3,126.25,CMR,,Non
2022,2110166,tebuconazole,107534-96-3,0.25,CMR,,Non
2022,2110167,tebuconazole,107534-96-3,103649.1823,CMR,,Oui
2022,2110168,tebuconazole,107534-96-3,762.82,CMR,,Non
2022,2110170,epoxiconazole,133855-98-8,1.25,CMR,Exclusion,Non
2022,2110170,fluxapyroxad,907204-31-3,1.25,Santé A,,Non
2022,2110173,cuivre de l'oxychlorure de cuivre,1332-65-6,8439.59097,Santé A,Substitution,Non
2022,2110173,mandipropamide,374726-62-2,1512.4715,Env A,,Non
2022,2110174,"2,4-mcpa",94-74-6,117.3,Env A,,Non
2022,2110174,dicamba,1918-00-9,10.35,Env B,,Non
2022,2110177,chlorothalonil,1897-45-6,0.9,CMR,,Non
2022,2110177,cyproconazole,94361-06-5,0.12,CMR,Exclusion,Non
2022,2110177,propiconazole,60207-90-1,0.15,CMR,Exclusion,Non
2022,2110178,bixafen,581809-46-3,1006.275,Env A,,Non
2022,2110178,prothioconazole,178928-70-6,2012.55,Env A,,Non
2022,2110179,(z)-8-dodecenol,40642-40-8,6.4109,Env A,,Non
2022,2110179,1-dodecanol,112-53-8,301.3123,Env A,,Non
2022,2110179,1-tetradecanol,112-72-1,54.49265,Env A,,Non
2022,2110179,acetate de e-8-dodecenyle,38363-29-0,35.25995,Autre,,Non
2022,2110179,acetate de z-8-dodecenyle,28079-04-1,679.5554,Autre,,Non
2022,2110179,"e8,e10-dodecadiene-1-ol",33956-49-9,1846.3392,Env A,,Non
2022,2110180,cuivre de l'oxyde cuivreux,1317-39-1,1300.77,Env A,Substitution,Oui
2022,2110181,bixafen,581809-46-3,200.7,Env A,,Non
2022,2110181,prothioconazole,178928-70-6,267.6,Env A,,Non
2022,2110181,tebuconazole,107534-96-3,267.6,CMR,,Non
2022,2110188,chlorprophame,101-21-3,0.354,CMR,,Non
2022,2110191,difenoconazole,119446-68-3,13902.9,Env A,,Non
2022,2110191,tebuconazole,107534-96-3,34757.25,CMR,,Non
2022,2110192,metsulfuron-methyl,74223-64-6,1016.902,Env A,Substitution,Non
2022,2110194,boscalid,188425-85-6,1.4,Env A,,Non
2022,2110194,epoxiconazole,133855-98-8,0.5,CMR,Exclusion,Non
2022,2110195,farine de sang,,212.574,Autre,,Non
2022,2110196,bicarbonate de potassium,298-14-6,396.4485,Autre,,Oui
2022,2110197,spiroxamine,118134-30-8,11374.6,CMR,,Oui
2022,2110198,glyphosate,1071-83-6,7.2,Env A,,Non
2022,2110199,glyphosate,1071-83-6,10.8,Env A,,Non
2022,2110200,ethephon,16672-87-0,887.52,Santé A,,Non
2022,2110201,boscalid,188425-85-6,5.6336,Env A,,Non
2022,2110201,epoxiconazole,133855-98-8,2.012,CMR,Exclusion,Non
2022,2110201,pyraclostrobine,175013-18-0,2.4144,Santé A,,Non
2022,2110202,metribuzine,21087-64-9,7380.808,Env A,,Oui
2022,2110202,prosulfocarbe,52888-80-9,73808.08,Env A,,Oui
2022,2110203,emamectine benzoate,155569-91-8,26.4385,Santé A,,Non
2022,2120007,indoxacarbe,173584-44-6,0.9,Santé A,,Non
2022,2120018,glyphosate,1071-83-6,28.032,Env A,,Non
2022,2120028,napropamide,15299-99-7,9.0,Env A,,Non
2022,2120029,linuron,330-55-2,310.5,CMR,Exclusion,Non
2022,2120030,(z)-9-dodecenylacetate,16974-11-1,845.51985,Env A,,Non
2022,2120030,"e7,z9-dodecadienylacetate",54364-62-4,845.51985,Env A,,Non
2022,2120032,decane-1-ol,112-30-1,9411.9,Env A,,Non
2022,2120034,glyphosate,1071-83-6,664.8,Env A,,Non
2022,2120035,glyphosate,1071-83-6,6.72,Env A,,Non
2022,2120041,zirame,137-30-4,42627.509274,Santé A,,Oui
2022,2120042,poivre,,3.6,Autre,,Non
2022,2120048,aminopyralid,150114-71-9,6150.2451,Env A,,Oui
2022,2120048,triclopyr,55335-06-3,49201.9608,Env B,,Oui
2022,2120049,clodinafop-propargyl,105512-06-9,308.64,Env A,,Non
2022,2120049,cloquintocet-mexyl,99607-70-2,77.16,Autre,,Non
2022,2120050,aminopyralid,150114-71-9,0.048,Env A,,Non
2022,2120050,triclopyr,55335-06-3,0.48,Env B,,Non
2022,2120051,aminopyralid,150114-71-9,301.68,Env A,,Non
2022,2120051,triclopyr,55335-06-3,3016.8,Env B,,Non
2022,2120057,graisse de mouton,,765.44,Autre,,Non
2022,2120058,decane-1-ol,112-30-1,502.46,Env A,,Non
2022,2120059,propyzamide,23950-58-5,852.0,CMR,Substitution,Non
2022,2120060,propyzamide,23950-58-5,1160.0,CMR,Substitution,Non
2022,2120063,fluopicolide,239110-15-7,0.1,Env A,,Non
2022,2120063,propamocarbe,24579-73-5,1.0,Autre,,Non
2022,2120065,prothioconazole,178928-70-6,156.0,Env A,,Non
2022,2120065,spiroxamine,118134-30-8,292.5,CMR,,Non
2022,2120066,dichlorprop-p,15165-67-0,36925.128,Autre,,Non
2022,2120066,picolinafen,137641-05-5,1230.8376,Env A,,Non
2022,2120067,cymoxanil,57966-95-7,12430.197,CMR,,Oui
2022,2120070,prothioconazole,178928-70-6,22488.584,Env A,,Oui
2022,2120070,tebuconazole,107534-96-3,11244.292,CMR,,Oui
2022,2120071,lambda-cyhalothrine,91465-08-6,0.0255,Santé A,Substitution,Non
2022,2120074,forchlorfenuron,68157-60-8,4.16,CMR,,Non
2022,2120075,dimethenamide-p (dmta-p),163515-14-8,88786.516,Env A,,Oui
2022,2120075,metazachlore,67129-08-2,88786.516,CMR,,Oui
2022,2120075,quinmerac,90717-03-6,44393.258,Env A,,Oui
2022,2120081,"cydia pomonella granulovirus, isolat r5 (cpgv-r5)",,,Autre,,Non
2022,2120082,aureobasidium pullulans souche dsm 14940,67891-88-7,20.55,Autre,,Non
2022,2120086,chlorpyriphos-methyl,5598-13-0,19.125,Env A,,Non
2022,2120087,spinetoram,935545-74-7,1445.3125,CMR,,Oui
2022,2120088,fosetyl-aluminium,39148-24-8,40.0,Autre,,Non
2022,2120089,"2,4-mcpa",94-74-6,2189.76,Env A,,Non
2022,2120089,diflufenicanil,83164-33-4,547.44,Env B,,Non
2022,2120089,glyphosate,1071-83-6,4379.52,Env A,,Non
2022,2120091,diflufenicanil,83164-33-4,9.9,Env B,,Non
2022,2120091,metsulfuron-methyl,74223-64-6,0.99,Env A,Substitution,Non
2022,2120092,ametoctradine,865318-97-4,18606.492,Env A,,Oui
2022,2120092,dimethomorphe,110488-70-5,13954.869,Env A,Exclusion,Oui
2022,2120093,epoxiconazole,133855-98-8,7.75,CMR,Exclusion,Non
2022,2120094,propaquizafop,111479-05-1,35.0,Env A,,Non
2022,2120096,trifloxystrobine,141517-21-7,91.75,Env A,,Non
2022,2120098,emamectine benzoate,155569-91-8,28.975,Santé A,,Non
2022,2120100,emamectine benzoate,155569-91-8,18.81,Santé A,,Oui
2022,2120105,(z)-8-dodecenol,40642-40-8,0.097,Env A,,Oui
2022,2120105,acetate de e-8-dodecenyle,38363-29-0,0.553,Autre,,Oui
2022,2120105,acetate de z-8-dodecenyle,28079-04-1,8.575,Autre,,Oui
2022,2120107,penoxsulame,219714-96-2,3.8,Env A,,Oui
2022,2120117,"2,4-d",94-75-7,1023.12,Env B,,Non
2022,2120117,triclopyr,55335-06-3,1141.308,Env B,,Non
2022,2120119,fluopicolide,239110-15-7,32.5,Env A,,Non
2022,2120119,propamocarbe,24579-73-5,325.0,Autre,,Non
2022,2120120,bentazone,25057-89-0,39907.9632,Env B,,Oui
2022,2120120,imazamox,114311-32-9,1862.371216,Env A,Substitution,Oui
2022,2120122,bixafen,581809-46-3,80.625,Env A,,Non
2022,2120122,prothioconazole,178928-70-6,161.25,Env A,,Non
2022,2120123,captane,133-06-2,332.0,CMR,,Non
2022,2120124,(z)-9-dodecenylacetate,16974-11-1,13.23,Env A,,Non
2022,2120124,"e7,z9-dodecadienylacetate",54364-62-4,13.23,Env A,,Non
2022,2120129,lambda-cyhalothrine,91465-08-6,0.0009,Santé A,Substitution,Non
2022,2120130,(z)-8-dodecenol,40642-40-8,29.7957,Env A,,Non
2022,2120130,acetate de e-8-dodecenyle,38363-29-0,178.7742,Autre,,Non
2022,2120130,acetate de z-8-dodecenyle,28079-04-1,2771.0001,Autre,,Non
2022,2120131,metsulfuron-methyl,74223-64-6,195.19,Env A,Substitution,Non
2022,2120131,tribenuron-methyle,101200-48-0,195.19,Env A,,Non
2022,2120132,dimethomorphe,110488-70-5,15909.3585,Env A,Exclusion,Oui
2022,2120132,metirame,9006-42-2,77779.086,Env A,,Oui
2022,2120133,fluroxypyr,69377-81-7,0.0054,Env B,,Non
2022,2120133,triclopyr,55335-06-3,0.0162,Env B,,Non
2022,2120135,mandipropamide,374726-62-2,1137.5,Env A,,Non
2022,2120140,dimethomorphe,110488-70-5,37.8,Env A,Exclusion,Non
2022,2120140,mancozebe,8018-01-7,252.0,CMR,Exclusion,Non
2022,2120142,emamectine benzoate,155569-91-8,3.263155,Santé A,,Non
2022,2120143,glyphosate,1071-83-6,691697.414496,Env A,,Non
2022,2120144,bixafen,581809-46-3,17.625,Env A,,Non
2022,2120144,prothioconazole,178928-70-6,35.25,Env A,,Non
2022,2120145,cloquintocet-mexyl,99607-70-2,2.77125,Autre,,Non
2022,2120145,pyroxsulame,422556-08-9,2.77125,Env A,,Non
2022,2120146,prothioconazole,178928-70-6,163.5,Env A,,Non
2022,2120149,cymoxanil,57966-95-7,713.025,CMR,,Oui
2022,2120151,tebuconazole,107534-96-3,10.0,CMR,,Non
2022,2120153,propyzamide,23950-58-5,316065.9,CMR,Substitution,Non
2022,2120154,propyzamide,23950-58-5,256.0,CMR,Substitution,Non
2022,2120155,"2,4-mcpa",94-74-6,0.411,Env A,,Non
2022,2120155,diflufenicanil,83164-33-4,0.10275,Env B,,Non
2022,2120155,glyphosate,1071-83-6,0.822,Env A,,Non
2022,2120157,acide pelargonique,112-05-0,0.051,Autre,,Non
2022,2120157,glyphosate,1071-83-6,0.018,Env A,,Non
2022,2120158,kaolin,1332-58-7,80091.0,Autre,,Non
2022,2120159,thirame,137-26-8,120.35652,Env A,,Non
2022,2120160,bentazone,25057-89-0,36844.2864,Env B,,Non
2022,2120164,bentazone,25057-89-0,681.21,Env B,,Non
2022,2120167,boscalid,188425-85-6,34.2,Env A,,Non
2022,2120167,kresoxim-methyl,143390-89-0,17.1,CMR,,Non
2022,2120168,soufre,7704-34-9,205417.075,Autre,,Oui
2022,2120171,fosetyl-aluminium,39148-24-8,2572.8,Autre,,Non
2022,2120173,kaolin,1332-58-7,7.92,Autre,,Non
2022,2120174,acide pelargonique,112-05-0,29.6853,Autre,,Non
2022,2120174,hydrazide maleique,123-33-1,4.77,Autre,,Non
2022,2120176,phlebiopsis gigantea souche vra 1835,,,Autre,,Non
2022,2120177,clonostachys rosea j1446 (anciennement gliocladium catenulatum),,,Autre,,Non
2022,2120179,folpel,133-07-3,68173.65,CMR,,Oui
2022,2120179,fosetyl-aluminium,39148-24-8,136347.3,Autre,,Oui
2022,2120185,fosetyl-aluminium,39148-24-8,777.6,Autre,,Non
2022,2120188,iodosulfuron-methyl-sodium,144550-36-7,0.216,Env A,,Non
2022,2120188,mefenpyr-diethyl,135590-91-9,3.24,Autre,,Non
2022,2120188,mesosulfuron-methyl,208465-21-8,1.08,Env A,,Non
2022,2120189,fluopicolide,239110-15-7,1217.916864,Env A,,Non
2022,2120189,fosetyl-aluminium,39148-24-8,18287.954352,Autre,,Non
2022,2120191,trifloxystrobine,141517-21-7,24.0,Env A,,Oui
2022,2120193,glyphosate,1071-83-6,1899.0,Env A,,Non
2022,2120194,metsulfuron-methyl,74223-64-6,1.9,Env A,Substitution,Oui
2022,2120199,hydrazide maleique,123-33-1,135307.8,Autre,,Oui
2022,2120200,abamectine,71751-41-2,0.918,CMR,,Non
2022,2120203,mandipropamide,374726-62-2,630.0,Env A,,Non
2022,2120205,epoxiconazole,133855-98-8,21.632,CMR,Exclusion,Non
2022,2120205,fluxapyroxad,907204-31-3,21.632,Santé A,,Non
2022,2120205,pyraclostrobine,175013-18-0,34.632,Santé A,,Non
2022,2120206,boscalid,188425-85-6,3010.14245,Env A,,Non
2022,2120206,metconazole,125116-23-6,1357.959,CMR,,Non
2022,2120209,cymoxanil,57966-95-7,6675.0,CMR,,Oui
2022,2120209,fluazinam,79622-59-6,10012.5,CMR,,Oui
2022,2120210,dicamba,1918-00-9,1485.12,Env B,,Non
2022,2120212,kresoxim-methyl,143390-89-0,15.4,CMR,,Oui
2022,2120213,deltamethrine,52918-63-5,0.000245,Santé A,,Non
2022,2120213,tebuconazole,107534-96-3,0.0049,CMR,,Non
2022,2120214,chlorantraniliprole,500008-45-7,1.6,Env A,,Non
2022,2120214,thiamethoxam,153719-23-4,1.6,Env A,,Non
2022,2120216,alphamethrine,67375-30-8,1.0,Santé A,Substitution,Non
2022,2120219,tebuconazole,107534-96-3,154.49,CMR,,Non
2022,2120219,trifloxystrobine,141517-21-7,77.245,Env A,,Non
2022,2130002,abamectine,71751-41-2,2.25,CMR,,Oui
2022,2130013,clomazone,81777-89-1,111.24,Env A,,Oui
2022,2130017,bixafen,581809-46-3,1.125,Env A,,Non
2022,2130017,prothioconazole,178928-70-6,2.25,Env A,,Non
2022,2130021,propyzamide,23950-58-5,2.8,CMR,Substitution,Non
2022,2130023,captane,133-06-2,440.0,CMR,,Oui
2022,2130026,bixafen,581809-46-3,7.5,Env A,,Non
2022,2130026,prothioconazole,178928-70-6,15.0,Env A,,Non
2022,2130031,ametoctradine,865318-97-4,1475.4,Env A,,Oui
2022,2130031,metirame,9006-42-2,5409.8,Env A,,Oui
2022,2130033,clopyralid,1702-17-6,1.3,Autre,,Non
2022,2130034,folpel,133-07-3,184.0,CMR,,Non
2022,2130038,tau-fluvalinate,102851-06-9,1216.8,Env A,,Oui
2022,2130043,iprodione,36734-19-7,5.0,CMR,,Non
2022,2130049,cyflufenamid,180409-60-3,5699.4729,Env A,,Oui
2022,2130049,difenoconazole,119446-68-3,11398.9458,Env A,,Oui
2022,2130050,cyprodinyl,121552-61-2,32.625,Env A,,Oui
2022,2130050,fludioxonil,131341-86-1,21.75,Env A,,Oui
2022,2130059,lambda-cyhalothrine,91465-08-6,10298.96,Santé A,Substitution,Oui
2022,2130061,metconazole,125116-23-6,4923.354,CMR,,Non
2022,2130063,nicosulfuron,111991-09-4,10931.5724,Env A,,Non
2022,2130064,(z)-9-dodecenylacetate,16974-11-1,5.90625,Env A,,Non
2022,2130064,"e7,z9-dodecadienylacetate",54364-62-4,5.90625,Env A,,Non
2022,2130066,dicamba,1918-00-9,947.625,Env B,,Non
2022,2130067,cyflufenamid,180409-60-3,1759.9405,Env A,,Oui
2022,2130068,diflufenicanil,83164-33-4,77059.18,Env B,,Oui
2022,2130069,diflufenicanil,83164-33-4,48766.06,Env B,,Oui
2022,2130071,6-benzyladenine,1214-39-7,67.0,CMR,,Non
2022,2130075,metaldehyde,108-62-3,2806.548,CMR,,Oui
2022,2130079,cyflufenamid,180409-60-3,66.76,Env A,,Non
2022,2130081,metaldehyde,108-62-3,1917.968,CMR,,Non
2022,2130083,lambda-cyhalothrine,91465-08-6,18089.632,Santé A,Substitution,Oui
2022,2130084,metaldehyde,108-62-3,26.08,CMR,,Non
2022,2130085,metaldehyde,108-62-3,110.112,CMR,,Non
2022,2130086,metaldehyde,108-62-3,16450.41525,CMR,,Non
2022,2130087,metaldehyde,108-62-3,10.4,CMR,,Non
2022,2130088,metaldehyde,108-62-3,41.8325,CMR,,Non
2022,2130089,trichoderma asperellum tv1,,0.518,Autre,,Non
2022,2130091,diflufenicanil,83164-33-4,17329.51,Env B,,Non
2022,2130092,spiromesifen,283594-90-1,371.5224,Autre,,Non
2022,2130093,diflufenicanil,83164-33-4,0.004608,Env B,,Non
2022,2130093,glyphosate,1071-83-6,0.0288,Env A,,Non
2022,2130101,mesotrione,104206-82-8,37.0,CMR,,Non
2022,2130102,ametoctradine,865318-97-4,1580.22,Env A,,Non
2022,2130102,metirame,9006-42-2,5794.14,Env A,,Non
2022,2130104,acetamipride,135410-20-7,1.6,Env B,,Oui
2022,2130105,metaldehyde,108-62-3,5.952,CMR,,Non
2022,2130106,metaldehyde,108-62-3,0.096,CMR,,Non
2022,2130108,"e7,z9-dodecadienylacetate",54364-62-4,363.6596,Env A,,Non
2022,2130109,(z)-9-dodecenylacetate,16974-11-1,18.24,Env A,,Non
2022,2130109,"e7,z9-dodecadienylacetate",54364-62-4,18.24,Env A,,Non
2022,2130112,deltamethrine,52918-63-5,3.398136,Santé A,,Non
2022,2130112,hydrolysat de proteines,,570.886264,Autre,,Non
2022,2130114,deltamethrine,52918-63-5,0.051,Santé A,,Oui
2022,2130115,deltamethrine,52918-63-5,5.102032,Santé A,,Non
2022,2130117,forchlorfenuron,68157-60-8,0.1,CMR,,Oui
2022,2130119,flufenacet,142459-58-3,14.4,Env A,,Non
2022,2130119,pendimethaline,40487-42-1,72.0,Env A,Substitution,Non
2022,2130122,carfentrazone ethyl,128639-02-1,29.1,Env A,,Non
2022,2130124,dodine,2439-10-3,156.0,Env A,,Non
2022,2130125,sulfate de fer (sulfate ferreux heptahydrate),7782-63-0,,Autre,,Non
2022,2130126,fer sous forme de sulfate de fer,7720-78-7,11428.6886,Autre,,Oui
2022,2130127,sulfate de fer (sulfate ferreux heptahydrate),7782-63-0,918.68,Autre,,Non
2022,2130129,kieselguhr,,7286.4,Autre,,Non
2022,2130132,difenoconazole,119446-68-3,412.5,Env A,,Non
2022,2130136,boscalid,188425-85-6,208.908,Env A,,Non
2022,2130136,pyraclostrobine,175013-18-0,106.112,Santé A,,Non
2022,2130140,diflufenicanil,83164-33-4,30879.312396,Env B,,Non
2022,2130140,pendimethaline,40487-42-1,308793.12396,Env A,Substitution,Non
2022,2130142,cloquintocet-mexyl,99607-70-2,89.5875,Autre,,Oui
2022,2130142,pyroxsulame,422556-08-9,89.5875,Env A,,Oui
2022,2130143,fosetyl-aluminium,39148-24-8,1324.8,Autre,,Non
2022,2130147,cyprosulfamide,221667-31-8,0.33,Autre,,Non
2022,2130147,isoxaflutole,141112-29-0,0.5,CMR,,Non
2022,2130147,thiencarbazone-methyl,317815-83-1,0.2,Env A,,Non
2022,2130148,cymoxanil,57966-95-7,9.0,CMR,,Non
2022,2130151,hydrazide maleique,123-33-1,0.564,Autre,,Non
2022,2130152,fluopyram,658066-35-4,24480.435,Env A,,Oui
2022,2130152,trifloxystrobine,141517-21-7,24480.435,Env A,,Oui
2022,2130153,acide acetique,64-19-7,921.699594,Autre,,Oui
2022,2130155,mesotrione,104206-82-8,1.0,CMR,,Non
2022,2130158,pyrimicarbe,23103-98-2,914.5,CMR,,Oui
2022,2130160,clomazone,81777-89-1,194.04,Env A,,Non
2022,2130164,cyprosulfamide,221667-31-8,4331.16495,Autre,,Oui
2022,2130164,foramsulfuron,173159-57-4,8662.3299,CMR,,Oui
2022,2130164,thiencarbazone-methyl,317815-83-1,2887.4433,Env A,,Oui
2022,2130167,cyflufenamid,180409-60-3,131.34,Env A,,Non
2022,2130167,difenoconazole,119446-68-3,262.68,Env A,,Non
2022,2130168,dimethomorphe,110488-70-5,1070.55,Env A,Exclusion,Non
2022,2130168,metirame,9006-42-2,5233.8,Env A,,Non
2022,2130175,cydia pomonella granulovirus,,,Autre,,Non
2022,2130187,dimethenamide-p (dmta-p),163515-14-8,2516.0,Env A,,Non
2022,2130187,metazachlore,67129-08-2,2516.0,CMR,,Non
2022,2130187,quinmerac,90717-03-6,1258.0,Env A,,Non
2022,2130188,prothioconazole,178928-70-6,34.4,Env A,,Non
2022,2130188,spiroxamine,118134-30-8,64.5,CMR,,Non
2022,2130192,penoxsulame,219714-96-2,3.6,Env A,,Non
2022,2130193,diflufenicanil,83164-33-4,6087.2,Env B,,Non
2022,2130193,flufenacet,142459-58-3,12174.4,Env A,,Non
2022,2130194,clomazone,81777-89-1,197.64,Env A,,Non
2022,2130195,flufenacet,142459-58-3,1257.9,Env A,,Non
2022,2130195,pendimethaline,40487-42-1,6289.5,Env A,Substitution,Non
2022,2130198,bixafen,581809-46-3,1.125,Env A,,Non
2022,2130198,prothioconazole,178928-70-6,1.5,Env A,,Non
2022,2130198,tebuconazole,107534-96-3,1.5,CMR,,Non
2022,2130200,fluopyram,658066-35-4,1398.0,Env A,,Non
2022,2130201,fosetyl-aluminium,39148-24-8,128.0,Autre,,Oui
2022,2130202,fluopyram,658066-35-4,49834.74375,Env A,,Non
2022,2130202,prothioconazole,178928-70-6,49834.74375,Env A,,Non
2022,2130203,pyriproxyfene,95737-68-1,41.3,Env A,,Oui
2022,2130212,phosmet,732-11-6,14775.575,CMR,,Oui
2022,2130215,pendimethaline,40487-42-1,2393.3,Env A,Substitution,Oui
2022,2130221,propyzamide,23950-58-5,8.0,CMR,Substitution,Non
2022,2130230,trifloxystrobine,141517-21-7,278.75,Env A,,Non
2022,2130236,cyprodinyl,121552-61-2,9.375,Env A,,Non
2022,2130236,fludioxonil,131341-86-1,6.25,Env A,,Non
2022,2130242,chlorotoluron,15545-48-9,93456.71994,CMR,,Non
2022,2130242,diflufenicanil,83164-33-4,6230.447996,Env B,,Non
2022,2130243,cyprodinyl,121552-61-2,4.5,Env A,,Non
2022,2130244,difenoconazole,119446-68-3,21607.62,Env A,,Oui
2022,2130244,mandipropamide,374726-62-2,21607.62,Env A,,Oui
2022,2130247,trinexapac-ethyl,95266-40-3,3624.425,Env A,,Oui
2022,2130248,flufenacet,142459-58-3,62.4,Env A,,Non
2022,2130248,pendimethaline,40487-42-1,312.0,Env A,Substitution,Non
2022,2130249,pendimethaline,40487-42-1,125500.7,Env A,Substitution,Non
2022,2130251,lambda-cyhalothrine,91465-08-6,7480.489,Santé A,Substitution,Oui
2022,2130252,nicosulfuron,111991-09-4,502.6,Env A,,Non
2022,2130253,"2,4-d",94-75-7,17663.36,Env B,,Non
2022,2130253,glyphosate,1071-83-6,26495.04,Env A,,Non
2022,2130255,dimethomorphe,110488-70-5,299.45,Env A,Exclusion,Non
2022,2130255,folpel,133-07-3,1590.0,CMR,,Non
2022,2130258,cyflufenamid,180409-60-3,5.4,Env A,,Oui
2022,2130258,difenoconazole,119446-68-3,10.8,Env A,,Oui
2022,2130259,metrafenone,220899-03-6,3.5,Env A,,Oui
2022,2130260,6-benzyladenine,1214-39-7,122.6,CMR,,Non
2022,2130261,zetacypermethrine,52315-07-8,0.32,Santé A,,Non
2022,2130265,ametoctradine,865318-97-4,354.0,Env A,,Non
2022,2130265,dimethomorphe,110488-70-5,265.5,Env A,Exclusion,Non
2022,2130266,bromuconazole,116255-48-2,56696.15598,CMR,,Oui
2022,2130266,tebuconazole,107534-96-3,36326.27958,CMR,,Oui
2022,2130267,cyproconazole,94361-06-5,0.059854,CMR,Exclusion,Non
2022,2130267,thiophanate-methyl,23564-05-8,0.056861,CMR,Exclusion,Non
2022,2130271,proquinazid,189278-12-4,242.8784,CMR,,Non
2022,2130271,tetraconazole,112281-77-3,121.4392,Env A,,Non
2022,2130272,"e8,e10-dodecadiene-1-ol",33956-49-9,48.96516,Env A,,Non
2022,2130274,cyhalofop butyl,122008-85-9,937.0,Env A,,Non
2022,2130276,pyraflufen-ethyl,129630-19-9,80.611,Env A,,Oui
2022,2130277,soufre,7704-34-9,612167.92072,Autre,,Oui
2022,2140001,acide gibberellique,77-06-5,3025.44,Autre,,Oui
2022,2140002,florasulame,145701-23-1,193.874,Env A,,Oui
2022,2140006,prothioconazole,178928-70-6,14.375,Env A,,Non
2022,2140006,tebuconazole,107534-96-3,14.375,CMR,,Non
2022,2140008,bentazone,25057-89-0,3081.54,Env B,,Non
2022,2140018,trinexapac-ethyl,95266-40-3,14061.525,Env A,,Non
2022,2140019,florasulame,145701-23-1,0.525,Env A,,Non
2022,2140021,soufre pour pulverisation (micronise),7704-34-9,13768.0,Autre,,Non
2022,2140022,oligomeres terpeniques,70750-57-1,95768.5001,Autre,,Non
2022,2140023,clomazone,81777-89-1,115.5,Env A,,Non
2022,2140023,pendimethaline,40487-42-1,1282.05,Env A,Substitution,Non
2022,2140027,bicarbonate de potassium,298-14-6,3459.5,Autre,,Non
2022,2140035,abamectine,71751-41-2,39.906,CMR,,Oui
2022,2140037,cymoxanil,57966-95-7,1952.55,CMR,,Non
2022,2140038,fluopyram,658066-35-4,80.8024,Env A,,Non
2022,2140038,prothioconazole,178928-70-6,404.012,Env A,,Non
2022,2140038,tebuconazole,107534-96-3,242.4072,CMR,,Non
2022,2140039,imidaclopride,138261-41-3,9.016,Env A,,Non
2022,2140039,prothioconazole,178928-70-6,1.288,Env A,,Non
2022,2140040,phosmet,732-11-6,179601.04,CMR,,Oui
2022,2140042,clomazone,81777-89-1,2886.804,Env A,,Non
2022,2140043,"e7,z9-dodecadienylacetate",54364-62-4,120.884,Env A,,Non
2022,2140044,(z)-9-dodecenylacetate,16974-11-1,293.61816,Env A,,Non
2022,2140044,"e7,z9-dodecadienylacetate",54364-62-4,2602.5246,Env A,,Non
2022,2140048,boscalid,188425-85-6,26.7,Env A,,Non
2022,2140048,pyraclostrobine,175013-18-0,6.7,Santé A,,Non
2022,2140050,cymoxanil,57966-95-7,838.6004,CMR,,Oui
2022,2140050,folpel,133-07-3,5241.2525,CMR,,Oui
2022,2140050,fosetyl-aluminium,39148-24-8,10482.505,Autre,,Oui
2022,2140051,fluxapyroxad,907204-31-3,11737.021296,Santé A,,Non
2022,2140052,clopyralid,1702-17-6,1689.7,Autre,,Non
2022,2140056,cymoxanil,57966-95-7,4.05,CMR,,Non
2022,2140056,mancozebe,8018-01-7,61.2,CMR,Exclusion,Non
2022,2140059,clomazone,81777-89-1,371.7,Env A,,Non
2022,2140062,thirame,137-26-8,48.063,Env A,,Oui
2022,2140065,folpel,133-07-3,22265.0,CMR,,Non
2022,2140065,fosetyl-aluminium,39148-24-8,44530.0,Autre,,Non
2022,2140074,imazamox,114311-32-9,30.6,Env A,Substitution,Non
2022,2140077,imazamox,114311-32-9,148.4,Env A,Substitution,Non
2022,2140078,fludioxonil,131341-86-1,1563.829001,Env A,,Non
2022,2140078,tefluthrine,79538-32-2,6255.316004,Santé A,,Non
2022,2140079,fluopyram,658066-35-4,97.5,Env A,,Non
2022,2140079,prothioconazole,178928-70-6,97.5,Env A,,Non
2022,2140080,mesotrione,104206-82-8,32.5,CMR,,Non
2022,2140082,trinexapac-ethyl,95266-40-3,16279.06175,Env A,,Non
2022,2140084,polysulfure de calcium,1344-81-6,231930.34,Env A,,Non
2022,2140085,abamectine,71751-41-2,391.248,CMR,,Oui
2022,2140086,flazasulfuron,104040-78-0,5.7285,Env A,,Non
2022,2140086,glyphosate,1071-83-6,246.24,Env A,,Non
2022,2140089,phosphonate de potassium,13492-26-7,8663.625,Autre,,Non
2022,2140090,azadirachtine,11141-17-6,337.267,CMR,,Oui
2022,2140091,deltamethrine,52918-63-5,0.2499,Santé A,,Non
2022,2140094,npv ha (nucleopolyhedrovirus d'helicoverpa armigera),,,Autre,,Non
2022,2140098,aminopyralid,150114-71-9,2499.383876,Env A,,Non
2022,2140098,propyzamide,23950-58-5,237133.195,CMR,Substitution,Non
2022,2140099,quizalofop-p-ethyl,100646-51-3,829.0,Env A,,Non
2022,2140104,fludioxonil,131341-86-1,98.832,Env A,,Non
2022,2140105,quizalofop-p-ethyl,100646-51-3,2744.915,Env A,,Non
2022,2140106,huile minerale paraffinique,8042-47-5,314.657,Autre,,Oui
2022,2140107,mandipropamide,374726-62-2,1263.5,Env A,,Oui
2022,2140110,dimethenamide-p (dmta-p),163515-14-8,935.0,Env A,,Non
2022,2140110,metazachlore,67129-08-2,935.0,CMR,,Non
2022,2140110,quinmerac,90717-03-6,467.5,Env A,,Non
2022,2140112,dimethenamide-p (dmta-p),163515-14-8,8.0,Env A,,Non
2022,2140112,metazachlore,67129-08-2,8.0,CMR,,Non
2022,2140112,quinmerac,90717-03-6,4.0,Env A,,Non
2022,2140115,fluopyram,658066-35-4,696.25,Env A,,Non
2022,2140115,prothioconazole,178928-70-6,696.25,Env A,,Non
2022,2140117,fluopyram,658066-35-4,1493.0,Env A,,Non
2022,2140117,prothioconazole,178928-70-6,1493.0,Env A,,Non
2022,2140121,acide pelargonique,112-05-0,44475.855635,Autre,,Oui
2022,2140124,dicamba,1918-00-9,424.2,Env B,,Non
2022,2140124,prosulfuron,94125-34-5,42.42,Env A,Substitution,Non
2022,2140126,cymoxanil,57966-95-7,4334.55,CMR,,Oui
2022,2140126,zoxamide,156052-68-5,4334.55,Env A,,Oui
2022,2140127,cymoxanil,57966-95-7,7120.773,CMR,,Oui
2022,2140127,zoxamide,156052-68-5,7120.773,Env A,,Oui
2022,2140132,diflufenicanil,83164-33-4,4098.9,Env B,,Non
2022,2140133,fluopicolide,239110-15-7,959.89248,Env A,,Non
2022,2140133,fosetyl-aluminium,39148-24-8,14413.52064,Autre,,Non
2022,2140134,soufre triture ventile,7704-34-9,1273.211,Autre,,Non
2022,2140137,cymoxanil,57966-95-7,2543.1795,CMR,,Oui
2022,2140143,(z)-8-dodecenol,40642-40-8,0.212165,Env A,,Non
2022,2140143,acetate de e-8-dodecenyle,38363-29-0,1.27299,Autre,,Non
2022,2140143,acetate de z-8-dodecenyle,28079-04-1,19.731345,Autre,,Non
2022,2140146,acetate de tetradecyle,638-59-5,195.360562,Autre,,Non
2022,2140146,"e8,e10-dodecadiene-1-ol",33956-49-9,880.150743,Env A,,Non
2022,2140147,deltamethrine,52918-63-5,2457.5562,Santé A,,Oui
2022,2140148,dicamba,1918-00-9,6963.407952,Env B,,Non
2022,2140149,ipconazole,125225-28-7,1.275,CMR,Exclusion,Non
2022,2140152,diflufenicanil,83164-33-4,1502.085,Env B,,Oui
2022,2140152,iodosulfuron-methyl-sodium,144550-36-7,75.10225,Env A,,Oui
2022,2140152,mefenpyr-diethyl,135590-91-9,675.93625,Autre,,Oui
2022,2140152,mesosulfuron-methyl,208465-21-8,225.31475,Env A,,Oui
2022,2140156,"2,4-mcpa",94-74-6,15896.3868,Env A,,Non
2022,2140156,clopyralid,1702-17-6,1388.7732,Autre,,Non
2022,2140156,fluroxypyr,69377-81-7,3576.24,Env B,,Non
2022,2140160,bacillus pumilus souche qst 2808,,218.890595,Autre,,Non
2022,2140165,metribuzine,21087-64-9,6266.4,Env A,,Oui
2022,2140166,acide decanoique,334-48-5,54.824741,Env B,,Oui
2022,2140166,acide octanoique,124-07-2,82.237101,Env B,,Oui
2022,2140167,acide decanoique,334-48-5,95.028474,Env B,,Oui
2022,2140167,acide octanoique,124-07-2,142.543027,Env B,,Oui
2022,2140168,cuivre du sulfate tribasique,12527-76-3,2205.1419,Env A,Substitution,Non
2022,2140173,fluxapyroxad,907204-31-3,13828.4625,Santé A,,Oui
2022,2140173,metconazole,125116-23-6,9956.493,CMR,,Oui
2022,2140175,metconazole,125116-23-6,22033.3473,CMR,,Non
2022,2140177,pyriofenone,688046-61-9,3150.222,CMR,,Oui
2022,2140179,amisulbrom,348635-87-0,22089.82,CMR,,Oui
2022,2140180,pyriofenone,688046-61-9,644.4,CMR,,Non
2022,2140181,folpel,133-07-3,80.0,CMR,,Oui
2022,2140183,deltamethrine,52918-63-5,0.255,Santé A,,Non
2022,2140184,fenpyrazamine,473798-59-3,3776.055,Env A,,Non
2022,2140185,metrafenone,220899-03-6,12.5,Env A,,Non
2022,2140187,adoxophyes orana granulovirus souche bv-0001,,5.980575,Autre,,Non
2022,2140188,dithianon,3347-22-6,793.75,Env A,,Non
2022,2140188,pyrimethanil,53112-28-0,793.75,Env A,,Non
2022,2140189,difenoconazole,119446-68-3,6.2556,Env A,,Oui
2022,2140192,chlorpyriphos-methyl,5598-13-0,0.6,Env A,,Non
2022,2140192,cypermethrine,52315-07-8,0.4,Env A,,Non
2022,2140193,sulfate de fer (sulfate ferreux heptahydrate),7782-63-0,650.50431,Autre,,Oui
2022,2140194,penthiopyrad,183675-82-3,682.0,Env A,,Non
2022,2140196,tribenuron-methyle,101200-48-0,57.675,Env A,,Non
2022,2140199,amidosulfuron,120923-37-7,1591.796,Env A,,Non
2022,2140199,iodosulfuron-methyl-sodium,144550-36-7,318.3592,Env A,,Non
2022,2140199,mefenpyr-diethyl,135590-91-9,2865.2328,Autre,,Non
2022,2140199,mesosulfuron-methyl,208465-21-8,955.0776,Env A,,Non
2022,2140201,cyflufenamid,180409-60-3,97.65,Env A,,Oui
2022,2140201,difenoconazole,119446-68-3,813.75,Env A,,Oui
2022,2140207,clodinafop-propargyl,105512-06-9,3858.651,Env A,,Non
2022,2140207,cloquintocet-mexyl,99607-70-2,964.66275,Autre,,Non
2022,2140208,streptomyces k61 (anciennement streptomyces griseoviridis),,,Autre,,Non
2022,2140210,fluopyram,658066-35-4,2.5,Env A,,Non
2022,2140210,prothioconazole,178928-70-6,2.5,Env A,,Non
2022,2140213,dimethenamide-p (dmta-p),163515-14-8,1013.625,Env A,,Non
2022,2140213,pendimethaline,40487-42-1,1192.5,Env A,Substitution,Non
2022,2140215,(z)-9-dodecenylacetate,16974-11-1,7059.754671,Env A,,Non
2022,2140215,"e7,z9-dodecadienylacetate",54364-62-4,6778.614282,Env A,,Non
2022,2140225,dimethenamide-p (dmta-p),163515-14-8,13.0,Env A,,Non
2022,2140225,metazachlore,67129-08-2,13.0,CMR,,Non
2022,2140225,quinmerac,90717-03-6,6.5,Env A,,Non
2022,2140226,penoxsulame,219714-96-2,3.6,Env A,,Oui
2022,2140233,lambda-cyhalothrine,91465-08-6,32.56,Santé A,Substitution,Non
2022,2140235,esters methyliques d'acides gras,61788-59-8,49.86,Autre,,Oui
2022,2140238,cydia pomonella granulovirus,,,Autre,,Non
2022,2140240,boscalid,188425-85-6,22.0,Env A,,Non
2022,2140242,diflufenicanil,83164-33-4,195.0,Env B,,Non
2022,2140244,metribuzine,21087-64-9,67.2,Env A,,Non
2022,2140246,metsulfuron-methyl,74223-64-6,3.876,Env A,Substitution,Non
2022,2140246,thifensulfuron-methyle,79277-27-3,38.874,Env A,,Non
2022,2140247,cyazofamide,120116-88-3,98.875,Env A,,Oui
2022,2140247,phosphonate de disodium,13708-85-5,988.75,Autre,,Oui
2022,2140248,difenoconazole,119446-68-3,1.5,Env A,,Non
2022,2140248,propiconazole,60207-90-1,1.5,CMR,Exclusion,Non
2022,2140250,fluopyram,658066-35-4,145.0,Env A,,Non
2022,2140250,prothioconazole,178928-70-6,145.0,Env A,,Non
2022,2140251,mepiquat-chlorure,24307-26-4,38.85,Env B,,Non
2022,2140251,metconazole,125116-23-6,5.55,CMR,,Non
2022,2140252,phosphate ferrique,10045-86-0,838.219123,Autre,,Oui
2022,2140254,acide pelargonique,112-05-0,4791.28,Autre,,Non
2022,2140255,acide pelargonique,112-05-0,39994.8936,Autre,,Non
2022,2140256,chlorpyriphos-methyl,5598-13-0,5.05125,Env A,,Non
2022,2140257,iodosulfuron-methyl-sodium,144550-36-7,976.87232,Env A,,Oui
2022,2140257,mefenpyr-diethyl,135590-91-9,14653.0848,Autre,,Oui
2022,2140257,mesosulfuron-methyl,208465-21-8,4884.3616,Env A,,Oui
2022,2140258,iodosulfuron-methyl-sodium,144550-36-7,890.24715,Env A,,Non
2022,2140258,mesosulfuron-methyl,208465-21-8,890.24715,Env A,,Non
2022,2140259,fluopicolide,239110-15-7,1.998,Env A,,Oui
2022,2140259,fosetyl-aluminium,39148-24-8,30.004,Autre,,Oui
2022,2140260,imazamox,114311-32-9,2.2,Env A,Substitution,Oui
2022,2140261,florasulame,145701-23-1,31.7898,Env A,,Non
2022,2140261,tritosulfuron,142469-14-5,420.3318,Env A,,Non
2022,2140270,ametoctradine,865318-97-4,9376.342,Env A,,Non
2022,2140272,fosetyl,15845-66-6,7.75,Autre,,Oui
2022,2140272,propamocarbe,24579-73-5,13.25,Autre,,Oui
2022,2140276,alcools terpeniques,98-55-5,49.875,Autre,,Non
2022,2150002,metamitrone,41394-05-2,1792.2,Env A,,Non
2022,2150004,clomazone,81777-89-1,2.52,Env A,,Oui
2022,2150006,metribuzine,21087-64-9,131.6,Env A,,Non
2022,2150007,clomazone,81777-89-1,1440.383,Env A,,Oui
2022,2150007,napropamide,15299-99-7,16461.52,Env A,,Oui
2022,2150008,prohexadione-calcium,127277-53-6,1562.675,Env B,,Oui
2022,2150009,cymoxanil,57966-95-7,2488.5,CMR,,Non
2022,2150009,mandipropamide,374726-62-2,3456.25,Env A,,Non
2022,2150011,tebuconazole,107534-96-3,0.0625,CMR,,Non
2022,2150012,mesotrione,104206-82-8,12160.6176,CMR,,Oui
2022,2150014,fluxapyroxad,907204-31-3,957.1875,Santé A,,Non
2022,2150014,metconazole,125116-23-6,689.175,CMR,,Non
2022,2150016,metirame,9006-42-2,6807.5,Env A,,Non
2022,2150018,imazamox,114311-32-9,7.4,Env A,Substitution,Non
2022,2150019,silthiofam,175217-20-6,16925.872501,Env A,,Non
2022,2150020,rimsulfuron,122931-48-0,207.1125,Env A,,Oui
2022,2150022,dicamba,1918-00-9,24786.696,Env B,,Non
2022,2150023,bentazone,25057-89-0,2.4,Env B,,Non
2022,2150025,epoxiconazole,133855-98-8,43.75,CMR,Exclusion,Non
2022,2150025,fenpropimorphe,67564-91-4,140.0,CMR,,Non
2022,2150025,metrafenone,220899-03-6,52.5,Env A,,Non
2022,2150026,fluxapyroxad,907204-31-3,1087.1875,Santé A,,Non
2022,2150026,metconazole,125116-23-6,782.775,CMR,,Non
2022,2150028,metobromuron,3060-89-7,287808.945,CMR,,Oui
2022,2150031,pyrethrines,8003-34-7,50.0898,Env A,,Non
2022,2150033,fluxapyroxad,907204-31-3,107.1875,Santé A,,Non
2022,2150033,metconazole,125116-23-6,77.175,CMR,,Non
2022,2150042,boscalid,188425-85-6,58.0,Env A,,Non
2022,2150044,metalaxyl-m,70630-17-0,2.791,Autre,,Oui
2022,2150051,bixafen,581809-46-3,770.8,Env A,,Non
2022,2150051,fluoxastrobine,361377-29-9,963.5,CMR,,Non
2022,2150051,prothioconazole,178928-70-6,1927.0,Env A,,Non
2022,2150054,cypermethrine,52315-07-8,381.6,Env A,,Non
2022,2150058,difenoconazole,119446-68-3,6641.25,Env A,,Oui
2022,2150062,diflufenicanil,83164-33-4,209.0,Env B,,Non
2022,2150062,flufenacet,142459-58-3,418.0,Env A,,Non
2022,2150063,prosulfocarbe,52888-80-9,12.0,Env A,,Oui
2022,2150066,propyzamide,23950-58-5,180.0,CMR,Substitution,Non
2022,2150067,phosphonate de disodium,13708-85-5,186462.59,Autre,,Non
2022,2150068,chlorantraniliprole,500008-45-7,5.0,Env A,,Non
2022,2150071,fluopyram,658066-35-4,153.125,Env A,,Non
2022,2150071,prothioconazole,178928-70-6,153.125,Env A,,Non
2022,2150074,phosphonate de disodium,13708-85-5,19255.045,Autre,,Non
2022,2150078,clomazone,81777-89-1,997.248,Env A,,Non
2022,2150078,pethoxamide,106700-29-2,16620.8,Env A,,Non
2022,2150081,cyflufenamid,180409-60-3,176.1192,Env A,,Non
2022,2150081,difenoconazole,119446-68-3,352.2384,Env A,,Non
2022,2150083,chlorpyriphos-methyl,5598-13-0,58.5,Env A,,Non
2022,2150084,mesotrione,104206-82-8,5405.157,CMR,,Non
2022,2150085,clopyralid,1702-17-6,2032.604,Autre,,Non
2022,2150086,cyantraniliprole,736994-63-1,495.7,Env A,,Non
2022,2150087,cuivre du sulfate de cuivre,8011-63-0,807.0,Env A,Substitution,Non
2022,2150088,prosulfuron,94125-34-5,0.525,Env A,Substitution,Non
2022,2150096,cymoxanil,57966-95-7,56.1,CMR,,Oui
2022,2150096,zoxamide,156052-68-5,56.1,Env A,,Oui
2022,2150097,tribenuron-methyle,101200-48-0,49.425,Env A,,Non
2022,2150100,huile minerale paraffinique,8042-47-5,14.4,Autre,,Oui
2022,2150103,huile de vaseline,8042-47-5,890044.702,Autre,,Non
2022,2150104,huile minerale paraffinique,8042-47-5,234112.167,Autre,,Oui
2022,2150105,"e7,z9-dodecadienylacetate",54364-62-4,4325.30566,Env A,,Non
2022,2150112,amisulbrom,348635-87-0,150.5,CMR,,Non
2022,2150112,folpel,133-07-3,1505.0,CMR,,Non
2022,2150118,soufre,7704-34-9,648841.673601,Autre,,Oui
2022,2150124,clomazone,81777-89-1,196.6896,Env A,,Non
2022,2150125,diflufenicanil,83164-33-4,11606.935,Env B,,Non
2022,2150130,florasulame,145701-23-1,303.6875,Env A,,Non
2022,2150140,glyphosate,1071-83-6,2522934.662364,Env A,,Oui
2022,2150175,1-dodecanol,112-53-8,0.0268,Env A,,Non
2022,2150175,1-tetradecanol,112-72-1,0.0048,Env A,,Non
2022,2150175,"e8,e10-dodecadiene-1-ol",33956-49-9,0.168,Env A,,Non
2022,2150175,z-11-tetradecenyl acetate,20711-10-8,0.168,Autre,,Non
2022,2150175,z-9-tetradecenyl acetate,16725-53-4,0.032,Autre,,Non
2022,2150179,"e8,e10-dodecadiene-1-ol",33956-49-9,412.12482,Env A,,Non
2022,2150215,tribenuron-methyle,101200-48-0,466.125,Env A,,Non
2022,2150223,diflufenicanil,83164-33-4,74.5,Env B,,Non
2022,2150232,difenoconazole,119446-68-3,909.005,Env A,,Non
2022,2150245,alphamethrine,67375-30-8,645.3,Santé A,Substitution,Non
2022,2150247,nicosulfuron,111991-09-4,30.2,Env A,,Non
2022,2150247,sulcotrione,99105-77-8,226.5,CMR,,Non
2022,2150248,dimethomorphe,110488-70-5,2215.0,Env A,Exclusion,Non
2022,2150248,fluazinam,79622-59-6,2215.0,CMR,,Non
2022,2150266,difenoconazole,119446-68-3,195.0,Env A,,Oui
2022,2150267,boscalid,188425-85-6,408.0,Env A,,Non
2022,2150269,cyazofamide,120116-88-3,495.75,Env A,,Non
2022,2150269,phosphonate de disodium,13708-85-5,4957.5,Autre,,Non
2022,2150274,fluxapyroxad,907204-31-3,7.1875,Santé A,,Non
2022,2150274,metconazole,125116-23-6,5.175,CMR,,Non
2022,2150277,pyrimethanil,53112-28-0,8415.2,Env A,,Oui
2022,2150304,napropamide,15299-99-7,1194.75,Env A,,Non
2022,2150324,boscalid,188425-85-6,9.2115,Env A,,Non
2022,2150324,pyraclostrobine,175013-18-0,2.3115,Santé A,,Non
2022,2150328,pythium oligandrum souche m1,,,Autre,,Non
2022,2150330,fosetyl-aluminium,39148-24-8,1272.0,Autre,,Non
2022,2150336,prosulfuron,94125-34-5,74.295,Env A,Substitution,Non
2022,2150352,cycloxydime,101205-02-1,350.5,CMR,,Non
2022,2150353,cuivre de l'oxyde cuivreux,1317-39-1,5422.5,Env A,Substitution,Oui
2022,2150355,dimethenamide-p (dmta-p),163515-14-8,22.0,Env A,,Non
2022,2150355,metazachlore,67129-08-2,22.0,CMR,,Non
2022,2150355,quinmerac,90717-03-6,11.0,Env A,,Non
2022,2150372,phosphonate de potassium,13492-26-7,347.3,Autre,,Oui
2022,2150375,prothioconazole,178928-70-6,361.25,Env A,,Oui
2022,2150375,tebuconazole,107534-96-3,361.25,CMR,,Oui
2022,2150387,ametoctradine,865318-97-4,16337.655,Env A,,Oui
2022,2150387,dimethomorphe,110488-70-5,12253.24125,Env A,Exclusion,Oui
2022,2150417,bacillus thuringiensis ssp kurstaki souche abts-351,68038-71-1,1976.051735,Autre,,Oui
2022,2150438,cymoxanil,57966-95-7,2.0,CMR,,Non
2022,2150438,folpel,133-07-3,16.7,CMR,,Non
2022,2150443,dithianon,3347-22-6,2971.86,Env A,,Non
2022,2150443,pyraclostrobine,175013-18-0,990.62,Santé A,,Non
2022,2150451,difenoconazole,119446-68-3,342.25,Env A,,Oui
2022,2150456,cymoxanil,57966-95-7,138.6,CMR,,Oui
2022,2150456,zoxamide,156052-68-5,138.6,Env A,,Oui
2022,2150479,cos-oga,,327.167875,Autre,,Non
2022,2150481,aclonifen,74070-46-5,44382.825,CMR,,Oui
2022,2150481,clomazone,81777-89-1,2662.9695,Env A,,Oui
2022,2150483,lambda-cyhalothrine,91465-08-6,8964.68768,Santé A,Substitution,Non
2022,2150484,clopyralid,1702-17-6,4561.992,Autre,,Non
2022,2150484,florasulame,145701-23-1,380.166,Env A,,Non
2022,2150489,chlorotoluron,15545-48-9,180.0,CMR,,Non
2022,2150493,alkylpolyglucoside,68515-73-1,0.87,Autre,,Oui
2022,2150571,cyprodinyl,121552-61-2,3193.125,Env A,,Oui
2022,2150571,fludioxonil,131341-86-1,2128.75,Env A,,Oui
2022,2150572,ametoctradine,865318-97-4,17.4,Env A,,Oui
2022,2150572,metirame,9006-42-2,63.8,Env A,,Oui
2022,2150577,abamectine,71751-41-2,6.57,CMR,,Non
2022,2150626,mesotrione,104206-82-8,388.5,CMR,,Non
2022,2150641,boscalid,188425-85-6,28.836,Env A,,Oui
2022,2150641,pyraclostrobine,175013-18-0,7.236,Santé A,,Oui
2022,2150642,metamitrone,41394-05-2,6.75,Env A,,Oui
2022,2150646,fluopyram,658066-35-4,154.5,Env A,,Oui
2022,2150646,trifloxystrobine,141517-21-7,154.5,Env A,,Oui
2022,2150660,acibenzolar-s-methyl,135158-54-2,6.0,Env A,,Oui
2022,2150699,clopyralid,1702-17-6,8.6,Autre,,Non
2022,2150742,carfentrazone ethyl,128639-02-1,34.92,Env A,,Oui
2022,2150747,prohexadione-calcium,127277-53-6,25.5,Env B,,Oui
2022,2150750,dimethenamide-p (dmta-p),163515-14-8,68.0,Env A,,Non
2022,2150750,metazachlore,67129-08-2,68.0,CMR,,Non
2022,2150750,quinmerac,90717-03-6,34.0,Env A,,Non
2022,2150752,prosulfocarbe,52888-80-9,129904.0,Env A,,Non
2022,2150753,fluopyram,658066-35-4,3795.0,Env A,,Non
2022,2150753,prothioconazole,178928-70-6,3795.0,Env A,,Non
2022,2150755,azoxystrobine,131860-33-8,516.5875,Santé A,,Non
2022,2150755,folpel,133-07-3,2762.5,CMR,,Non
2022,2150757,diflufenicanil,83164-33-4,1159.44,Env B,,Non
2022,2150757,glyphosate,1071-83-6,7246.5,Env A,,Non
2022,2150758,spirotetramat,203313-25-1,28.5,CMR,,Oui
2022,2150763,pyraflufen-ethyl,129630-19-9,0.132,Env A,,Oui
2022,2150766,metsulfuron-methyl,74223-64-6,0.21,Env A,Substitution,Oui
2022,2150766,thifensulfuron-methyle,79277-27-3,2.04,Env A,,Oui
2022,2150768,metamitrone,41394-05-2,189.9,Env A,,Oui
2022,2150783,clomazone,81777-89-1,1.8,Env A,,Non
2022,2150785,mesotrione,104206-82-8,5278.783,CMR,,Non
2022,2150786,pendimethaline,40487-42-1,524.7,Env A,Substitution,Non
2022,2150789,phosphate ferrique,10045-86-0,0.38214,Autre,,Non
2022,2150790,phosphate ferrique,10045-86-0,646.9069,Autre,,Non
2022,2150792,metamitrone,41394-05-2,794.5,Env A,,Non
2022,2150845,florasulame,145701-23-1,0.035,Env A,,Non
2022,2150845,fluroxypyr,69377-81-7,3.5,Env B,,Non
2022,2150847,clonostachys rosea j1446 (anciennement gliocladium catenulatum),,4.68,Autre,,Non
2022,2150855,prochloraze,67747-09-5,5568.075,Env A,,Non
2022,2150870,florasulame,145701-23-1,368.6,Env A,,Oui
2022,2150889,chlorantraniliprole,500008-45-7,1.26,Env A,,Oui
2022,2150891,difenoconazole,119446-68-3,820.0,Env A,,Non
2022,2150893,folpel,133-07-3,528.0,CMR,,Oui
2022,2150900,folpel,133-07-3,6.5,CMR,,Non
2022,2150900,fosetyl-aluminium,39148-24-8,13.0,Autre,,Non
2022,2150914,fosetyl-aluminium,39148-24-8,122738.01608,Autre,,Non
2022,2150918,clodinafop-propargyl,105512-06-9,2436.299,Env A,,Non
2022,2150918,cloquintocet-mexyl,99607-70-2,609.07475,Autre,,Non
2022,2150919,abamectine,71751-41-2,29.0025,CMR,,Non
2022,2150921,tebuconazole,107534-96-3,313.75,CMR,,Non
2022,2150944,"2,4-d",94-75-7,11.3772,Env B,,Non
2022,2150944,dicamba,1918-00-9,1.70658,Env B,,Non
2022,2150964,lambda-cyhalothrine,91465-08-6,17507.7112,Santé A,Substitution,Non
2022,2150968,"2,4-d",94-75-7,723.89198,Env B,,Non
2022,2150968,dicamba,1918-00-9,103.41314,Env B,,Non
2022,2150969,phosphate ferrique,10045-86-0,22.770604,Autre,,Oui
2022,2150973,lambda-cyhalothrine,91465-08-6,445.932,Santé A,Substitution,Non
2022,2150981,spinosad,168316-95-8,5.28,Env A,,Oui
2022,2150991,florasulame,145701-23-1,34.19745,Env A,,Non
2022,2150991,metsulfuron-methyl,74223-64-6,27.03227,Env A,Substitution,Non
2022,2150991,tribenuron-methyle,101200-48-0,27.03227,Env A,,Non
2022,2159994,tribenuron-methyle,101200-48-0,621.525,Env A,,Non
2022,2159998,tebufenpyrad,119168-77-3,0.4,Santé A,,Non
2022,2160005,bifenox,42576-02-3,43.85,Env A,,Non
2022,2160005,mecoprop-p (mcpp-p),16484-77-8,54.0232,Env A,,Non
2022,2160008,fluopyram,658066-35-4,4716.2,Env A,,Non
2022,2160008,tebuconazole,107534-96-3,4716.2,CMR,,Non
2022,2160016,cymoxanil,57966-95-7,1313.2104,CMR,,Non
2022,2160016,folpel,133-07-3,8207.565,CMR,,Non
2022,2160016,fosetyl-aluminium,39148-24-8,16415.13,Autre,,Non
2022,2160047,clomazone,81777-89-1,136.08,Env A,,Non
2022,2160064,fludioxonil,131341-86-1,2247.886505,Env A,,Oui
2022,2160064,tebuconazole,107534-96-3,449.577301,CMR,,Oui
2022,2160071,pyriproxyfene,95737-68-1,2.4,Env A,,Oui
2022,2160103,dimethenamide-p (dmta-p),163515-14-8,799.425,Env A,,Non
2022,2160103,pendimethaline,40487-42-1,940.5,Env A,Substitution,Non
2022,2160106,benfluraline,1861-40-1,10.8,CMR,,Non
2022,2160108,pyrimethanil,53112-28-0,98.0,Env A,,Non
2022,2160114,maltodextrine,9050-36-6,3362.0272,Autre,,Oui
2022,2160115,acide pelargonique,112-05-0,2367.189772,Autre,,Oui
2022,2160120,cyprodinyl,121552-61-2,313.875,Env A,,Non
2022,2160120,fludioxonil,131341-86-1,209.25,Env A,,Non
2022,2160128,abamectine,71751-41-2,0.018,CMR,,Oui
2022,2160129,fluxapyroxad,907204-31-3,1.25,Santé A,,Non
2022,2160129,metconazole,125116-23-6,0.9,CMR,,Non
2022,2160131,mesotrione,104206-82-8,146.325,CMR,,Non
2022,2160131,nicosulfuron,111991-09-4,58.53,Env A,,Non
2022,2160133,mesotrione,104206-82-8,33.75,CMR,,Non
2022,2160133,nicosulfuron,111991-09-4,13.5,Env A,,Non
2022,2160160,bromoxynil,1689-84-5,34.4,CMR,Exclusion,Non
2022,2160160,diflufenicanil,83164-33-4,5.7405,Env B,,Non
2022,2160177,clomazone,81777-89-1,1207.9368,Env A,,Oui
2022,2160178,mandipropamide,374726-62-2,1402.5,Env A,,Non
2022,2160198,prothioconazole,178928-70-6,555.375,Env A,,Oui
2022,2160198,tebuconazole,107534-96-3,555.375,CMR,,Oui
2022,2160199,carfentrazone ethyl,128639-02-1,23.1,Env A,,Oui
2022,2160200,cloquintocet-mexyl,99607-70-2,179.25825,Autre,,Oui
2022,2160200,pinoxaden,243973-20-8,717.033,CMR,,Oui
2022,2160208,chlorotoluron,15545-48-9,38641.25,CMR,,Oui
2022,2160208,diflufenicanil,83164-33-4,6182.6,Env B,,Oui
2022,2160208,pendimethaline,40487-42-1,46369.5,Env A,Substitution,Oui
2022,2160226,phosphate ferrique,10045-86-0,35059.225828,Autre,,Non
2022,2160229,huile essentielle de girofle,84961-50-2,4.625,Autre,,Non
2022,2160229,pyrimethanil,53112-28-0,4.68,Env A,,Non
2022,2160230,pyrimethanil,53112-28-0,14.60472,Env A,,Non
2022,2160248,dicamba,1918-00-9,7997.2764,Env B,,Oui
2022,2160248,mesotrione,104206-82-8,3332.1985,CMR,,Oui
2022,2160260,metconazole,125116-23-6,25213.491,CMR,,Non
2022,2160263,tebuconazole,107534-96-3,1697.5,CMR,,Non
2022,2160272,hexythiazox,78587-05-0,213.1525,Env A,,Oui
2022,2160278,cymoxanil,57966-95-7,564.48,CMR,,Oui
2022,2160278,folpel,133-07-3,4656.96,CMR,,Oui
2022,2160292,cypermethrine,52315-07-8,18.912,Env A,,Non
2022,2160312,mesotrione,104206-82-8,146.0,CMR,,Non
2022,2160324,imazamox,114311-32-9,5.95,Env A,Substitution,Non
2022,2160324,quinmerac,90717-03-6,42.5,Env A,,Non
2022,2160326,diflufenicanil,83164-33-4,5382.5,Env B,,Oui
2022,2160343,clopyralid,1702-17-6,6952.2,Autre,,Oui
2022,2160374,oryzalin,19044-88-3,288.0,CMR,,Non
2022,2160374,penoxsulame,219714-96-2,0.84,Env A,,Non
2022,2160383,acide gibberellique,77-06-5,161.292274,Autre,,Non
2022,2160384,trinexapac-ethyl,95266-40-3,21209.4225,Env A,,Non
2022,2160387,tebuconazole,107534-96-3,30101.8,CMR,,Oui
2022,2160390,gibberellines (a4+a7),8030-53-3,40.87,Autre,,Non
2022,2160393,mesotrione,104206-82-8,6.0,CMR,,Non
2022,2160395,fenbuconazole,114369-43-6,194.33,Env A,,Non
2022,2160395,tetraconazole,112281-77-3,194.33,Env A,,Non
2022,2160397,fluopyram,658066-35-4,588.4,Env A,,Oui
2022,2160398,mesotrione,104206-82-8,44.0,CMR,,Non
2022,2160400,difenoconazole,119446-68-3,815.0,Env A,,Oui
2022,2160400,mandipropamide,374726-62-2,815.0,Env A,,Oui
2022,2160401,bixafen,581809-46-3,1.125,Env A,,Non
2022,2160401,prothioconazole,178928-70-6,2.25,Env A,,Non
2022,2160402,chlorotoluron,15545-48-9,7418.0,CMR,,Non
2022,2160402,diflufenicanil,83164-33-4,463.625,Env B,,Non
2022,2160403,proquinazid,189278-12-4,5.44,CMR,,Oui
2022,2160403,tetraconazole,112281-77-3,2.72,Env A,,Oui
2022,2160404,diflufenicanil,83164-33-4,11.0,Env B,,Non
2022,2160407,fenbuconazole,114369-43-6,55.75,Env A,,Non
2022,2160408,fenbuconazole,114369-43-6,3.0,Env A,,Non
2022,2160409,phosphate ferrique,10045-86-0,34.3233,Autre,,Non
2022,2160417,bentazone,25057-89-0,3864.54,Env B,,Non
2022,2160421,6-benzyladenine,1214-39-7,3.48,CMR,,Oui
2022,2160423,"e7,z9-dodecadienylacetate",54364-62-4,1379.210613,Env A,,Non
2022,2160433,cuivre de l'hydroxyde de cuivre,20427-59-2,13.5,Santé A,Substitution,Non
2022,2160433,cuivre de l'oxychlorure de cuivre,1332-40-7,13.5,Santé A,Substitution,Non
2022,2160433,valifenalate,283159-90-0,5.4,CMR,,Non
2022,2160454,extrait d'ail,8008-99-9,1462.5,Autre,,Non
2022,2160456,halosulfuron-methyle,100784-20-1,30.825,CMR,Exclusion,Non
2022,2160475,soufre,7704-34-9,647799.2,Autre,,Oui
2022,2160477,dicamba,1918-00-9,106.56,Env B,,Non
2022,2160478,sulfate d'ammonium,7783-20-2,27.6,Autre,,Oui
2022,2160479,s-metolachlore,87392-12-9,146154.048,Env A,,Oui
2022,2160484,difenoconazole,119446-68-3,1319.57725,Env A,,Oui
2022,2160484,fludioxonil,131341-86-1,1319.57725,Env A,,Oui
2022,2160487,"2,4-d",94-75-7,8.742,Env B,,Non
2022,2160487,triclopyr,55335-06-3,9.7384,Env B,,Non
2022,2160492,trichoderma asperellum t34,,,Autre,,Non
2022,2160494,bacillus thuringiensis ssp kurstaki souche eg 2348,68038-71-1,784.125,Autre,,Non
2022,2160508,cyflufenamid,180409-60-3,6.65,Env A,,Oui
2022,2160512,cuivre de l'oxyde cuivreux,1317-39-1,6120.0,Env A,Substitution,Non
2022,2160527,sels de potassium d'acides gras,10124-65-9,23099.9712,Autre,,Oui
2022,2160549,benalaxyl-m,98243-83-5,32.064,Env A,,Oui
2022,2160549,folpel,133-07-3,410.4,CMR,,Oui
2022,2160555,dimethomorphe,110488-70-5,506.5728,Env A,Exclusion,Non
2022,2160555,folpel,133-07-3,2110.72,CMR,,Non
2022,2160555,fosetyl-aluminium,39148-24-8,4221.44,Autre,,Non
2022,2160556,clomazone,81777-89-1,2272.4964,Env A,,Non
2022,2160608,huile de colza,8002-13-9,2735.0442,Autre,,Non
2022,2160608,pyrethrines,8003-34-7,15.21126,Env A,,Non
2022,2160615,soufre triture ventile,7704-34-9,5901.28275,Autre,,Non
2022,2160617,benzovindiflupyr,1072957-71-1,32709.587,Santé A,Substitution,Non
2022,2160658,ipconazole,125225-28-7,9.0,CMR,Exclusion,Non
2022,2160659,dimethomorphe,110488-70-5,496.7811,Env A,Exclusion,Non
2022,2160659,metirame,9006-42-2,2428.7076,Env A,,Non
2022,2160662,phosphonate de potassium,13492-26-7,3197.425,Autre,,Non
2022,2160686,trichoderma atroviride souche l-1237,,,Autre,,Non
2022,2160693,cyprosulfamide,221667-31-8,21928.3035,Autre,,Oui
2022,2160693,isoxaflutole,141112-29-0,32892.45525,CMR,,Oui
2022,2160693,thiencarbazone-methyl,317815-83-1,13156.9821,Env A,,Oui
2022,2160694,cuivre du sulfate tribasique,12527-76-3,1633.6,Env A,Substitution,Non
2022,2160702,carfentrazone ethyl,128639-02-1,1.8,Env A,,Non
2022,2160704,glyphosate,1071-83-6,21.6,Env A,,Non
2022,2160705,soufre,7704-34-9,25501.0,Autre,,Non
2022,2160705,tebuconazole,107534-96-3,1639.35,CMR,,Non
2022,2160706,nucleopolyhedrovirus de spodoptera littoralis,,,Autre,,Non
2022,2160710,cyazofamide,120116-88-3,229.125,Env A,,Non
2022,2160710,phosphonate de disodium,13708-85-5,2291.25,Autre,,Non
2022,2160711,dithianon,3347-22-6,339.5,Env A,,Non
2022,2160713,spinetoram,935545-74-7,327.18,CMR,,Non
2022,2160718,cymoxanil,57966-95-7,116.55,CMR,,Oui
2022,2160723,tebuconazole,107534-96-3,4.7,CMR,,Non
2022,2160723,trifloxystrobine,141517-21-7,2.35,Env A,,Non
2022,2160724,azoxystrobine,131860-33-8,22239.0625,Santé A,,Non
2022,2160724,difenoconazole,119446-68-3,22239.0625,Env A,,Non
2022,2160726,dithianon,3347-22-6,21310.06,Env A,,Oui
2022,2160726,phosphonate de potassium,13492-26-7,95673.645376,Autre,,Oui
2022,2160727,diflufenicanil,83164-33-4,4645.25,Env B,,Non
2022,2160730,fludioxonil,131341-86-1,119.8525,Env A,,Non
2022,2160739,iodosulfuron-methyl-sodium,144550-36-7,17.958,Env A,,Non
2022,2160739,mefenpyr-diethyl,135590-91-9,269.37,Autre,,Non
2022,2160739,mesosulfuron-methyl,208465-21-8,89.79,Env A,,Non
2022,2160749,soufre,7704-34-9,17059.0,Autre,,Non
2022,2160749,tebuconazole,107534-96-3,1096.65,CMR,,Non
2022,2160752,pyridate,55512-33-9,26024.718,Env A,,Non
2022,2160756,dodine,2439-10-3,27856.336,Env A,,Oui
2022,2160757,azoxystrobine,131860-33-8,9.0,Santé A,,Non
2022,2160757,epoxiconazole,133855-98-8,4.5,CMR,Exclusion,Non
2022,2160764,azoxystrobine,131860-33-8,1314.7425,Santé A,,Non
2022,2160764,fluazinam,79622-59-6,3286.85625,CMR,,Non
2022,2160781,s-metolachlore,87392-12-9,71597.76,Env A,,Oui
2022,2160783,abamectine,71751-41-2,108.864,CMR,,Non
2022,2160792,captane,133-06-2,2616.0,CMR,,Non
2022,2160802,trinexapac-ethyl,95266-40-3,6798.75,Env A,,Non
2022,2160814,diflufenicanil,83164-33-4,353.0,Env B,,Non
2022,2160816,fluxapyroxad,907204-31-3,521.9375,Santé A,,Non
2022,2160816,metconazole,125116-23-6,375.795,CMR,,Non
2022,2160817,clomazone,81777-89-1,698.35741,Env A,,Non
2022,2160817,pendimethaline,40487-42-1,4839.77926,Env A,Substitution,Non
2022,2160818,soufre,7704-34-9,262503.19992,Autre,,Oui
2022,2160824,dimethomorphe,110488-70-5,267.39,Env A,Exclusion,Oui
2022,2160824,metirame,9006-42-2,1307.24,Env A,,Oui
2022,2160826,difenoconazole,119446-68-3,385.0,Env A,,Non
2022,2160826,mandipropamide,374726-62-2,385.0,Env A,,Non
2022,2160827,prothioconazole,178928-70-6,0.25,Env A,,Oui
2022,2160827,tebuconazole,107534-96-3,0.25,CMR,,Oui
2022,2160830,iodosulfuron-methyl-sodium,144550-36-7,12.144,Env A,,Oui
2022,2160830,mefenpyr-diethyl,135590-91-9,182.157,Autre,,Oui
2022,2160830,mesosulfuron-methyl,208465-21-8,60.719,Env A,,Oui
2022,2160836,difenoconazole,119446-68-3,4.165,Env A,,Non
2022,2160839,azoxystrobine,131860-33-8,4302.2,Santé A,,Non
2022,2160841,bacillus amyloliquefaciens subsp plantarum d747,,,Autre,,Non
2022,2160842,metribuzine,21087-64-9,7348.95,Env A,,Oui
2022,2160845,soufre,7704-34-9,38040.75,Autre,,Non
2022,2160859,difenoconazole,119446-68-3,2.5,Env A,,Non
2022,2160860,difenoconazole,119446-68-3,11074.5,Env A,,Non
2022,2160900,imazamox,114311-32-9,368.4,Env A,Substitution,Non
2022,2160901,cyprodinyl,121552-61-2,233.0,Env A,,Non
2022,2160904,pendimethaline,40487-42-1,145.6,Env A,Substitution,Non
2022,2160913,prothioconazole,178928-70-6,27.5,Env A,,Non
2022,2160913,tebuconazole,107534-96-3,27.5,CMR,,Non
2022,2160917,ethofumesate,26225-79-6,6045.72,Env A,,Non
2022,2160917,metamitrone,41394-05-2,14106.68,Env A,,Non
2022,2160920,fluroxypyr-meptyl,81406-37-3,49158.18674,Env A,,Oui
2022,2160920,metsulfuron-methyl,74223-64-6,1263.7066,Env A,Substitution,Oui
2022,2160920,thifensulfuron-methyle,79277-27-3,7582.2396,Env A,,Oui
2022,2160929,1-dodecanol,112-53-8,221.65416,Env A,,Non
2022,2160929,1-tetradecanol,112-72-1,51.42956,Env A,,Non
2022,2160929,"e8,e10-dodecadiene-1-ol",33956-49-9,379.56464,Env A,,Non
2022,2160931,bixafen,581809-46-3,61231.182994,Env A,,Oui
2022,2160931,fluopyram,658066-35-4,61231.182994,Env A,,Oui
2022,2160931,prothioconazole,178928-70-6,122462.365987,Env A,,Oui
2022,2160933,difenoconazole,119446-68-3,13.1,Env A,,Non
2022,2160933,kresoxim-methyl,143390-89-0,26.2,CMR,,Non
2022,2160935,kresoxim-methyl,143390-89-0,106.25,CMR,,Non
2022,2160935,penconazole,66246-88-6,37.1875,CMR,,Non
2022,2160936,cloquintocet-mexyl,99607-70-2,1109.27004,Autre,,Non
2022,2160936,fluroxypyr-meptyl,81406-37-3,37252.98551,Env A,,Non
2022,2160936,halauxifen-methyl,943831-98-9,1155.489625,Env A,,Non
2022,2160937,cloquintocet-mexyl,99607-70-2,1230.15258,Autre,,Oui
2022,2160937,florasulame,145701-23-1,1025.12715,Env A,,Oui
2022,2160937,halauxifen-methyl,943831-98-9,1281.409698,Env A,,Oui
2022,2160939,diquat,85-00-7,6.0,Santé A,,Non
2022,2160950,lambda-cyhalothrine,91465-08-6,204.140402,Santé A,Substitution,Oui
2022,2160951,paclobutrazol,76738-62-0,1.316,CMR,,Non
2022,2160953,cloquintocet-mexyl,99607-70-2,65.5,Autre,,Non
2022,2160953,pinoxaden,243973-20-8,262.0,CMR,,Non
2022,2160954,dimethenamide-p (dmta-p),163515-14-8,144.0,Env A,,Non
2022,2160958,cypermethrine,52315-07-8,423.072,Env A,,Non
2022,2160959,benzovindiflupyr,1072957-71-1,37348.001993,Santé A,Substitution,Oui
2022,2160959,prothioconazole,178928-70-6,74696.003985,Env A,,Oui
2022,2160960,glyphosate,1071-83-6,0.1728,Env A,,Non
2022,2160962,fluxapyroxad,907204-31-3,7680.03,Santé A,,Oui
2022,2160963,fluxapyroxad,907204-31-3,6123.624,Santé A,,Oui
2022,2160965,abamectine,71751-41-2,12.42,CMR,,Non
2022,2160967,"1,4-dimethylnaphtalene",571-58-4,67121.483191,Env A,,Non
2022,2160970,iodosulfuron-methyl-sodium,144550-36-7,3.5175,Env A,,Non
2022,2160970,mesosulfuron-methyl,208465-21-8,3.5175,Env A,,Non
2022,2160971,clomazone,81777-89-1,3.6,Env A,,Oui
2022,2160976,prosulfuron,94125-34-5,80.46,Env A,Substitution,Non
2022,2160983,bentazone,25057-89-0,986.58,Env B,,Non
2022,2160984,benfluraline,1861-40-1,289.8,CMR,,Non
2022,2160985,huile de paraffine,97862-82-3,43504.0,Autre,,Non
2022,2160996,dithianon,3347-22-6,1550.0,Env A,,Non
2022,2160996,phosphonate de potassium,13492-26-7,6958.88,Autre,,Non
2022,2161016,azoxystrobine,131860-33-8,14421.25,Santé A,,Oui
2022,2161035,(z)-9-dodecenylacetate,16974-11-1,2.9097,Env A,,Non
2022,2161035,"e7,z9-dodecadienylacetate",54364-62-4,26.3304,Env A,,Non
2022,2161035,z-11-tetradecenyl acetate,20711-10-8,10.1124,Autre,,Non
2022,2161035,z-9-tetradecenyl acetate,16725-53-4,0.5247,Autre,,Non
2022,2161067,prosulfuron,94125-34-5,28.3275,Env A,Substitution,Non
2022,2161068,mesotrione,104206-82-8,427.5,CMR,,Non
2022,2161068,nicosulfuron,111991-09-4,171.0,Env A,,Non
2022,2161073,phosmet,732-11-6,27.5,CMR,,Oui
2022,2161080,eugenol,97-53-0,392.04,Autre,,Non
2022,2161080,geraniol,106-24-1,784.08,Autre,,Non
2022,2161080,thymol,89-83-8,784.08,Env A,,Non
2022,2161082,tebuconazole,107534-96-3,24.0,CMR,,Non
2022,2161083,dimethenamide-p (dmta-p),163515-14-8,788.222,Env A,,Non
2022,2161083,metazachlore,67129-08-2,788.222,CMR,,Non
2022,2161101,fluxapyroxad,907204-31-3,25293.94425,Santé A,,Non
2022,2161101,pyraclostrobine,175013-18-0,50587.8885,Santé A,,Non
2022,2161105,pyrethrines,8003-34-7,24.66,Env A,,Non
2022,2161106,pyrethrines,8003-34-7,5.4,Env A,,Non
2022,2169998,trichoderma atroviride souche sc1,,,Autre,,Non
2022,2169999,cyantraniliprole,736994-63-1,954.4,Env A,,Oui
2022,2170031,metamitrone,41394-05-2,66956.4,Env A,,Oui
2022,2170032,tebuconazole,107534-96-3,6171.25,CMR,,Non
2022,2170035,tribenuron-methyle,101200-48-0,3158.1825,Env A,,Non
2022,2170042,glyphosate,1071-83-6,171.0,Env A,,Non
2022,2170055,dicamba,1918-00-9,1006.56,Env B,,Non
2022,2170059,cloquintocet-mexyl,99607-70-2,42.225,Autre,,Non
2022,2170059,pyroxsulame,422556-08-9,42.225,Env A,,Non
2022,2170061,boscalid,188425-85-6,51.0,Env A,,Non
2022,2170061,dimoxystrobine,149961-52-4,51.0,CMR,,Non
2022,2170085,dithianon,3347-22-6,42428.106288,Env A,,Non
2022,2170085,phosphonate de potassium,13492-26-7,190485.225988,Autre,,Non
2022,2170089,glyphosate,1071-83-6,358.08,Env A,,Non
2022,2170110,myclobutanil,88671-89-0,1.5,CMR,,Non
2022,2170139,pyrimiphos-methyl,29232-93-7,116.89,Santé A,,Non
2022,2170145,clomazone,81777-89-1,160.164,Env A,,Oui
2022,2170146,cymoxanil,57966-95-7,363.0,CMR,,Non
2022,2170146,propamocarbe hcl,25606-41-1,2904.0,Autre,,Non
2022,2170149,cypermethrine,52315-07-8,3602.5,Env A,,Non
2022,2170151,azoxystrobine,131860-33-8,869.0,Santé A,,Non
2022,2170158,dimethenamide-p (dmta-p),163515-14-8,43705.0179,Env A,,Non
2022,2170158,quinmerac,90717-03-6,21918.1321,Env A,,Non
2022,2170166,fludioxonil,131341-86-1,17.0,Env A,,Oui
2022,2170194,fosetyl,15845-66-6,51.15,Autre,,Non
2022,2170194,propamocarbe,24579-73-5,87.45,Autre,,Non
2022,2170197,bixafen,581809-46-3,28.925,Env A,,Non
2022,2170197,fluopyram,658066-35-4,28.925,Env A,,Non
2022,2170197,prothioconazole,178928-70-6,57.85,Env A,,Non
2022,2170200,difenoconazole,119446-68-3,77.5,Env A,,Non
2022,2170208,iodosulfuron-methyl-sodium,144550-36-7,426.85044,Env A,,Non
2022,2170208,mefenpyr-diethyl,135590-91-9,6402.7566,Autre,,Non
2022,2170208,mesosulfuron-methyl,208465-21-8,2134.2522,Env A,,Non
2022,2170216,cloquintocet-mexyl,99607-70-2,983.208,Autre,,Non
2022,2170216,diflufenicanil,83164-33-4,3932.832,Env B,,Non
2022,2170216,florasulame,145701-23-1,196.6416,Env A,,Non
2022,2170216,iodosulfuron-methyl-sodium,144550-36-7,491.604,Env A,,Non
2022,2170224,cyazofamide,120116-88-3,760.0,Env A,,Non
2022,2170225,prosulfuron,94125-34-5,0.135,Env A,Substitution,Non
2022,2170227,cymoxanil,57966-95-7,60.25,CMR,,Non
2022,2170227,propamocarbe hcl,25606-41-1,482.0,Autre,,Non
2022,2170228,bixafen,581809-46-3,0.65,Env A,,Non
2022,2170228,fluopyram,658066-35-4,0.65,Env A,,Non
2022,2170228,prothioconazole,178928-70-6,1.3,Env A,,Non
2022,2170230,azoxystrobine,131860-33-8,11.94615,Santé A,,Non
2022,2170230,fludioxonil,131341-86-1,29.865375,Env A,,Non
2022,2170230,metalaxyl-m,70630-17-0,23.09589,Autre,,Non
2022,2170230,thiabendazole,148-79-8,238.923,Env A,,Non
2022,2170232,cyazofamide,120116-88-3,520.0,Env A,,Non
2022,2170236,iodosulfuron-methyl-sodium,144550-36-7,41.553,Env A,,Non
2022,2170236,mefenpyr-diethyl,135590-91-9,623.295,Autre,,Non
2022,2170236,mesosulfuron-methyl,208465-21-8,207.765,Env A,,Non
2022,2170236,thiencarbazone-methyl,317815-83-1,103.8825,Env A,,Non
2022,2170237,iodosulfuron-methyl-sodium,144550-36-7,224.5797,Env A,,Non
2022,2170237,mefenpyr-diethyl,135590-91-9,673.7391,Autre,,Non
2022,2170237,mesosulfuron-methyl,208465-21-8,224.5797,Env A,,Non
2022,2170237,thiencarbazone-methyl,317815-83-1,187.14975,Env A,,Non
2022,2170238,iodosulfuron-methyl-sodium,144550-36-7,138.5349,Env A,,Non
2022,2170238,mefenpyr-diethyl,135590-91-9,415.6047,Autre,,Non
2022,2170238,mesosulfuron-methyl,208465-21-8,138.5349,Env A,,Non
2022,2170243,acide pelargonique,112-05-0,17471.52995,Autre,,Oui
2022,2170263,cypermethrine,52315-07-8,4631.442,Env A,,Oui
2022,2170276,copolymere de polyether - polymethylsiloxane,134180-76-0,3.825,Autre,,Oui
2022,2170314,fluopyram,658066-35-4,177.0,Env A,,Oui
2022,2170314,tebuconazole,107534-96-3,177.0,CMR,,Oui
2022,2170315,dimethomorphe,110488-70-5,162.72,Env A,Exclusion,Oui
2022,2170315,pyraclostrobine,175013-18-0,90.4,Santé A,,Oui
2022,2170321,acide pelargonique,112-05-0,2082.5,Autre,,Non
2022,2170323,lenacile,2164-08-1,0.8,CMR,,Non
2022,2170332,dimethomorphe,110488-70-5,2265.2802,Env A,Exclusion,Non
2022,2170332,zoxamide,156052-68-5,2265.2802,Env A,,Non
2022,2170335,abamectine,71751-41-2,72.72,CMR,,Oui
2022,2170355,acide pelargonique,112-05-0,174.319723,Autre,,Oui
2022,2170358,dicamba,1918-00-9,476.5625,Env B,,Non
2022,2170358,mesotrione,104206-82-8,228.75,CMR,,Non
2022,2170358,nicosulfuron,111991-09-4,152.5,Env A,,Non
2022,2170360,mesotrione,104206-82-8,53.0,CMR,,Non
2022,2170361,mesotrione,104206-82-8,41.0,CMR,,Non
2022,2170362,isoxaben,82558-50-7,16.9702,Env B,,Non
2022,2170362,oryzalin,19044-88-3,68.0394,CMR,,Non
2022,2170381,mesotrione,104206-82-8,33183.9004,CMR,,Oui
2022,2170381,terbuthylazine,5915-41-3,156438.3876,Env A,,Oui
2022,2170392,deltamethrine,52918-63-5,0.893335,Santé A,,Non
2022,2170395,napropamide,15299-99-7,117.0,Env A,,Non
2022,2170401,boscalid,188425-85-6,4.032,Env A,,Oui
2022,2170401,pyraclostrobine,175013-18-0,2.048,Santé A,,Oui
2022,2170403,dithianon,3347-22-6,35.0,Env A,,Oui
2022,2170403,phosphonate de potassium,13492-26-7,157.136,Autre,,Oui
2022,2170410,bupirimate,41483-43-6,218.0,CMR,,Non
2022,2170412,huile essentielle d'orange douce,8028-48-6,2493.9066,Env A,,Non
2022,2170421,mesotrione,104206-82-8,4285.7,CMR,,Non
2022,2170422,mesotrione,104206-82-8,549.5,CMR,,Non
2022,2170423,mesotrione,104206-82-8,1783.0,CMR,,Non
2022,2170424,mesotrione,104206-82-8,5051.28,CMR,,Non
2022,2170425,mesotrione,104206-82-8,7974.116,CMR,,Non
2022,2170428,flazasulfuron,104040-78-0,905.9,Env A,,Non
2022,2170429,fenpropidine,67306-00-7,32913.3045,Env A,,Oui
2022,2170429,prochloraze,67747-09-5,43884.406,Env A,,Oui
2022,2170429,tebuconazole,107534-96-3,21942.203,CMR,,Oui
2022,2170430,azoxystrobine,131860-33-8,65.0,Santé A,,Non
2022,2170434,acetate de tetradecyle,638-59-5,131.78979,Autre,,Non
2022,2170434,"e8,e10-dodecadiene-1-ol",33956-49-9,680.24831,Env A,,Non
2022,2170434,z-11-tetradecenyl acetate,20711-10-8,536.47763,Autre,,Non
2022,2170435,"e7,z9-dodecadienylacetate",54364-62-4,61.9526,Env A,,Oui
2022,2170437,beauveria bassiana souche atcc 74040,63428-82-0,,Autre,,Non
2022,2170455,beflubutamide,113614-08-7,2988.8,Env A,,Non
2022,2170457,metamitrone,41394-05-2,39928.0,Env A,,Non
2022,2170458,cuivre du sulfate tribasique,12527-76-3,23682.5565,Env A,Substitution,Non
2022,2170458,fosetyl-aluminium,39148-24-8,31576.742,Autre,,Non
2022,2170459,fludioxonil,131341-86-1,601.74075,Env A,,Non
2022,2170459,sedaxane,874967-67-6,601.74075,CMR,,Non
2022,2170462,huile minerale blanche,8042-47-5,80817.0,Autre,,Oui
2022,2170464,huile minerale blanche,8042-47-5,56761.5,Autre,,Non
2022,2170498,cyprodinyl,121552-61-2,1182.0,Env A,,Non
2022,2170501,cyprodinyl,121552-61-2,412.1,Env A,,Non
2022,2170524,mefenpyr-diethyl,135590-91-9,332.64,Autre,,Non
2022,2170524,mesosulfuron-methyl,208465-21-8,166.32,Env A,,Non
2022,2170524,propoxycarbazone sodium,181274-15-7,249.48,Env A,,Non
2022,2170547,flazasulfuron,104040-78-0,509.075,Env A,,Non
2022,2170576,fluopicolide,239110-15-7,91.875,Env A,,Non
2022,2170576,propamocarbe hcl,25606-41-1,918.75,Autre,,Non
2022,2170586,fluopyram,658066-35-4,1.0,Env A,,Oui
2022,2170650,dimethomorphe,110488-70-5,162.833,Env A,Exclusion,Non
2022,2170650,folpel,133-07-3,864.6,CMR,,Non
2022,2170654,cerevisane,68876-77-7,2487.23238,Autre,,Non
2022,2170684,cymoxanil,57966-95-7,2647.125,CMR,,Oui
2022,2170685,acide acetique,64-19-7,500.3562,Autre,,Oui
2022,2170686,trinexapac-ethyl,95266-40-3,1713.0,Env A,,Non
2022,2170687,captane,133-06-2,13180.0,CMR,,Oui
2022,2170691,diflufenicanil,83164-33-4,3882.662,Env B,,Oui
2022,2170691,metribuzine,21087-64-9,15530.65,Env A,,Oui
2022,2170697,phosphure de zinc,1314-84-7,9.37352,Santé A,,Non
2022,2170698,phosphure de zinc,1314-84-7,299.925,Santé A,,Non
2022,2170700,prothioconazole,178928-70-6,179.7975,Env A,,Oui
2022,2170700,tebuconazole,107534-96-3,23.973,CMR,,Oui
2022,2170702,cuivre de l'oxyde cuivreux,1317-39-1,1155.6,Env A,Substitution,Non
2022,2170711,pyrimiphos-methyl,29232-93-7,127.95975,Santé A,,Non
2022,2170712,azoxystrobine,131860-33-8,7280.5,Santé A,,Non
2022,2170713,butoxyde de piperonyle,51-03-6,26.2856,Autre,,Non
2022,2170713,deltamethrine,52918-63-5,2.9,Santé A,,Non
2022,2170716,fenpyrazamine,473798-59-3,38.5,Env A,,Oui
2022,2170724,iodosulfuron-methyl-sodium,144550-36-7,3.0225,Env A,,Non
2022,2170724,mesosulfuron-methyl,208465-21-8,3.0225,Env A,,Non
2022,2170747,metribuzine,21087-64-9,33.6,Env A,,Oui
2022,2170752,sedaxane,874967-67-6,2782.495,CMR,,Oui
2022,2170757,prochloraze,67747-09-5,92194.73154,Env A,,Oui
2022,2170757,tebuconazole,107534-96-3,45924.71646,CMR,,Oui
2022,2170769,cyflufenamid,180409-60-3,22.2,Env A,,Oui
2022,2170769,difenoconazole,119446-68-3,44.4,Env A,,Oui
2022,2170773,cymoxanil,57966-95-7,21.5,CMR,,Non
2022,2170773,propamocarbe hcl,25606-41-1,172.0,Autre,,Non
2022,2170774,dimethenamide-p (dmta-p),163515-14-8,759.0,Env A,,Non
2022,2170774,metazachlore,67129-08-2,759.0,CMR,,Non
2022,2170780,beauveria bassiana souche gha,63428-82-0,,Autre,,Non
2022,2170781,azoxystrobine,131860-33-8,3.25,Santé A,,Non
2022,2170785,1-dodecanol,112-53-8,118.47165,Env A,,Non
2022,2170785,1-tetradecanol,112-72-1,29.0983,Env A,,Non
2022,2170785,"e8,e10-dodecadiene-1-ol",33956-49-9,814.7524,Env A,,Non
2022,2170785,z-11-tetradecenyl acetate,20711-10-8,800.20325,Autre,,Non
2022,2170785,z-9-tetradecenyl acetate,16725-53-4,160.04065,Autre,,Non
2022,2170793,dimethomorphe,110488-70-5,521.28,Env A,Exclusion,Non
2022,2170793,pyraclostrobine,175013-18-0,289.6,Santé A,,Non
2022,2170795,prohexadione-calcium,127277-53-6,52.95,Env B,,Oui
2022,2170796,tebuconazole,107534-96-3,152.65,CMR,,Oui
2022,2170803,cypermethrine,52315-07-8,2612.445,Env A,,Non
2022,2170807,benzovindiflupyr,1072957-71-1,618.75,Santé A,Substitution,Non
2022,2170807,prothioconazole,178928-70-6,1237.5,Env A,,Non
2022,2170810,benzovindiflupyr,1072957-71-1,247.125,Santé A,Substitution,Non
2022,2170810,prothioconazole,178928-70-6,494.25,Env A,,Non
2022,2170821,propoxycarbazone sodium,181274-15-7,17.92,Env A,,Non
2022,2170823,metobromuron,3060-89-7,82.5,CMR,,Oui
2022,2170826,cyflufenamid,180409-60-3,73.95,Env A,,Non
2022,2170827,cyflufenamid,180409-60-3,52.75,Env A,,Non
2022,2170830,benzovindiflupyr,1072957-71-1,1.125,Santé A,Substitution,Non
2022,2170830,prothioconazole,178928-70-6,2.25,Env A,,Non
2022,2170831,amidosulfuron,120923-37-7,17.25,Env A,,Non
2022,2170835,cypermethrine,52315-07-8,249.195,Env A,,Non
2022,2170836,cyflufenamid,180409-60-3,13.95,Env A,,Non
2022,2170839,cyazofamide,120116-88-3,1769.2,Env A,,Oui
2022,2170840,difenoconazole,119446-68-3,315.0,Env A,,Non
2022,2170843,napropamide,15299-99-7,407.25,Env A,,Oui
2022,2170853,boscalid,188425-85-6,24.0,Env A,,Non
2022,2170853,dimoxystrobine,149961-52-4,24.0,CMR,,Non
2022,2170854,chlorotoluron,15545-48-9,41217.5,CMR,,Non
2022,2170857,phosmet,732-11-6,295.0,CMR,,Non
2022,2170858,iodosulfuron-methyl-sodium,144550-36-7,5.125,Env A,,Non
2022,2170858,mefenpyr-diethyl,135590-91-9,76.875,Autre,,Non
2022,2170858,mesosulfuron-methyl,208465-21-8,25.625,Env A,,Non
2022,2170893,spirotetramat,203313-25-1,67.1,CMR,,Oui
2022,2170898,fluxapyroxad,907204-31-3,10.625,Santé A,,Non
2022,2170898,metconazole,125116-23-6,7.65,CMR,,Non
2022,2170900,napropamide,15299-99-7,423.0,Env A,,Non
2022,2170912,dithianon,3347-22-6,52.5,Env A,,Non
2022,2170912,pyrimethanil,53112-28-0,52.5,Env A,,Non
2022,2170913,azoxystrobine,131860-33-8,149.0,Santé A,,Non
2022,2170914,difenoconazole,119446-68-3,0.5,Env A,,Non
2022,2170917,difenoconazole,119446-68-3,540.0,Env A,,Oui
2022,2170923,cyazofamide,120116-88-3,857.6,Env A,,Oui
2022,2170927,prothioconazole,178928-70-6,43.3975,Env A,,Non
2022,2170932,cos-oga,,0.005375,Autre,,Non
2022,2170933,prohexadione-calcium,127277-53-6,5089.4215,Env B,,Oui
2022,2170933,trinexapac-ethyl,95266-40-3,7634.13225,Env A,,Oui
2022,2170960,"(e,z)-2,13-octadecadienyl acetate",86252-65-5,72.59876,Autre,,Non
2022,2170960,"(e,z)-3,13-octadecadienyl acetate",53120-26-6,1.78204,Autre,,Non
2022,2170977,huile de colza,8002-13-9,41.061081,Autre,,Oui
2022,2170978,huile de colza,8002-13-9,2508.45769,Autre,,Oui
2022,2170979,cloquintocet-mexyl,99607-70-2,2236.172688,Autre,,Non
2022,2170979,florasulame,145701-23-1,448.497912,Env A,,Non
2022,2170979,pyroxsulame,422556-08-9,2236.172688,Env A,,Non
2022,2170992,isoxadifen-ethyl,163520-33-0,1029.0798,Env A,,Non
2022,2170992,tembotrione,335104-84-2,2649.4965,CMR,,Non
2022,2170992,thiencarbazone-methyl,317815-83-1,522.2196,Env A,,Non
2022,2170997,soufre pour pulverisation (micronise),7704-34-9,9504.0,Autre,,Non
2022,2171002,bentazone,25057-89-0,1432.89,Env B,,Non
2022,2171010,isofetamide,875915-78-9,5174.984,Env A,,Non
2022,2171025,imazamox,114311-32-9,205.88,Env A,Substitution,Non
2022,2171035,tebuconazole,107534-96-3,18739.275025,CMR,,Non
2022,2171049,acide benzoique,65-85-0,468.9,Santé A,,Non
2022,2171054,diflufenicanil,83164-33-4,71657.43,Env B,,Oui
2022,2171054,flufenacet,142459-58-3,143314.86,Env A,,Oui
2022,2171056,folpel,133-07-3,123.984,CMR,,Non
2022,2171058,dicamba,1918-00-9,1176.48,Env B,,Non
2022,2171066,imazamox,114311-32-9,1578.83425,Env A,Substitution,Non
2022,2171067,bicarbonate de potassium,298-14-6,19.550021,Autre,,Oui
2022,2171073,flazasulfuron,104040-78-0,841.275,Env A,,Oui
2022,2171086,pyriproxyfene,95737-68-1,130.4,Env A,,Non
2022,2171089,spinosad,168316-95-8,219.572,Env A,,Non
2022,2171111,metamitrone,41394-05-2,154101.64707,Env A,,Oui
2022,2171119,mandipropamide,374726-62-2,14417.5225,Env A,,Oui
2022,2171119,zoxamide,156052-68-5,13840.8216,Env A,,Oui
2022,2171123,trinexapac-ethyl,95266-40-3,2268.89,Env A,,Oui
2022,2171124,rimsulfuron,122931-48-0,251.7275,Env A,,Oui
2022,2171126,(e)-5-decen-1-yl acetate,38421-90-8,67.819521,Autre,,Oui
2022,2171126,e-5-decen-1-ol,56578-18-8,11.967739,Autre,,Oui
2022,2171126,e/z8 acetate de dodecenyle,37338-40-2,150.501012,Autre,,Oui
2022,2171126,n-hexadecylacetate,629-70-9,55.695256,Autre,,Oui
2022,2171134,dithianon,3347-22-6,24190.28,Env A,,Oui
2022,2171140,dithianon,3347-22-6,23988.3,Env A,,Non
2022,2171141,chlormequat chlorure,999-81-5,70346.655,Autre,,Oui
2022,2171141,ethephon,16672-87-0,35173.3275,Santé A,,Oui
2022,2171155,chlorantraniliprole,500008-45-7,3.15,Env A,,Non
2022,2171174,spirotetramat,203313-25-1,30.0,CMR,,Non
2022,2171178,chlorotoluron,15545-48-9,2640.0,CMR,,Non
2022,2171179,metazachlore,67129-08-2,1575.0,CMR,,Non
2022,2171182,difenoconazole,119446-68-3,145.0,Env A,,Non
2022,2171182,paclobutrazol,76738-62-0,72.5,CMR,,Non
2022,2171193,mesotrione,104206-82-8,841.75,CMR,,Oui
2022,2171193,terbuthylazine,5915-41-3,3968.25,Env A,,Oui
2022,2171195,lambda-cyhalothrine,91465-08-6,64.08,Santé A,Substitution,Non
2022,2171200,bicarbonate de potassium,298-14-6,159037.35174,Autre,,Oui
2022,2171204,triflusulfuron-methyl,126535-15-7,2104.8,CMR,,Non
2022,2171223,bupirimate,41483-43-6,80.75,CMR,,Oui
2022,2171228,metobromuron,3060-89-7,3646.0,CMR,,Oui
2022,2171233,chlorotoluron,15545-48-9,366.25,CMR,,Non
2022,2171233,diflufenicanil,83164-33-4,58.6,Env B,,Non
2022,2171233,pendimethaline,40487-42-1,439.5,Env A,Substitution,Non
2022,2171236,mesotrione,104206-82-8,294.7,CMR,,Non
2022,2171236,terbuthylazine,5915-41-3,1389.3,Env A,,Non
2022,2171243,fosetyl-aluminium,39148-24-8,17436.0,Autre,,Oui
2022,2171248,bacillus amyloliquefaciens souche mbi 600,NC,,Autre,,Non
2022,2171250,huile minerale blanche,8042-47-5,268.89104,Autre,,Oui
2022,2171251,dicamba,1918-00-9,90.2,Env B,,Non
2022,2171251,nicosulfuron,111991-09-4,15.088,Env A,,Non
2022,2171251,rimsulfuron,122931-48-0,3.772,Env A,,Non
2022,2171253,bacillus amyloliquefaciens souche mbi 600,NC,,Autre,,Non
2022,2171306,acide alpha naphtylacetique (ana),86-87-3,167.3684,CMR,,Non
2022,2171307,alpha naphtyl acetamide (nad),86-86-2,96.1464,CMR,,Non
2022,2171312,huile de colza,8002-13-9,148.19,Autre,,Oui
2022,2171312,pyrethrines,8003-34-7,1.4819,Env A,,Oui
2022,2171317,"2,4-d",94-75-7,12354.0,Env B,,Non
2022,2171322,diflufenicanil,83164-33-4,381.0,Env B,,Non
2022,2179999,iodosulfuron-methyl-sodium,144550-36-7,45.9975,Env A,,Non
2022,2179999,mesosulfuron-methyl,208465-21-8,45.9975,Env A,,Non
2022,2180001,azoxystrobine,131860-33-8,3275.88,Santé A,,Non
2022,2180001,tebuconazole,107534-96-3,5459.8,CMR,,Non
2022,2180009,dicamba,1918-00-9,10562.72,Env B,,Oui
2022,2180009,tritosulfuron,142469-14-5,5281.36,Env A,,Oui
2022,2180029,clomazone,81777-89-1,120.96,Env A,,Oui
2022,2180035,bentazone,25057-89-0,4624.92,Env B,,Oui
2022,2180039,fluopyram,658066-35-4,54.575,Env A,,Non
2022,2180039,trifloxystrobine,141517-21-7,54.575,Env A,,Non
2022,2180043,benzovindiflupyr,1072957-71-1,18.375,Santé A,Substitution,Oui
2022,2180043,prothioconazole,178928-70-6,36.75,Env A,,Oui
2022,2180047,napropamide,15299-99-7,58.5,Env A,,Non
2022,2180055,dithianon,3347-22-6,228.75,Env A,,Non
2022,2180055,phosphonate de potassium,13492-26-7,1026.996,Autre,,Non
2022,2180058,beauveria bassiana souche npp111b005,63428-82-0,,Autre,,Non
2022,2180088,s-metolachlore,87392-12-9,119505.024,Env A,,Oui
2022,2180094,cymoxanil,57966-95-7,669.0,CMR,,Non
2022,2180094,fluazinam,79622-59-6,1003.5,CMR,,Non
2022,2180120,trichoderma asperellum icc012,,0.34,Autre,,Non
2022,2180122,lenacile,2164-08-1,8655.2,CMR,,Non
2022,2180123,benzovindiflupyr,1072957-71-1,50.552852,Santé A,Substitution,Non
2022,2180123,difenoconazole,119446-68-3,168.795116,Env A,,Non
2022,2180124,metalaxyl,57837-19-1,1763.3966,Env B,,Oui
2022,2180124,prothioconazole,178928-70-6,8816.983,Env A,,Oui
2022,2180127,diflufenicanil,83164-33-4,8.4,Env B,,Non
2022,2180127,flufenacet,142459-58-3,16.8,Env A,,Non
2022,2180147,phosphate ferrique,10045-86-0,1245.425,Autre,,Non
2022,2180165,dicamba dimethylammonium,2300-66-5,10732.2672,Autre,,Non
2022,2180189,lenacile,2164-08-1,23133.32154,CMR,,Oui
2022,2180189,triflusulfuron-methyl,126535-15-7,2300.37231,CMR,,Oui
2022,2180196,azoxystrobine,131860-33-8,11238.75,Santé A,,Non
2022,2180198,penconazole,66246-88-6,53.3,CMR,,Non
2022,2180226,emamectine benzoate,155569-91-8,69.26925,Santé A,,Non
2022,2180233,dicamba,1918-00-9,28454.6112,Env B,,Non
2022,2180241,clomazone,81777-89-1,124.92,Env A,,Non
2022,2180244,acide acetique,64-19-7,24.72,Autre,,Non
2022,2180245,acide acetique,64-19-7,749.04,Autre,,Non
2022,2180246,cuivre du sulfate tribasique,12527-76-3,2001.0,Env A,Substitution,Non
2022,2180256,sulfate de fer monohydrate,17375-41-6,4003.8164,Autre,,Oui
2022,2180257,"(e,z)-3,13-octadecadienyl acetate",53120-26-6,0.22542,Autre,,Non
2022,2180257,"(z,z)-3,13-octadecadienyl acetate",53120-27-7,4.5373,Autre,,Non
2022,2180260,metaldehyde,108-62-3,30296.3079,CMR,,Non
2022,2180275,cerevisane,68876-77-7,45.168,Autre,,Non
2022,2180283,sulfate de fer (sulfate ferreux heptahydrate),7782-63-0,2212.992,Autre,,Non
2022,2180289,graisse de mouton,,0.33915,Autre,,Non
2022,2180309,clomazone,81777-89-1,1244.088,Env A,,Non
2022,2180318,bifenox,42576-02-3,602.4,Env A,,Non
2022,2180318,florasulame,145701-23-1,6.275,Env A,,Non
2022,2180319,cuivre du sulfate tribasique,12527-76-3,32.204533,Env A,Substitution,Oui
2022,2180334,difenoconazole,119446-68-3,240.32987,Env A,,Non
2022,2180334,fludioxonil,131341-86-1,240.32987,Env A,,Non
2022,2180335,trinexapac-ethyl,95266-40-3,166.726704,Env A,,Non
2022,2180337,fluopyram,658066-35-4,483.0,Env A,,Non
2022,2180337,fosetyl-aluminium,39148-24-8,6433.56,Autre,,Non
2022,2180355,fluopicolide,239110-15-7,96.348,Env A,,Oui
2022,2180355,fosetyl-aluminium,39148-24-8,1446.739,Autre,,Oui
2022,2180358,dimethenamide-p (dmta-p),163515-14-8,364.635,Env A,,Non
2022,2180358,quinmerac,90717-03-6,182.865,Env A,,Non
2022,2180369,acide octanoique,124-07-2,9102.96,Env B,,Non
2022,2180375,dimethenamide-p (dmta-p),163515-14-8,679.0,Env A,,Non
2022,2180375,metazachlore,67129-08-2,679.0,CMR,,Non
2022,2180379,oxathiapiproline,1003318-67-9,3602.502,Env A,,Oui
2022,2180380,oxathiapiproline,1003318-67-9,6108.088,Env A,,Non
2022,2180385,chlorotoluron,15545-48-9,403.75,CMR,,Non
2022,2180385,diflufenicanil,83164-33-4,64.6,Env B,,Non
2022,2180385,pendimethaline,40487-42-1,484.5,Env A,Substitution,Non
2022,2180396,spirotetramat,203313-25-1,50.3,CMR,,Non
2022,2180401,diflufenicanil,83164-33-4,2342.5,Env B,,Non
2022,2180404,bacillus subtilis souche qst 713,68038-70-0,,Autre,,Non
2022,2180408,huile de paraffine,64742-46-7,264.8,Autre,,Non
2022,2180428,acide alpha naphtylacetique (ana),86-87-3,33.525,CMR,,Non
2022,2180436,chlorantraniliprole,500008-45-7,179.375,Env A,,Non
2022,2180441,diflufenicanil,83164-33-4,1631.34,Env B,,Non
2022,2180441,flufenacet,142459-58-3,1631.34,Env A,,Non
2022,2180441,metribuzine,21087-64-9,610.56,Env A,,Non
2022,2180460,metaldehyde,108-62-3,563.0,CMR,,Non
2022,2180461,metaldehyde,108-62-3,5450.0725,CMR,,Non
2022,2180462,metaldehyde,108-62-3,9557.75,CMR,,Non
2022,2180463,metaldehyde,108-62-3,24306.75,CMR,,Non
2022,2180474,clethodime,99129-21-2,4307.1,Env B,,Non
2022,2180474,quizalofop-p-ethyl,100646-51-3,2153.55,Env A,,Non
2022,2180549,(e)-5-decen-1-yl acetate,38421-90-8,410.22256,Autre,,Non
2022,2180549,(z)-8-dodecenol,40642-40-8,3.36248,Env A,,Non
2022,2180549,1-tetradecanol,112-72-1,247.14228,Env A,,Non
2022,2180549,acetate de e-8-dodecenyle,38363-29-0,42.031,Autre,,Non
2022,2180549,acetate de z-8-dodecenyle,28079-04-1,729.65816,Autre,,Non
2022,2180549,e-5-decen-1-ol,56578-18-8,25.2186,Autre,,Non
2022,2180581,difenoconazole,119446-68-3,1491.0,Env A,,Non
2022,2180593,iodosulfuron-methyl-sodium,144550-36-7,36.23104,Env A,,Non
2022,2180593,mefenpyr-diethyl,135590-91-9,543.4656,Autre,,Non
2022,2180593,mesosulfuron-methyl,208465-21-8,181.1552,Env A,,Non
2022,2180598,phosphonate de potassium,13492-26-7,7787.825,Autre,,Non
2022,2180619,aclonifen,74070-46-5,146424.48,CMR,,Oui
2022,2180625,pyraflufen-ethyl,129630-19-9,22.326,Env A,,Oui
2022,2180631,huile essentielle d'orange douce,8028-48-6,339.6,Env A,,Non
2022,2180633,bacillus pumilus souche qst 2808,,2136.440353,Autre,,Non
2022,2180636,carfentrazone ethyl,128639-02-1,4.8,Env A,,Non
2022,2180638,prohexadione-calcium,127277-53-6,10.05,Env B,,Oui
2022,2180651,bacillus amyloliquefaciens souche fzb24,NC,,Autre,,Non
2022,2180662,fludioxonil,131341-86-1,693.861,Env A,,Non
2022,2180662,pyrimethanil,53112-28-0,1752.912,Env A,,Non
2022,2180670,cuivre de l'hydroxyde de cuivre,20427-59-2,7789.6,Santé A,Substitution,Non
2022,2180670,cuivre de l'oxychlorure de cuivre,1332-65-6,7789.6,Santé A,Substitution,Non
2022,2180672,bifenox,42576-02-3,14668.2768,Env A,,Non
2022,2180685,hexythiazox,78587-05-0,13.0,Env A,,Oui
2022,2180688,lambda-cyhalothrine,91465-08-6,4.8,Santé A,Substitution,Oui
2022,2180689,azoxystrobine,131860-33-8,5.0,Santé A,,Oui
2022,2180690,huile minerale blanche,8042-47-5,2496.4,Autre,,Oui
2022,2180692,ethofumesate,26225-79-6,31.5,Env A,,Non
2022,2180692,metamitrone,41394-05-2,73.5,Env A,,Non
2022,2180694,dimethachlore,50563-36-5,5835.0,Env A,,Non
2022,2180703,isofetamide,875915-78-9,11457.904,Env A,,Non
2022,2180712,chlorotoluron,15545-48-9,6020.0,CMR,,Non
2022,2180714,diflufenicanil,83164-33-4,2159.4,Env B,,Non
2022,2180714,flufenacet,142459-58-3,4318.8,Env A,,Non
2022,2180720,phosphonate de potassium,13492-26-7,23445.41,Autre,,Non
2022,2180730,difenoconazole,119446-68-3,2498.625,Env A,,Non
2022,2180735,spinetoram,935545-74-7,181.7,CMR,,Oui
2022,2180751,boscalid,188425-85-6,1.57,Env A,,Non
2022,2180751,pyraclostrobine,175013-18-0,0.785,Santé A,,Non
2022,2180756,prohexadione-calcium,127277-53-6,413.85,Env B,,Non
2022,2180766,fludioxonil,131341-86-1,3.14955,Env A,,Non
2022,2180766,metalaxyl-m,70630-17-0,2.015712,Autre,,Non
2022,2180766,sedaxane,874967-67-6,2.0997,CMR,,Non
2022,2180807,diflufenicanil,83164-33-4,9527.586,Env B,,Non
2022,2180807,flufenacet,142459-58-3,38110.344,Env A,,Non
2022,2180807,pendimethaline,40487-42-1,158634.3069,Env A,Substitution,Non
2022,2180829,cuivre de l'hydroxyde de cuivre,20427-59-2,12557.99112,Santé A,Substitution,Non
2022,2180829,cuivre de l'oxychlorure de cuivre,1332-65-6,12557.99112,Santé A,Substitution,Non
2022,2180834,benalaxyl-m,98243-83-5,1015.443,Env A,,Non
2022,2180834,cuivre de l'hydroxyde de cuivre,20427-59-2,3046.329,Santé A,Substitution,Non
2022,2180834,cuivre de l'oxychlorure de cuivre,1332-65-6,3046.329,Santé A,Substitution,Non
2022,2180858,huile essentielle de menthe verte,8008-79-5,92.79596,Env A,,Oui
2022,2180864,flufenacet,142459-58-3,24701.8512,Env A,,Oui
2022,2180864,picolinafen,137641-05-5,10292.438,Env A,,Oui
2022,2180865,ipconazole,125225-28-7,469.14888,CMR,Exclusion,Non
2022,2180881,cloquintocet-mexyl,99607-70-2,1.0875,Autre,,Non
2022,2180881,pyroxsulame,422556-08-9,1.0875,Env A,,Non
2022,2180882,mesotrione,104206-82-8,61.6,CMR,,Non
2022,2180882,terbuthylazine,5915-41-3,290.4,Env A,,Non
2022,2180884,diflufenicanil,83164-33-4,1277.2,Env B,,Oui
2022,2180884,flufenacet,142459-58-3,2554.4,Env A,,Oui
2022,2180888,cuivre du sulfate tribasique,12527-76-3,251.5467,Env A,Substitution,Oui
2022,2180901,cuivre du sulfate de cuivre,8011-63-0,2452.0,Env A,Substitution,Non
2022,2189993,cuivre du sulfate de cuivre,8011-63-0,2091.24,Env A,Substitution,Oui
2022,2189994,cuivre du sulfate de cuivre,8011-63-0,107.94,Env A,Substitution,Non
2022,2189996,azadirachtine,11141-17-6,317.668,CMR,,Non
2022,2189997,beauveria bassiana souche 203,63428-82-0,,Autre,,Non
2022,2189998,(z)-11-hexadecenal,53939-28-9,0.448,Autre,,Non
2022,2190010,saccharomyces cerevisiae souche las02,,,Autre,,Non
2022,2190016,pyrimicarbe,23103-98-2,18119.6,CMR,,Oui
2022,2190016,tau-fluvalinate,102851-06-9,6523.056,Env A,,Oui
2022,2190019,fluazifop-p-butyl,79241-46-6,18.75,CMR,,Non
2022,2190025,prohexadione-calcium,127277-53-6,30.0,Env B,,Non
2022,2190040,benoxacor,98730-04-2,4897.974596,Autre,,Non
2022,2190040,s-metolachlore,87392-12-9,99592.150109,Env A,,Non
2022,2190041,prothioconazole,178928-70-6,13502.425,Env A,,Non
2022,2190047,difenoconazole,119446-68-3,3980.0025,Env A,,Non
2022,2190053,spinosad,168316-95-8,199.584,Env A,,Non
2022,2190054,spinosad,168316-95-8,1481.16,Env A,,Non
2022,2190062,halauxifen-methyl,943831-98-9,1610.0067,Env A,,Oui
2022,2190062,piclorame,1918-02-1,7728.03216,Env A,,Oui
2022,2190065,huile de paraffine,64742-46-7,91728.0,Autre,,Non
2022,2190066,fer sous forme de sulfate de fer,7720-78-7,1440.2517,Autre,,Non
2022,2190088,spinosad,168316-95-8,89.62672,Env A,,Oui
2022,2190097,metamitrone,41394-05-2,169573.255802,Env A,,Oui
2022,2190097,quinmerac,90717-03-6,21085.291002,Env A,,Oui
2022,2190102,fluxapyroxad,907204-31-3,13.32,Santé A,,Non
2022,2190105,mepiquat-chlorure,24307-26-4,318.0,Env B,,Non
2022,2190105,prohexadione-calcium,127277-53-6,53.0,Env B,,Non
2022,2190108,amisulbrom,348635-87-0,1.0,CMR,,Oui
2022,2190129,mesotrione,104206-82-8,553.99,CMR,,Non
2022,2190146,cyantraniliprole,736994-63-1,42.12,Env A,,Non
2022,2190148,difenoconazole,119446-68-3,119.2155,Env A,,Non
2022,2190148,fluxapyroxad,907204-31-3,178.82325,Santé A,,Non
2022,2190149,flufenacet,142459-58-3,39968.286,Env A,,Non
2022,2190160,phosphonate de potassium,13492-26-7,33298.5,Autre,,Oui
2022,2190161,acide phosphoreux,10294-56-1,670.65,Autre,,Oui
2022,2190170,clomazone,81777-89-1,316.8,Env A,,Non
2022,2190173,metaldehyde,108-62-3,22407.915701,CMR,,Non
2022,2190173,phosphate ferrique,10045-86-0,36300.823436,Autre,,Non
2022,2190190,acide phosphoreux,10294-56-1,0.241106,Autre,,Non
2022,2190191,maltodextrine,9050-36-6,23.8,Autre,,Non
2022,2190198,soufre pour pulverisation (micronise),7704-34-9,296248.0,Autre,,Non
2022,2190206,diflufenicanil,83164-33-4,37.0,Env B,,Non
2022,2190206,flufenacet,142459-58-3,74.0,Env A,,Non
2022,2190208,fluxapyroxad,907204-31-3,27.0,Santé A,,Non
2022,2190208,pyraclostrobine,175013-18-0,54.0,Santé A,,Non
2022,2190214,aclonifen,74070-46-5,359704.341045,CMR,,Oui
2022,2190214,diflufenicanil,83164-33-4,47960.578806,Env B,,Oui
2022,2190214,flufenacet,142459-58-3,59950.723508,Env A,,Oui
2022,2190215,clomazone,81777-89-1,1631.2788,Env A,,Non
2022,2190218,fosetyl-aluminium,39148-24-8,8.0,Autre,,Oui
2022,2190243,dicamba,1918-00-9,389.18,Env B,,Non
2022,2190243,nicosulfuron,111991-09-4,88.45,Env A,,Non
2022,2190246,prosulfocarbe,52888-80-9,256675.76,Env A,,Non
2022,2190249,aminopyralid,150114-71-9,18.225,Env A,,Non
2022,2190249,cloquintocet-mexyl,99607-70-2,21.87,Autre,,Non
2022,2190249,halauxifen-methyl,943831-98-9,22.79583,Env A,,Non
2022,2190254,iodosulfuron-methyl-sodium,144550-36-7,7.938,Env A,,Non
2022,2190254,mefenpyr-diethyl,135590-91-9,119.07,Autre,,Non
2022,2190254,mesosulfuron-methyl,208465-21-8,39.69,Env A,,Non
2022,2190259,difenoconazole,119446-68-3,2.25,Env A,,Oui
2022,2190265,bicarbonate de potassium,298-14-6,32780.25,Autre,,Non
2022,2190266,cymoxanil,57966-95-7,297.675,CMR,,Oui
2022,2190268,diflufenicanil,83164-33-4,9807.6,Env B,,Non
2022,2190303,azoxystrobine,131860-33-8,10.0,Santé A,,Non
2022,2190304,dodine,2439-10-3,1428.0,Env A,,Non
2022,2190306,diflufenicanil,83164-33-4,4.8,Env B,,Non
2022,2190306,flufenacet,142459-58-3,9.6,Env A,,Non
2022,2190307,difenoconazole,119446-68-3,166.25,Env A,,Non
2022,2190307,mandipropamide,374726-62-2,166.25,Env A,,Non
2022,2190311,fludioxonil,131341-86-1,1777.106781,Env A,,Non
2022,2190311,fluxapyroxad,907204-31-3,1777.106781,Santé A,,Non
2022,2190311,triticonazole,131983-72-7,1777.106781,Env A,,Non
2022,2190312,diflufenicanil,83164-33-4,32.55,Env B,,Non
2022,2190312,florasulame,145701-23-1,3.255,Env A,,Non
2022,2190319,acide pelargonique,112-05-0,1774.768722,Autre,,Non
2022,2190321,folpel,133-07-3,73085.925,CMR,,Non
2022,2190328,propaquizafop,111479-05-1,542.5,Env A,,Non
2022,2190331,cloquintocet-mexyl,99607-70-2,1.0,Autre,,Non
2022,2190331,pinoxaden,243973-20-8,4.0,CMR,,Non
2022,2190332,propoxycarbazone sodium,181274-15-7,39.34,Env A,,Non
2022,2190333,prothioconazole,178928-70-6,10.0,Env A,,Non
2022,2190333,tebuconazole,107534-96-3,10.0,CMR,,Non
2022,2190334,iodosulfuron-methyl-sodium,144550-36-7,1.58,Env A,,Non
2022,2190334,mefenpyr-diethyl,135590-91-9,23.7,Autre,,Non
2022,2190334,mesosulfuron-methyl,208465-21-8,7.9,Env A,,Non
2022,2190346,bacillus amyloliquefaciens subsp plantarum d747,,,Autre,,Non
2022,2190357,sels de potassium d'acides gras,10124-65-9,4.798,Autre,,Oui
2022,2190388,fluazinam,79622-59-6,1651.0,CMR,,Non
2022,2190388,valifenalate,283159-90-0,1238.25,CMR,,Non
2022,2190395,prothioconazole,178928-70-6,15400.85,Env A,,Non
2022,2190441,spinosad,168316-95-8,87.36,Env A,,Non
2022,2190451,diflufenicanil,83164-33-4,1116.6,Env B,,Non
2022,2190451,flufenacet,142459-58-3,2233.2,Env A,,Non
2022,2190453,clomazone,81777-89-1,50.688,Env A,,Oui
2022,2190454,cyflufenamid,180409-60-3,20.25,Env A,,Non
2022,2190457,amidosulfuron,120923-37-7,96.12,Env A,,Non
2022,2190461,"2,4-mcpa",94-74-6,5587.5,Env A,,Non
2022,2190463,cyazofamide,120116-88-3,86.4,Env A,,Non
2022,2190464,propaquizafop,111479-05-1,165.0,Env A,,Non
2022,2190466,nicosulfuron,111991-09-4,3.2,Env A,,Non
2022,2190467,cyprosulfamide,221667-31-8,545.7,Autre,,Non
2022,2190467,isoxaflutole,141112-29-0,818.55,CMR,,Non
2022,2190467,thiencarbazone-methyl,317815-83-1,327.42,Env A,,Non
2022,2190468,dicamba,1918-00-9,2375.705,Env B,,Non
2022,2190468,prosulfuron,94125-34-5,237.5705,Env A,Substitution,Non
2022,2190483,bixafen,581809-46-3,4.225,Env A,,Non
2022,2190483,fluopyram,658066-35-4,4.225,Env A,,Non
2022,2190483,prothioconazole,178928-70-6,8.45,Env A,,Non
2022,2190484,clomazone,81777-89-1,417.96,Env A,,Non
2022,2190485,dithianon,3347-22-6,113.75,Env A,,Non
2022,2190485,phosphonate de potassium,13492-26-7,510.692,Autre,,Non
2022,2190486,quizalofop-p-ethyl,100646-51-3,74.25,Env A,,Non
2022,2190488,clomazone,81777-89-1,176.472,Env A,,Oui
2022,2190490,boscalid,188425-85-6,77.75,Env A,,Non
2022,2190499,soufre,7704-34-9,99508.50686,Autre,,Non
2022,2190509,mefentrifluconazole,1417782-03-6,21506.834,Env A,,Oui
2022,2190537,phosphate ferrique,10045-86-0,4601.141216,Autre,,Oui
2022,2190538,huile essentielle d'orange douce,8028-48-6,439.305,Env A,,Non
2022,2190546,dithianon,3347-22-6,252.5,Env A,,Oui
2022,2190546,phosphonate de potassium,13492-26-7,1133.624,Autre,,Oui
2022,2190548,diflufenicanil,83164-33-4,1564.0,Env B,,Non
2022,2190548,flufenacet,142459-58-3,3128.0,Env A,,Non
2022,2190549,flazasulfuron,104040-78-0,93.5,Env A,,Oui
2022,2190550,1-methylcyclopropene (1-mcp),3100-04-7,0.57783,Autre,,Non
2022,2190559,fludioxonil,131341-86-1,820.73375,Env A,,Non
2022,2190561,(z)-8-dodecenol,40642-40-8,72.8525,Env A,,Non
2022,2190561,acetate de e-8-dodecenyle,38363-29-0,0.0,Autre,,Non
2022,2190561,acetate de z-8-dodecenyle,28079-04-1,0.0,Autre,,Non
2022,2190561,"e8,e10-dodecadiene-1-ol",33956-49-9,105.19901,Env A,,Non
2022,2190567,phosphonate de disodium,13708-85-5,2550.0,Autre,,Non
2022,2190572,phosphonate de potassium,13492-26-7,1974.325,Autre,,Non
2022,2190590,diflufenicanil,83164-33-4,40.8,Env B,,Non
2022,2190590,florasulame,145701-23-1,2.04,Env A,,Non
2022,2190591,clomazone,81777-89-1,750.4,Env A,,Non
2022,2190591,dimethenamide-p (dmta-p),163515-14-8,3752.0,Env A,,Non
2022,2190591,metazachlore,67129-08-2,3752.0,CMR,,Non
2022,2190594,"(e,z)-3,8-tetradecadien-1-yl acetate",163041-87-0,,Autre,,Non
2022,2190594,"(e,z,z)-3,8,11-tetradecatrien-1-yl acetate",163041-94-9,,Autre,,Non
2022,2190598,oxathiapiproline,1003318-67-9,495.709,Env A,,Oui
2022,2190607,lenacile,2164-08-1,34372.55,CMR,,Non
2022,2190608,flufenacet,142459-58-3,22018.315,Env A,,Non
2022,2190621,flufenacet,142459-58-3,7875.672,Env A,,Non
2022,2190621,picolinafen,137641-05-5,1640.765,Env A,,Non
2022,2190632,soufre,7704-34-9,31779.0,Autre,,Non
2022,2190634,azoxystrobine,131860-33-8,56560.7075,Santé A,,Non
2022,2190635,quizalofop-p-ethyl,100646-51-3,1778.25,Env A,,Non
2022,2190639,dimethenamide-p (dmta-p),163515-14-8,20479.909,Env A,,Non
2022,2190639,metazachlore,67129-08-2,61439.727,CMR,,Non
2022,2190639,quinmerac,90717-03-6,20479.909,Env A,,Non
2022,2190652,soufre,7704-34-9,26708.0,Autre,,Non
2022,2190659,azoxystrobine,131860-33-8,15.8,Santé A,,Non
2022,2190659,difenoconazole,119446-68-3,9.875,Env A,,Non
2022,2190673,metschnikowia fructicola souche nrrl y-27328,,,Autre,,Non
2022,2190686,fluxapyroxad,907204-31-3,45500.4145,Santé A,,Oui
2022,2190686,mefentrifluconazole,1417782-03-6,91000.829,Env A,,Oui
2022,2190687,fludioxonil,131341-86-1,29336.65,Env A,,Non
2022,2190689,clomazone,81777-89-1,495.72,Env A,,Non
2022,2190717,penconazole,66246-88-6,59.6,CMR,,Oui
2022,2190722,aclonifen,74070-46-5,193660.32,CMR,,Oui
2022,2190730,cos-oga,,411.13125,Autre,,Non
2022,2190738,cuivre du sulfate de cuivre,8011-63-0,470.0,Env A,Substitution,Oui
2022,2190760,spinosad,168316-95-8,24.0247,Env A,,Oui
2022,2190779,diflufenicanil,83164-33-4,191.5625,Env B,,Oui
2022,2190779,metribuzine,21087-64-9,766.25,Env A,,Oui
2022,2190808,huile de colza,8002-13-9,182.5886,Autre,,Oui
2022,2190808,pyrethrines,8003-34-7,1.826136,Env A,,Oui
2022,2190811,sels de potassium d'acides gras (c8-c18),67701-09-1,109.2778,Autre,,Oui
2022,2190811,soufre,7704-34-9,43.71152,Autre,,Oui
2022,2190843,huile de paraffine,64742-46-7,32.0,Autre,,Non
2022,2190855,diflufenicanil,83164-33-4,1868.7,Env B,,Non
2022,2190855,flufenacet,142459-58-3,3737.4,Env A,,Non
2022,2190858,mandipropamide,374726-62-2,343.0,Env A,,Non
2022,2190858,zoxamide,156052-68-5,329.28,Env A,,Non
2022,2190863,phosphonate de potassium,13492-26-7,264.65,Autre,,Oui
2022,2190870,prochloraze,67747-09-5,6952.5,Env A,,Non
2022,2190874,soufre,7704-34-9,5.336,Autre,,Oui
2022,2190882,prothioconazole,178928-70-6,3852.5,Env A,,Non
2022,2190883,prothioconazole,178928-70-6,18548.3725,Env A,,Oui
2022,2190893,folpel,133-07-3,4100.12,CMR,,Non
2022,2190893,mandipropamide,374726-62-2,512.515,Env A,,Non
2022,2190907,metconazole,125116-23-6,487.35,CMR,,Non
2022,2190916,amidosulfuron,120923-37-7,3.65,Env A,,Non
2022,2190916,iodosulfuron-methyl-sodium,144550-36-7,0.73,Env A,,Non
2022,2190916,mefenpyr-diethyl,135590-91-9,6.57,Autre,,Non
2022,2190916,mesosulfuron-methyl,208465-21-8,2.19,Env A,,Non
2022,2190918,halauxifen-methyl,943831-98-9,3.25,Env A,,Non
2022,2190918,piclorame,1918-02-1,15.6,Env A,,Non
2022,2190919,lambda-cyhalothrine,91465-08-6,119.44,Santé A,Substitution,Non
2022,2190925,dimethenamide-p (dmta-p),163515-14-8,6698.29167,Env A,,Non
2022,2190925,quinmerac,90717-03-6,3359.20333,Env A,,Non
2022,2190933,dithianon,3347-22-6,26.25,Env A,,Oui
2022,2190933,phosphonate de potassium,13492-26-7,117.852,Autre,,Oui
2022,2190934,chlorantraniliprole,500008-45-7,2.2,Env A,,Oui
2022,2190938,cyflufenamid,180409-60-3,36.7,Env A,,Non
2022,2190939,phosphonate de disodium,13708-85-5,8270.0,Autre,,Non
2022,2190954,cloquintocet-mexyl,99607-70-2,51.7845,Autre,,Non
2022,2190954,fenoxaprop-p-ethyl,71283-80-2,103.569,Env A,,Non
2022,2190961,prothioconazole,178928-70-6,786.25,Env A,,Non
2022,2190963,mandipropamide,374726-62-2,888.0,Env A,,Non
2022,2190963,zoxamide,156052-68-5,852.48,Env A,,Non
2022,2190964,phosmet,732-11-6,15172.5,CMR,,Non
2022,2190968,halauxifen-methyl,943831-98-9,3.15,Env A,,Non
2022,2190968,piclorame,1918-02-1,15.12,Env A,,Non
2022,2190971,bentazone,25057-89-0,1322.4,Env B,,Non
2022,2190971,imazamox,114311-32-9,61.712,Env A,Substitution,Non
2022,2190972,mandipropamide,374726-62-2,40.0,Env A,,Oui
2022,2190972,zoxamide,156052-68-5,38.4,Env A,,Oui
2022,2190975,cyflufenamid,180409-60-3,4.7,Env A,,Non
2022,2199997,florpyrauxifen-benzyl,1390661-72-9,97.65,Autre,,Non
2022,2199998,cyantraniliprole,736994-63-1,642.4,Env A,,Non
2022,2200012,cyflufenamid,180409-60-3,14.55,Env A,,Non
2022,2200015,cuivre du sulfate tribasique,12527-76-3,328.5,Env A,Substitution,Non
2022,2200015,fosetyl-aluminium,39148-24-8,438.0,Autre,,Non
2022,2200017,fosetyl-aluminium,39148-24-8,1320.0,Autre,,Oui
2022,2200019,flufenacet,142459-58-3,3789.0,Env A,,Non
2022,2200038,tefluthrine,79538-32-2,18.9,Santé A,,Non
2022,2200048,bacillus thuringiensis ssp kurstaki souche eg 2348,68038-71-1,,Autre,,Non
2022,2200059,huile essentielle d'orange douce,8028-48-6,1474.441806,Env A,,Oui
2022,2200060,penthiopyrad,183675-82-3,97.681061,Env A,,Oui
2022,2200061,trinexapac-ethyl,95266-40-3,484.0,Env A,,Non
2022,2200063,tebuconazole,107534-96-3,31052.625,CMR,,Non
2022,2200066,fenpicoxamide,517875-34-2,22060.7675,Env A,,Oui
2022,2200067,phosphate ferrique dihydrate,14567-75-0,38.3802,Autre,,Oui
2022,2200068,phosphate ferrique dihydrate,14567-75-0,73.72364,Autre,,Oui
2022,2200078,oxathiapiproline,1003318-67-9,8136.2,Env A,,Non
2022,2200101,clomazone,81777-89-1,2230.56,Env A,,Non
2022,2200103,bentazone,25057-89-0,770.4,Env B,,Non
2022,2200103,imazamox,114311-32-9,35.952,Env A,Substitution,Non
2022,2200106,cuivre de l'hydroxyde de cuivre,20427-59-2,125.12,Santé A,Substitution,Non
2022,2200106,cuivre de l'oxychlorure de cuivre,1332-65-6,125.12,Santé A,Substitution,Non
2022,2200123,boscalid,188425-85-6,2782.0605,Env A,,Non
2022,2200123,pyraclostrobine,175013-18-0,4636.7675,Santé A,,Non
2022,2200132,"e7,z9-dodecadienylacetate",54364-62-4,7488.640056,Env A,,Non
2022,2200142,cerevisane,68876-77-7,20.702,Autre,,Non
2022,2200150,fosetyl-aluminium,39148-24-8,307.8,Autre,,Non
2022,2200165,flufenacet,142459-58-3,5301.0,Env A,,Non
2022,2200195,metaldehyde,108-62-3,46.8,CMR,,Oui
2022,2200197,paecilomyces lilacinus souche 251,,,Autre,,Non
2022,2200206,mandestrobine,173662-97-0,5.0,Autre,,Non
2022,2200215,clethodime,99129-21-2,36630.528,Env B,,Non
2022,2200241,quizalofop-p-ethyl,100646-51-3,151.5,Env A,,Non
2022,2200258,dithianon,3347-22-6,1540.0,Env A,,Non
2022,2200259,fluopyram,658066-35-4,127.6,Env A,,Non
2022,2200272,ethephon,16672-87-0,10104.672,Santé A,,Non
2022,2200273,fluazifop-p-butyl,79241-46-6,1871.375,CMR,,Non
2022,2200274,cyprodinyl,121552-61-2,2607.0,Env A,,Non
2022,2200274,fludioxonil,131341-86-1,1738.0,Env A,,Non
2022,2200275,triflusulfuron-methyl,126535-15-7,594.75,CMR,,Non
2022,2200296,lambda-cyhalothrine,91465-08-6,445.8,Santé A,Substitution,Non
2022,2200299,tau-fluvalinate,102851-06-9,1936.08,Env A,,Non
2022,2200300,tau-fluvalinate,102851-06-9,133.2,Env A,,Non
2022,2200304,chlorantraniliprole,500008-45-7,60.8,Env A,,Non
2022,2200305,huile essentielle d'orange douce,8028-48-6,47.1,Env A,,Oui
2022,2200310,ametoctradine,865318-97-4,1692.002,Env A,,Oui
2022,2200317,imazamox,114311-32-9,1965.768,Env A,Substitution,Non
2022,2200333,iodosulfuron-methyl-sodium,144550-36-7,17.9725,Env A,,Non
2022,2200333,mefenpyr-diethyl,135590-91-9,269.5875,Autre,,Non
2022,2200333,mesosulfuron-methyl,208465-21-8,89.8625,Env A,,Non
2022,2200334,mesotrione,104206-82-8,55.125,CMR,,Non
2022,2200334,nicosulfuron,111991-09-4,22.05,Env A,,Non
2022,2200335,"1,4-dimethylnaphtalene",571-58-4,19.8744,Env A,,Non
2022,2200339,fluoxastrobine,361377-29-9,185.5,CMR,,Non
2022,2200339,prothioconazole,178928-70-6,371.0,Env A,,Non
2022,2200354,fludioxonil,131341-86-1,832.5,Env A,,Non
2022,2200372,acide pelargonique,112-05-0,4.74,Autre,,Non
2022,2200388,"e8,e10-dodecadiene-1-ol",33956-49-9,225.111579,Env A,,Non
2022,2200389,(z)-9-dodecenylacetate,16974-11-1,916.289994,Env A,,Non
2022,2200389,"e7,z9-dodecadienylacetate",54364-62-4,801.094227,Env A,,Non
2022,2200393,fluazinam,79622-59-6,12325.0,CMR,,Oui
2022,2200399,cerevisane,68876-77-7,2.823,Autre,,Non
2022,2200451,clomazone,81777-89-1,333.72,Env A,,Oui
2022,2200464,phosphonate de potassium,13492-26-7,81.54,Autre,,Non
2022,2200476,phosphonate de potassium,13492-26-7,8731.575,Autre,,Non
2022,2200509,deltamethrine,52918-63-5,156.0,Santé A,,Oui
2022,2200510,cerevisane,68876-77-7,13.174,Autre,,Oui
2022,2200513,fluxapyroxad,907204-31-3,435.75,Santé A,,Non
2022,2200513,pyraclostrobine,175013-18-0,871.5,Santé A,,Non
2022,2200514,amisulbrom,348635-87-0,733.0,CMR,,Oui
2022,2200515,acide pelargonique,112-05-0,27.2,Autre,,Oui
2022,2200518,prothioconazole,178928-70-6,8433.5,Env A,,Non
2022,2200519,benoxacor,98730-04-2,1407.15,Autre,,Non
2022,2200519,s-metolachlore,87392-12-9,28612.05,Env A,,Non
2022,2200521,tebuconazole,107534-96-3,5651.25,CMR,,Non
2022,2200526,acide pelargonique,112-05-0,10830.404905,Autre,,Oui
2022,2200532,trinexapac-ethyl,95266-40-3,3417.75,Env A,,Oui
2022,2200588,imazamox,114311-32-9,25.4,Env A,Substitution,Non
2022,2200589,cuivre du sulfate de cuivre,8011-63-0,10544.0,Env A,Substitution,Oui
2022,2200591,cyflufenamid,180409-60-3,71.7505,Env A,,Non
2022,2200593,soufre,7704-34-9,5148.0,Autre,,Oui
2022,2200594,cycloxydime,101205-02-1,32.5,CMR,,Non
2022,2200595,cypermethrine,52315-07-8,127.675199,Env A,,Non
2022,2200620,ethephon,16672-87-0,607.2,Santé A,,Non
2022,2200675,cyprosulfamide,221667-31-8,460.95,Autre,,Non
2022,2200675,isoxaflutole,141112-29-0,691.425,CMR,,Non
2022,2200675,thiencarbazone-methyl,317815-83-1,276.57,Env A,,Non
2022,2200682,cloquintocet-mexyl,99607-70-2,16.98,Autre,,Non
2022,2200682,diflufenicanil,83164-33-4,67.92,Env B,,Non
2022,2200682,florasulame,145701-23-1,3.396,Env A,,Non
2022,2200682,iodosulfuron-methyl-sodium,144550-36-7,8.49,Env A,,Non
2022,2200686,difenoconazole,119446-68-3,116.3,Env A,,Non
2022,2200709,ethephon,16672-87-0,590.4,Santé A,,Non
2022,2200718,halauxifen-methyl,943831-98-9,1.47,Env A,,Non
2022,2200718,piclorame,1918-02-1,7.056,Env A,,Non
2022,2200720,dodine,2439-10-3,1599.36,Env A,,Non
2022,2200721,cyprosulfamide,221667-31-8,82.5,Autre,,Non
2022,2200721,isoxaflutole,141112-29-0,123.75,CMR,,Non
2022,2200721,thiencarbazone-methyl,317815-83-1,49.5,Env A,,Non
2022,2200724,fluxapyroxad,907204-31-3,1470.0,Santé A,,Non
2022,2200724,metconazole,125116-23-6,1058.4,CMR,,Non
2022,2200736,oxathiapiproline,1003318-67-9,3408.75996,Env A,,Non
2022,2200753,glyphosate,1071-83-6,383207.187654,Env A,,Non
2022,2200756,prohexadione-calcium,127277-53-6,12766.9535,Env B,,Non
2022,2200760,difenoconazole,119446-68-3,779.0,Env A,,Non
2022,2200775,difenoconazole,119446-68-3,1195.0,Env A,,Non
2022,2200779,dithianon,3347-22-6,1305.5,Env A,,Non
2022,2200839,azoxystrobine,131860-33-8,13031.0,Santé A,,Oui
2022,2200844,phenmediphame,13684-63-4,5862.4,Env A,,Non
2022,2200861,"2,4-d",94-75-7,98.44,Env B,,Non
2022,2200861,dicamba,1918-00-9,49.22,Env B,,Non
2022,2200862,"2,4-d",94-75-7,5.88,Env B,,Non
2022,2200862,dicamba,1918-00-9,2.94,Env B,,Non
2022,2200862,sulfate de fer (sulfate ferreux heptahydrate),7782-63-0,1264.2,Autre,,Non
2022,2200883,benzovindiflupyr,1072957-71-1,535.5,Santé A,Substitution,Non
2022,2200883,prothioconazole,178928-70-6,1071.0,Env A,,Non
2022,2200884,cymoxanil,57966-95-7,404.0,CMR,,Non
2022,2200884,propamocarbe hcl,25606-41-1,3232.0,Autre,,Non
2022,2200886,flonicamide,158062-67-0,2.75,Autre,,Oui
2022,2200888,diflufenicanil,83164-33-4,262.8,Env B,,Non
2022,2200888,flufenacet,142459-58-3,525.6,Env A,,Non
2022,2200889,kresoxim-methyl,143390-89-0,18.4,CMR,,Oui
2022,2200891,fluxapyroxad,907204-31-3,2147.65875,Santé A,,Non
2022,2200893,dimethomorphe,110488-70-5,312.48,Env A,Exclusion,Non
2022,2200893,pyraclostrobine,175013-18-0,173.6,Santé A,,Non
2022,2200894,flufenacet,142459-58-3,1383.0,Env A,,Non
2022,2200895,diflufenicanil,83164-33-4,2112.6,Env B,,Non
2022,2200895,flufenacet,142459-58-3,4225.2,Env A,,Non
2022,2200899,huile essentielle d'orange douce,8028-48-6,76109.255764,Env A,,Non
2022,2200904,bromuconazole,116255-48-2,4470.0,CMR,,Non
2022,2200905,difenoconazole,119446-68-3,366.875,Env A,,Non
2022,2200914,"e7,z9-dodecadienylacetate",54364-62-4,130.389,Env A,,Oui
2022,2200989,flufenacet,142459-58-3,762.0,Env A,,Non
2022,2200989,picolinafen,137641-05-5,317.5,Env A,,Non
2022,2200990,flufenacet,142459-58-3,100.8,Env A,,Non
2022,2200990,picolinafen,137641-05-5,42.0,Env A,,Non
2022,2200991,prothioconazole,178928-70-6,338.75,Env A,,Non
2022,2200993,oxathiapiproline,1003318-67-9,14.7,Env A,,Oui
2022,2201007,phenmediphame,13684-63-4,1825.6,Env A,,Non
2022,2201009,etofenprox,80844-07-1,2108.525,Santé A,,Non
2022,2201010,halauxifen-methyl,943831-98-9,18.106,Env A,,Non
2022,2201010,piclorame,1918-02-1,86.9088,Env A,,Non
2022,2201012,halauxifen-methyl,943831-98-9,2.79,Env A,,Non
2022,2201012,piclorame,1918-02-1,13.392,Env A,,Non
2022,2209999,extrait de bois de quassia (variete picrasma),,19.6,Autre,,Non
2022,2210008,clomazone,81777-89-1,548.28,Env A,,Non
2022,2210009,butoxyde de piperonyle,51-03-6,5929.2,Autre,,Non
2022,2210009,deltamethrine,52918-63-5,658.8,Santé A,,Non
2022,2210010,bensulfuron methyl,83055-99-6,471.75,Env A,,Non
2022,2210010,metsulfuron-methyl,74223-64-6,37.74,Env A,Substitution,Non
2022,2210011,clomazone,81777-89-1,376.75,Env A,,Non
2022,2210011,pendimethaline,40487-42-1,1883.75,Env A,Substitution,Non
2022,2210012,ethephon,16672-87-0,23387.1,Santé A,,Non
2022,2210013,fenpicoxamide,517875-34-2,6699.25,Env A,,Non
2022,2210013,prothioconazole,178928-70-6,13398.5,Env A,,Non
2022,2210020,metamitrone,41394-05-2,798.0,Env A,,Non
2022,2210027,metazachlore,67129-08-2,1387.5,CMR,,Non
2022,2210028,clomazone,81777-89-1,48.15,Env A,,Non
2022,2210028,dimethachlore,50563-36-5,300.9375,Env A,,Non
2022,2210028,napropamide,15299-99-7,300.9375,Env A,,Non
2022,2210036,clomazone,81777-89-1,143.253,Env A,,Non
2022,2210036,metazachlore,67129-08-2,1085.25,CMR,,Non
2022,2210043,cyprosulfamide,221667-31-8,78.75,Autre,,Non
2022,2210043,isoxaflutole,141112-29-0,118.125,CMR,,Non
2022,2210043,thiencarbazone-methyl,317815-83-1,47.25,Env A,,Non
2022,2210047,cyprosulfamide,221667-31-8,213.9,Autre,,Non
2022,2210047,isoxaflutole,141112-29-0,320.85,CMR,,Non
2022,2210047,thiencarbazone-methyl,317815-83-1,128.34,Env A,,Non
2022,2210058,fluroxypyr,69377-81-7,389.0,Env B,,Non
2022,2210063,bacillus amyloliquefaciens subsp plantarum d747,,,Autre,,Non
2022,2210065,diflufenicanil,83164-33-4,165.8,Env B,,Non
2022,2210065,flufenacet,142459-58-3,331.6,Env A,,Non
2022,2210066,clomazone,81777-89-1,57.9,Env A,,Non
2022,2210066,dimethachlore,50563-36-5,361.875,Env A,,Non
2022,2210066,napropamide,15299-99-7,361.875,Env A,,Non
2022,2210071,dicamba,1918-00-9,88.5,Env B,,Non
2022,2210071,prosulfuron,94125-34-5,8.85,Env A,Substitution,Non
2022,2210072,dicamba,1918-00-9,129.5,Env B,,Non
2022,2210072,prosulfuron,94125-34-5,12.95,Env A,Substitution,Non
2022,2210073,dicamba,1918-00-9,119.995,Env B,,Non
2022,2210073,prosulfuron,94125-34-5,11.9995,Env A,Substitution,Non
2022,2210074,spirotetramat,203313-25-1,80.0,CMR,,Oui
2022,2210116,cycloxydime,101205-02-1,62.0,CMR,,Non
2022,2210117,cycloxydime,101205-02-1,22.5,CMR,,Non
2022,2210118,spirotetramat,203313-25-1,6.8,CMR,,Non
2022,2210128,phosphonate de potassium,13492-26-7,178835.90625,Autre,,Non
2022,2210138,metazachlore,67129-08-2,59987.56,CMR,,Non
2022,2210138,quinmerac,90717-03-6,14996.89,Env A,,Non
2022,2210139,clomazone,81777-89-1,485.4,Env A,,Non
2022,2210139,metazachlore,67129-08-2,3640.5,CMR,,Non
2022,2210142,florasulame,145701-23-1,9.85,Env A,,Non
2022,2210146,aminopyralid,150114-71-9,55.5705,Env A,,Non
2022,2210146,metazachlore,67129-08-2,5242.5,CMR,,Non
2022,2210146,piclorame,1918-02-1,139.4505,Env A,,Non
2022,2210165,lambda-cyhalothrine,91465-08-6,188.608,Santé A,Substitution,Non
2022,2210166,prothioconazole,178928-70-6,211.25,Env A,,Non
2022,2210192,prosulfocarbe,52888-80-9,979862.2,Env A,,Non
2022,2210203,s-metolachlore,87392-12-9,768.0,Env A,,Non
2022,2210219,prosulfocarbe,52888-80-9,174118.24,Env A,,Non
2022,2210232,ethofumesate,26225-79-6,14.25,Env A,,Non
2022,2210232,phenmediphame,13684-63-4,15.0,Env A,,Non
2022,2210244,sels de potassium d'acides gras (c8-c18),67701-09-1,422.382,Autre,,Non
2022,2210251,cyazofamide,120116-88-3,509.4264,Env A,,Non
2022,2210251,folpel,133-07-3,5094.264,CMR,,Non
2022,2210324,tefluthrine,79538-32-2,284.722,Santé A,,Non
2022,2210326,bacillus thuringiensis ssp kurstaki souche pb 54,68038-71-1,,Autre,,Non
2022,2210337,quizalofop-p-ethyl,100646-51-3,87.0,Env A,,Non
2022,2210341,fluxapyroxad,907204-31-3,1294.375,Santé A,,Non
2022,2210341,metconazole,125116-23-6,931.95,CMR,,Non
2022,2210348,dithianon,3347-22-6,355.0,Env A,,Non
2022,2210348,phosphonate de potassium,13492-26-7,1593.808,Autre,,Non
2022,2210349,fluxapyroxad,907204-31-3,712.0875,Santé A,,Non
2022,2210349,metconazole,125116-23-6,512.703,CMR,,Non
2022,2210355,esters methyliques d'acides gras c16-c18 et c18 insatures,67762-38-3,66825.30896,Autre,,Non
2022,2210355,sulfate d'ammonium,7783-20-2,21779.040736,Autre,,Non
2022,2210378,chlorantraniliprole,500008-45-7,90.4,Env A,,Non
2022,2210380,chlorantraniliprole,500008-45-7,41.4,Env A,,Non
2022,2210382,bentazone,25057-89-0,96.0,Env B,,Non
2022,2210382,imazamox,114311-32-9,4.48,Env A,Substitution,Non
2022,2210389,diflufenicanil,83164-33-4,72.9296,Env B,,Non
2022,2210389,glyphosate,1071-83-6,615.161176,Env A,,Non
2022,2210415,sels de potassium d'acides gras (c8-c18),67701-09-1,42.7712,Autre,,Non
2022,2210423,butoxyde de piperonyle,51-03-6,2043.0,Autre,,Non
2022,2210423,deltamethrine,52918-63-5,227.0,Santé A,,Non
2022,2210439,"(e,z)-7,9-dodecadien-1-yl acetate",55774-32-8,6.3104,Autre,,Non
2022,2210443,glyphosate,1071-83-6,82946.16,Env A,,Non
2022,2210446,decane-1-ol,112-30-1,1123.4,Env A,,Non
2022,2210452,prothioconazole,178928-70-6,3571.825,Env A,,Non
2022,2210470,halauxifen-methyl,943831-98-9,8.95,Env A,,Non
2022,2210470,piclorame,1918-02-1,42.96,Env A,,Non
2022,2210477,deltamethrine,52918-63-5,0.744936,Santé A,,Non
2022,2210501,laminarine,9008-22-4,139.85955,Autre,,Non
2022,2210539,diflufenicanil,83164-33-4,5.4,Env B,,Non
2022,2210539,flufenacet,142459-58-3,10.8,Env A,,Non
2022,2210541,"e8,e10-dodecadiene-1-ol",33956-49-9,5.67,Env A,,Non
2022,2210558,mesotrione,104206-82-8,241.0,CMR,,Non
2022,2210559,clomazone,81777-89-1,50.76,Env A,,Non
2022,2210563,acide pelargonique,112-05-0,16.7,Autre,,Non
2022,2210567,mefentrifluconazole,1417782-03-6,6001.9784,Env A,,Non
2022,2210567,pyraclostrobine,175013-18-0,6317.872,Santé A,,Non
2022,2210568,fluxapyroxad,907204-31-3,5784.1008,Santé A,,Non
2022,2210568,mefentrifluconazole,1417782-03-6,6094.7792,Env A,,Non
2022,2210571,prothioconazole,178928-70-6,0.8,Env A,,Non
2022,2210571,spiroxamine,118134-30-8,1.5,CMR,,Non
2022,2210610,(z)-8-dodecenol,40642-40-8,13.44,Env A,,Non
2022,2210610,acetate de e-8-dodecenyle,38363-29-0,13.44,Autre,,Non
2022,2210610,acetate de z-8-dodecenyle,28079-04-1,13.44,Autre,,Non
2022,2210614,clomazone,81777-89-1,2978.676,Env A,,Oui
2022,2210615,tefluthrine,79538-32-2,746.103002,Santé A,,Non
2022,2210635,fluxapyroxad,907204-31-3,110.4,Santé A,,Non
2022,2210636,clethodime,99129-21-2,14.4,Env B,,Non
2022,2210699,diflufenicanil,83164-33-4,899.4,Env B,,Non
2022,2210699,flufenacet,142459-58-3,1798.8,Env A,,Non
2022,2210702,mesotrione,104206-82-8,70.0,CMR,,Non
2022,2210702,terbuthylazine,5915-41-3,330.0,Env A,,Non
2022,2210732,cyhalofop butyl,122008-85-9,972.0,Env A,,Non
2022,2210732,florpyrauxifen-benzyl,1390661-72-9,72.9,Autre,,Non
2022,2210742,prothioconazole,178928-70-6,9100.0,Env A,,Non
2022,2210742,tebuconazole,107534-96-3,9100.0,CMR,,Non
2022,2210743,prothioconazole,178928-70-6,23359.63875,Env A,,Oui
2022,2210743,tebuconazole,107534-96-3,23359.63875,CMR,,Oui
2022,2210751,tribenuron-methyle,101200-48-0,99.975,Env A,,Non
2022,2210753,lambda-cyhalothrine,91465-08-6,326.36,Santé A,Substitution,Non
2022,2210754,flazasulfuron,104040-78-0,49.9,Env A,,Non
2022,2210758,lambda-cyhalothrine,91465-08-6,92.8,Santé A,Substitution,Non
2022,2210790,fludioxonil,131341-86-1,1470.0,Env A,,Non
2022,2210797,mefentrifluconazole,1417782-03-6,961.329,Env A,,Non
2022,2210798,mefentrifluconazole,1417782-03-6,228.0,Env A,,Non
2022,2210810,triflusulfuron-methyl,126535-15-7,312.4,CMR,,Non
2022,2210812,mefentrifluconazole,1417782-03-6,13.0,Env A,,Non
2022,2210839,prothioconazole,178928-70-6,2804.0,Env A,,Non
2022,2210840,prothioconazole,178928-70-6,5932.5,Env A,,Non
2022,2210850,phosphure d'aluminium,20859-73-8,114.852,Santé A,,Non
2022,2210852,clomazone,81777-89-1,197.28,Env A,,Non
2022,2210858,diflufenicanil,83164-33-4,34902.862,Env B,,Non
2022,2210858,flufenacet,142459-58-3,69805.724,Env A,,Non
2022,2210880,benthiavalicarbe,177406-68-7,798.455,CMR,,Oui
2022,2210880,oxathiapiproline,1003318-67-9,342.195,Env A,,Oui
2022,2210895,huile essentielle d'orange douce,8028-48-6,5.55222,Env A,,Non
2022,2210927,diflufenicanil,83164-33-4,800.0,Env B,,Non
2022,2210927,flufenacet,142459-58-3,1600.0,Env A,,Non
2022,2210932,iodosulfuron-methyl-sodium,144550-36-7,0.288,Env A,,Non
2022,2210932,mefenpyr-diethyl,135590-91-9,4.32,Autre,,Non
2022,2210932,mesosulfuron-methyl,208465-21-8,1.44,Env A,,Non
2022,2210940,phosphate ferrique,10045-86-0,508.5,Autre,,Non
2022,2210942,halauxifen-methyl,943831-98-9,0.8,Env A,,Non
2022,2210942,piclorame,1918-02-1,3.84,Env A,,Non
2022,2210945,flufenacet,142459-58-3,400.8,Env A,,Non
2022,2210945,picolinafen,137641-05-5,167.0,Env A,,Non
2022,2210975,cymoxanil,57966-95-7,123.0,CMR,,Non
2022,2210975,propamocarbe hcl,25606-41-1,984.0,Autre,,Non
2022,2210977,diflufenicanil,83164-33-4,825.0,Env B,,Non
2022,2210977,flufenacet,142459-58-3,1650.0,Env A,,Non
2022,2210978,halauxifen-methyl,943831-98-9,34.84,Env A,,Non
2022,2210978,piclorame,1918-02-1,167.232,Env A,,Non
2022,2211018,mesotrione,104206-82-8,1270.975,CMR,,Non
2022,2211032,florasulame,145701-23-1,0.42875,Env A,,Non
2022,2211032,fluroxypyr-meptyl,81406-37-3,24.696,Env A,,Non
2022,2211133,cloquintocet-mexyl,99607-70-2,10.6875,Autre,,Non
2022,2211133,pinoxaden,243973-20-8,42.75,CMR,,Non
2022,2211140,chlorotoluron,15545-48-9,9702.5,CMR,,Non
2022,2211143,etofenprox,80844-07-1,31.9125,Santé A,,Non
2022,2219994,benzobicyclon,156963-66-5,528.0,Autre,,Non
2022,2219995,deltamethrine,52918-63-5,276.0,Santé A,,Oui
2022,2219999,cyantraniliprole,736994-63-1,300.2,Env A,,Non
2022,2220003,acide phosphoreux,10294-56-1,3378.6684,Autre,,Non
2022,2220023,dazomet,533-74-4,13683.7,Env A,,Non
2022,2220043,flonicamide,158062-67-0,322.0,Autre,,Non
2022,2220049,prothioconazole,178928-70-6,567.5,Env A,,Non
2022,2220049,tebuconazole,107534-96-3,567.5,CMR,,Non
2022,2220053,sulcotrione,99105-77-8,237.0,CMR,,Non
2022,2220060,mesotrione,104206-82-8,96.0,CMR,,Non
2022,2220060,nicosulfuron,111991-09-4,38.4,Env A,,Non
2022,2220109,azoxystrobine,131860-33-8,523.25,Santé A,,Non
2022,2220129,azoxystrobine,131860-33-8,315.0,Santé A,,Oui
2022,2220141,prohexadione-calcium,127277-53-6,3.6,Env B,,Non
2022,2220141,trinexapac-ethyl,95266-40-3,5.4,Env A,,Non
2022,2220146,prosulfocarbe,52888-80-9,89216.0,Env A,,Non
2022,2220155,aclonifen,74070-46-5,4122.0,CMR,,Non
2022,2220210,dimethomorphe,110488-70-5,479.9619,Env A,Exclusion,Non
2022,2220210,metirame,9006-42-2,2346.4804,Env A,,Non
2022,2220224,imazamox,114311-32-9,41.8,Env A,Substitution,Non
2022,2220253,chlorotoluron,15545-48-9,32512.5,CMR,,Non
2022,2220259,"2,4-d",94-75-7,426.0,Env B,,Non
2022,2220261,prosulfocarbe,52888-80-9,138183.2,Env A,,Non
2022,2220272,metazachlore,67129-08-2,2488.82,CMR,,Non
2022,2220272,napropamide,15299-99-7,2395.78,Env A,,Non
2022,2220272,quinmerac,90717-03-6,825.73,Env A,,Non
2022,2220277,metazachlore,67129-08-2,650.0,CMR,,Non
2022,2220298,azoxystrobine,131860-33-8,207.5,Santé A,,Non
2022,2220312,difenoconazole,119446-68-3,376.4,Env A,,Non
2022,2220312,fenpropidine,67306-00-7,1411.5,Env A,,Non
2022,2220321,fludioxonil,131341-86-1,548.98475,Env A,,Non
2022,2220324,aclonifen,74070-46-5,43745.7285,CMR,,Non
2022,2220324,diflufenicanil,83164-33-4,5832.7638,Env B,,Non
2022,2220324,flufenacet,142459-58-3,7290.95475,Env A,,Non
2022,2220429,(z)-8-dodecenol,40642-40-8,4.6,Env A,,Non
2022,2220429,acetate de e-8-dodecenyle,38363-29-0,0.0,Autre,,Non
2022,2220429,acetate de z-8-dodecenyle,28079-04-1,0.0,Autre,,Non
2022,2220431,chlorotoluron,15545-48-9,9300.0,CMR,,Non
2022,2220494,halauxifen-methyl,943831-98-9,0.4,Env A,,Non
2022,2220494,piclorame,1918-02-1,1.92,Env A,,Non
2022,2220529,metamitrone,41394-05-2,3531.5,Env A,,Non
2022,2220529,quinmerac,90717-03-6,605.4,Env A,,Non
2022,2220551,diflufenicanil,83164-33-4,1718.0,Env B,,Non
2022,2220551,flufenacet,142459-58-3,3436.0,Env A,,Non
2022,2220619,iodosulfuron-methyl-sodium,144550-36-7,0.09,Env A,,Non
2022,2220619,mefenpyr-diethyl,135590-91-9,1.35,Autre,,Non
2022,2220619,mesosulfuron-methyl,208465-21-8,0.45,Env A,,Non
2022,2220620,iodosulfuron-methyl-sodium,144550-36-7,0.204,Env A,,Non
2022,2220620,mefenpyr-diethyl,135590-91-9,3.06,Autre,,Non
2022,2220620,mesosulfuron-methyl,208465-21-8,1.02,Env A,,Non
2022,2220622,mefentrifluconazole,1417782-03-6,1.05,Env A,,Non
2022,2220638,diflufenicanil,83164-33-4,1635.0,Env B,,Non
2022,2220638,flufenacet,142459-58-3,3270.0,Env A,,Non
2022,2220659,flufenacet,142459-58-3,480.0,Env A,,Non
2022,2220668,phosphonate de potassium,13492-26-7,641.75,Autre,,Non
2022,2220688,clomazone,81777-89-1,11.6,Env A,,Non
2022,2220688,mesotrione,104206-82-8,21.75,CMR,,Non
2022,2220708,propaquizafop,111479-05-1,522.0,Env A,,Non
2022,2220753,acibenzolar-s-methyl,135158-54-2,2809.687425,Env A,,Non
2022,2220766,cyantraniliprole,736994-63-1,3984.204,Env A,,Non
2022,5000014,soufre pour pulverisation (micronise),7704-34-9,210.6,Autre,,Non
2022,5100219,soufre sublime,7704-34-9,1469334.893202,Autre,,Non
2022,5500179,"2,4-mcpb",94-81-5,7924.2,Env A,,Oui
2022,6000067,amitrole,61-82-5,4.58,CMR,,Non
2022,6000067,thiocyanate d'ammonium,1762-95-4,4.3,Autre,,Non
2022,6200075,cuivre du sulfate de cuivre,8011-63-0,66.0,Env A,Substitution,Non
2022,6200445,soufre triture,7704-34-9,432548.96,Autre,,Non
2022,6400401,lenacile,2164-08-1,10761.52,CMR,,Oui
2022,6500402,"2,4-d",94-75-7,1888.8,Env B,,Non
2022,6600031,phosmet,732-11-6,224.0,CMR,,Non
2022,6600074,huile blanche de petrole,9206-23-56,11.55,Autre,,Oui
2022,6600501,"2,4-d",94-75-7,2205.5,Env B,,Oui
2022,6600501,"2,4-mcpa",94-74-6,2205.5,Env A,,Oui
2022,6700395,soufre triture ventile,7704-34-9,593.75,Autre,,Non
2022,6800258,carbetamide,16118-49-3,3.5,CMR,Exclusion,Non
2022,6800403,dazomet,533-74-4,28168.8,Env A,,Non
2022,6900376,cuivre du sulfate de cuivre,8011-63-0,204.0,Env A,Substitution,Non
2022,6900486,"2,4-mcpa",94-74-6,2407.644,Env A,,Non
2022,6900486,dicamba,1918-00-9,200.637,Env B,,Non
2022,7000102,huile de petrole,64742-55-8,16.1,Autre,,Non
2022,7100280,benfluraline,1861-40-1,31879.692,CMR,,Oui
2022,7200313,alcools terpeniques,98-55-5,171134.883784,Autre,,Non
2022,7200442,linuron,330-55-2,2.4,CMR,Exclusion,Oui
2022,7200442,trifluraline,1582-09-8,4.8,Autre,,Oui
2022,7300221,chlorotoluron,15545-48-9,4915.0,CMR,,Non
2022,7400115,chlorpyriphos-methyl,5598-13-0,10.7,Env A,,Non
2022,7400610,cire d'abeille,,,Autre,,Non
2022,7400610,huile de resine,8050-18-8,,Autre,,Non
2022,7400610,poix,61789-60-4,,Autre,,Non
2022,7400619,acide gibberellique,77-06-5,1.822,Autre,,Non
2022,7400634,gomme manille,,1.32,Autre,,Non
2022,7400634,huile de ricin,8001-79-4,3.96,Autre,,Non
2022,7400634,resines (colophane),8050-09-7,0.99,Autre,,Non
2022,7400650,ethephon,16672-87-0,23.4,Santé A,,Non
2022,7400755,acide alpha naphtylacetique (ana),86-87-3,371.9,CMR,,Non
2022,7400815,chlormequat chlorure,999-81-5,426.742,Autre,,Oui
2022,7500004,butoxyde de piperonyle,51-03-6,0.06,Autre,,Non
2022,7500004,pyrethrines,8003-34-7,0.012,Env A,,Non
2022,7500071,chlorprophame,101-21-3,0.05,CMR,,Non
2022,7500540,chlorophacinone,3691-35-8,2.3e-05,Autre,,Non
2022,7500569,pyrimicarbe,23103-98-2,29.5,CMR,,Non
2022,7500589,bromadiolone,28772-56-7,0.00075,CMR,Exclusion,Non
2022,7500716,cuivre du sulfate de cuivre,8011-63-0,60936.6,Env A,Substitution,Non
2022,7600008,bupirimate,41483-43-6,5220.75,CMR,,Oui
2022,7600310,soufre triture,7704-34-9,398776.7,Autre,,Oui
2022,7600557,carbetamide,16118-49-3,58.5,CMR,Exclusion,Non
2022,7700078,diquat,85-00-7,53.0,Santé A,,Non
2022,7700216,soufre pour pulverisation (micronise),7704-34-9,370100.725261,Autre,,Non
2022,7700568,cuivre du sulfate de cuivre,8011-63-0,410.0,Env A,Substitution,Non
2022,7700703,pyrimiphos-methyl,29232-93-7,7261.0,Santé A,,Non
2022,7700706,"2,4-d",94-75-7,521.85,Env B,,Non
2022,7700706,dicamba,1918-00-9,74.55,Env B,,Non
2022,7700741,folpel,133-07-3,0.7,CMR,,Non
2022,7800132,ethephon,16672-87-0,5980.8,Santé A,,Non
2022,7800305,cuivre du sulfate de cuivre,8011-63-0,3404.0,Env A,Substitution,Non
2022,7900200,methiocarbe,2032-65-7,0.014,Santé A,,Non
2022,7900323,"2,4-mcpa",94-74-6,460.8,Env A,,Non
2022,7900323,dicamba,1918-00-9,38.4,Env B,,Non
2022,7900708,ethephon,16672-87-0,19816.976285,Santé A,,Oui
2022,7900708,mepiquat-chlorure,24307-26-4,38994.69527,Env B,,Oui
2022,7900753,clopyralid (sous forme de sel de monoethanolamine),57754-85-5,5548.79,Autre,,Oui
2022,8000084,"2,4-mcpa",94-74-6,53722.6,Env A,,Oui
2022,8000350,soufre triture ventile,7704-34-9,118.75,Autre,,Non
2022,8100006,clopyralid,1702-17-6,115.32,Autre,,Non
2022,8100006,triclopyr,55335-06-3,461.28,Env B,,Non
2022,8100236,chlorophacinone,3691-35-8,0.002532,Autre,,Non
2022,8100283,linuron,330-55-2,191.025,CMR,Exclusion,Non
2022,8100291,metazachlore,67129-08-2,19197.0,CMR,,Non
2022,8100345,hymexazol,10004-44-1,8852.004,CMR,,Oui
2022,8100444,propamocarbe,24579-73-5,0.722,Autre,,Non
2022,8100462,huile vegetale,,58.1992,Autre,,Non
2022,8100462,resines (colophane),8050-09-7,575.666,Autre,,Non
2022,8100472,pyrimiphos-methyl,29232-93-7,214.0,Santé A,,Non
2022,8200024,cuivre de l'hydroxyde de cuivre,20427-59-2,7950.0,Santé A,Substitution,Non
2022,8200124,chlormequat chlorure,999-81-5,36.8,Autre,,Non
2022,8200216,propiconazole,60207-90-1,0.5,CMR,Exclusion,Non
2022,8200489,6-benzyladenine,1214-39-7,11.818,CMR,,Non
2022,8200489,gibberellines (a4+a7),8030-53-3,11.818,Autre,,Non
2022,8200538,"2,4-d",94-75-7,2052.0645,Env B,,Non
2022,8200538,"2,4-mcpa",94-74-6,2394.07525,Env A,,Non
2022,8200538,clopyralid (sous forme de sel de monoethanolamine),57754-85-5,478.81505,Autre,,Non
2022,8200575,cypermethrine,52315-07-8,17.7,Env A,,Non
2022,8300025,penconazole,66246-88-6,445.8,CMR,,Oui
2022,8300063,soufre pour pulverisation (micronise),7704-34-9,400987.6,Autre,,Non
2022,8300214,chlorprophame,101-21-3,2.0,CMR,,Non
2022,8300243,chlorothalonil,1897-45-6,45.0,CMR,,Non
2022,8300488,soufre pour pulverisation (micronise),7704-34-9,248208.0,Autre,,Oui
2022,8400096,dicamba,1918-00-9,38415.36,Env B,,Non
2022,8400098,bacillus thuringiensis serotype 3a 3b,68038-71-1,0.002,Autre,,Non
2022,8400098,butoxyde de piperonyle,51-03-6,0.005,Autre,,Non
2022,8400098,pyrethrines,8003-34-7,0.0024,Env A,,Non
2022,8400255,metsulfuron-methyl,74223-64-6,2929.348,Env A,Substitution,Oui
2022,8400364,alcool ethylique,64-17-5,,Autre,,Non
2022,8400364,cire,,,Autre,,Non
2022,8400364,goudrons de pin,8011-48-1,,Autre,,Non
2022,8400364,terebenthine,8006-64-2,,Autre,,Non
2022,8400425,hydrazide maleique,123-33-1,67085.034,Autre,,Oui
2022,8400477,fenoxycarbe,72490-01-8,7.1975,CMR,,Non
2022,8400491,fluazifop-p-butyl,79241-46-6,0.75,CMR,,Non
2022,8400520,prochloraze,67747-09-5,616.818,Env A,,Non
2022,8400521,pendimethaline,40487-42-1,23.1,Env A,Substitution,Non
2022,8400528,isoxaben,82558-50-7,19211.6125,Env B,,Oui
2022,8400574,propyzamide,23950-58-5,454456.42,CMR,Substitution,Oui
2022,8400579,bromoxynil,1689-84-5,6.25,CMR,Exclusion,Non
2022,8400600,fluroxypyr-meptyl,81406-37-3,5827.124646,Env A,,Oui
2022,8500011,chlormequat chlorure,999-81-5,60.0,Autre,,Non
2022,8500011,ethephon,16672-87-0,30.0,Santé A,,Non
2022,8500023,thirame,137-26-8,424.0,Env A,,Non
2022,8500160,chlorothalonil,1897-45-6,447.5,CMR,,Non
2022,8500160,propiconazole,60207-90-1,111.875,CMR,Exclusion,Non
2022,8500174,abamectine,71751-41-2,57.1149,CMR,,Oui
2022,8500183,metaldehyde,108-62-3,0.92,CMR,,Oui
2022,8500194,tau-fluvalinate,102851-06-9,31.68,Env A,,Non
2022,8500198,huile minerale paraffinique,8042-47-5,14.5,Autre,,Non
2022,8500198,malathion,121-75-5,2.9,Env A,,Non
2022,8500205,dimethyl polysiloxane,63148-62-9,0.15,Autre,,Oui
2022,8500321,acide malique,6915-15-7,181.5,Autre,,Non
2022,8500321,acide sulfamique,5329-14-6,90.75,Autre,,Non
2022,8500321,pentapotassium bis(peroxymonosulfate) bis(sulfate),70693-62-8,408.375,Autre,,Non
2022,8500347,metaldehyde,108-62-3,0.6,CMR,,Non
2022,8500351,acide b-indole butyrique (aib),133-32-4,0.0851,CMR,,Non
2022,8500352,acide b-indole butyrique (aib),133-32-4,0.0056,CMR,,Non
2022,8500354,acide b-indole butyrique (aib),133-32-4,0.00064,CMR,,Non
2022,8500408,phenmediphame,13684-63-4,45.09,Env A,,Non
2022,8500412,zirame,137-30-4,28021.2,Santé A,,Non
2022,8500469,metsulfuron-methyl,74223-64-6,0.612,Env A,Substitution,Non
2022,8500469,thifensulfuron-methyle,79277-27-3,6.138,Env A,,Non
2022,8500470,huile de vaseline,8042-47-5,907792.686,Autre,,Non
2022,8500493,"2,4-mcpa",94-74-6,305.3715,Env A,,Non
2022,8500493,clopyralid,1702-17-6,26.6785,Autre,,Non
2022,8500493,fluroxypyr,69377-81-7,68.7,Env B,,Non
2022,8600014,rotenone,83-79-4,0.04,Autre,,Non
2022,8600027,pencycuron,66063-05-6,18.75,Env A,,Non
2022,8600031,chlormequat chlorure,999-81-5,266.8,Autre,,Non
2022,8600063,cuivre de l'oxyde cuivreux,1317-39-1,244.86,Env A,Substitution,Non
2022,8600068,methiocarbe,2032-65-7,0.265,Santé A,,Non
2022,8600232,"2,4-mcpa",94-74-6,11266.5536,Env A,,Non
2022,8600232,dichlorprop-p,15165-67-0,21828.9476,Autre,,Non
2022,8600232,mecoprop-p (mcpp-p),16484-77-8,9154.0748,Env A,,Non
2022,8600243,aclonifen,74070-46-5,283677.066,CMR,,Oui
2022,8600244,aclonifen,74070-46-5,64.8,CMR,,Oui
2022,8600262,goudrons de pin,8011-48-1,15.6,Autre,,Non
2022,8600313,pyrimiphos-methyl,29232-93-7,3056.05625,Santé A,,Non
2022,8600330,paclobutrazol,76738-62-0,4.296,CMR,,Non
2022,8600349,huile vegetale,,56.265,Autre,,Non
2022,8600349,resines (colophane),8050-09-7,150.04,Autre,,Non
2022,8600389,phenmediphame,13684-63-4,204.1,Env A,,Non
2022,8600395,huile vegetale,,113.459,Autre,,Non
2022,8600395,resines (colophane),8050-09-7,365.042,Autre,,Non
2022,8600659,alpha-chloralose,15879-93-3,0.98,Autre,,Non
2022,8600664,cypermethrine,52315-07-8,6.142,Env A,,Non
2022,8600679,soufre pour pulverisation (micronise),7704-34-9,516.0,Autre,,Non
2022,8700002,chlorotoluron,15545-48-9,312477.415,CMR,,Oui
2022,8700019,flurochloridone,61213-25-0,37.5,CMR,Exclusion,Non
2022,8700020,flurochloridone,61213-25-0,61637.555,CMR,Exclusion,Non
2022,8700035,esfenvalerate,66230-04-4,567.145,Santé A,Substitution,Oui
2022,8700102,benalaxyl,71626-11-4,2.1,Env A,,Non
2022,8700102,folpel,133-07-3,13.475,CMR,,Non
2022,8700107,metirame,9006-42-2,392991.90707,Env A,,Oui
2022,8700111,huile de ricin,8001-79-4,698.368,Autre,,Non
2022,8700111,resines (colophane),8050-09-7,349.184,Autre,,Non
2022,8700117,fosetyl-aluminium,39148-24-8,5.95,Autre,,Non
2022,8700117,mancozebe,8018-01-7,5.95,CMR,Exclusion,Non
2022,8700118,bifenox,42576-02-3,545.7,Env A,,Non
2022,8700118,chlorotoluron,15545-48-9,1364.25,CMR,,Non
2022,8700196,butoxyde de piperonyle,51-03-6,2036.142,Autre,,Non
2022,8700196,deltamethrine,52918-63-5,226.238,Santé A,,Non
2022,8700304,metaldehyde,108-62-3,8.4,CMR,,Non
2022,8700408,"2,4-d",94-75-7,8.0,Env B,,Non
2022,8700444,chlorprophame,101-21-3,4.8,CMR,,Non
2022,8700449,chlorotoluron,15545-48-9,1130.0,CMR,,Non
2022,8700458,tefluthrine,79538-32-2,78.894,Santé A,,Non
2022,8700462,prosulfocarbe,52888-80-9,3817778.9996,Env A,,Oui
2022,8700472,dimethyl polysiloxane,63148-62-9,1.875,Autre,,Non
2022,8700506,cuivre de l'oxychlorure de cuivre,1332-40-7,7.15,Santé A,Substitution,Non
2022,8700525,mancozebe,8018-01-7,269.43,CMR,Exclusion,Non
2022,8700621,propiconazole,60207-90-1,0.01625,CMR,Exclusion,Non
2022,8700746,prochloraze,67747-09-5,0.461,Env A,,Non
2022,8800001,goudrons de pin,8011-48-1,7.0,Autre,,Non
2022,8800011,carboxine,5234-68-4,230.276,Env A,,Non
2022,8800011,thirame,137-26-8,230.276,Env A,,Non
2022,8800028,ethephon,16672-87-0,163.824,Santé A,,Non
2022,8800029,phenmediphame,13684-63-4,142600.340768,Env A,,Oui
2022,8800099,carbofuran,1563-66-2,4.0,Autre,,Non
2022,8800108,trichogramma brassicae,,,Autre,,Non
2022,8800142,oryzalin,19044-88-3,0.96,CMR,,Non
2022,8800161,triallate,2303-17-5,360610.8816,Env A,,Oui
2022,8800199,propaquizafop,111479-05-1,14507.018,Env A,,Non
2022,8800395,lambda-cyhalothrine,91465-08-6,2263.33125,Santé A,Substitution,Oui
2022,8800395,pyrimicarbe,23103-98-2,45266.625,CMR,,Oui
2022,8800417,captane,133-06-2,7337.28,CMR,,Non
2022,8800423,trichogramma brassicae,,,Autre,,Non
2022,8800469,huile minerale paraffinique,8042-47-5,48.66869,Autre,,Non
2022,8800502,deltamethrine,52918-63-5,0.06,Santé A,,Non
2022,8800504,butoxyde de piperonyle,51-03-6,3430.998,Autre,,Non
2022,8800504,deltamethrine,52918-63-5,381.222,Santé A,,Non
2022,8800519,goudrons de pin,8011-48-1,2682.76,Autre,,Non
2022,8800603,napropamide,15299-99-7,50600.025,Env A,,Non
2022,8800671,cuivre de l'oxychlorure de cuivre,1332-40-7,50.0,Santé A,Substitution,Non
2022,8800827,chlorotoluron,15545-48-9,3035.83,CMR,,Non
2022,8800827,isoxaben,82558-50-7,113.540042,Env B,,Non
2022,8800841,difenoconazole,119446-68-3,6943.2675,Env A,,Non
2022,8800843,cyromazine,66215-27-8,0.1875,Autre,,Non
2022,8800941,metaldehyde,108-62-3,3686.179728,CMR,,Non
2022,8900124,metaldehyde,108-62-3,2.55,CMR,,Non
2022,8900137,bacillus thuringiensis serotype 3a 3b,68038-71-1,,Autre,,Non
2022,8900204,ethofumesate,26225-79-6,13.0,Env A,,Non
2022,8900261,triallate,2303-17-5,312.0,Env A,,Non
2022,8900338,bensulfuron methyl,83055-99-6,160.38,Env A,,Oui
2022,8900374,ioxynil octanoate,3861-47-0,0.12,CMR,,Non
2022,8900374,mecoprop (mcpp),7085-19-0,0.36,Env A,,Non
2022,8900564,tau-fluvalinate,102851-06-9,39820.0272,Env A,,Oui
2022,8900620,folpel,133-07-3,14707.5,CMR,,Non
2022,8900681,pendimethaline,40487-42-1,59586.924,Env A,Substitution,Oui
2022,8900685,e/z8 acetate de dodecenyle,37338-40-2,955.554341,Autre,,Oui
2022,8900700,sulfate de fer (sulfate ferreux heptahydrate),7782-63-0,16262.0,Autre,,Non
2022,9000069,ethofumesate,26225-79-6,39871.55,Env A,,Oui
2022,9000144,betacyfluthrine,68359-37-5,24.875,Santé A,,Non
2022,9000163,rimsulfuron,122931-48-0,480.4275,Env A,,Oui
2022,9000171,bifenthrine,82657-04-3,9.6e-05,CMR,,Non
2022,9000184,"2,4-mcpa",94-74-6,141051.948,Env A,,Oui
2022,9000184,clopyralid,1702-17-6,14105.1948,Autre,,Oui
2022,9000184,fluroxypyr-meptyl,81406-37-3,40622.961024,Env A,,Oui
2022,9000198,chlorotoluron,15545-48-9,1282.0,CMR,,Non
2022,9000198,diflufenicanil,83164-33-4,80.125,Env B,,Non
2022,9000222,soufre,7704-34-9,2051045.27537,Autre,,Oui
2022,9000259,amidosulfuron,120923-37-7,2003.1,Env A,,Oui
2022,9000277,cuivre de l'hydroxyde de cuivre,20427-59-2,48671.5,Santé A,Substitution,Non
2022,9000282,butoxyde de piperonyle,51-03-6,14402.124,Autre,,Non
2022,9000282,deltamethrine,52918-63-5,1600.236,Santé A,,Non
2022,9000359,cire d'abeille,,0.6736,Autre,,Non
2022,9000359,huile de resine,8050-18-8,0.9792,Autre,,Non
2022,9000359,resines (colophane),8050-09-7,1.2832,Autre,,Non
2022,9000360,cire d'abeille,,7.72848,Autre,,Non
2022,9000360,huile de resine,8050-18-8,14.744938,Autre,,Non
2022,9000360,resines (colophane),8050-09-7,4.22204,Autre,,Non
2022,9000361,goudrons de pin,8011-48-1,349.1,Autre,,Non
2022,9000362,huile de resine,8050-18-8,15.0984,Autre,,Non
2022,9000362,resines (colophane),8050-09-7,131.22,Autre,,Non
2022,9000362,suif,61789-97-7,11.2968,Autre,,Non
2022,9000450,soufre pour pulverisation (micronise),7704-34-9,1120.0,Autre,,Non
2022,9000451,soufre pour pulverisation (micronise),7704-34-9,140.25,Autre,,Non
2022,9000490,cycloxydime,101205-02-1,59051.681,CMR,,Oui
2022,9000510,thifensulfuron-methyle,79277-27-3,0.9675,Env A,,Non
2022,9000594,soufre sublime,7704-34-9,1.98,Autre,,Non
2022,9000605,phenmediphame,13684-63-4,137.375,Env A,,Non
2022,9000619,chlorotoluron,15545-48-9,262417.2149,CMR,,Non
2022,9000741,tetraconazole,112281-77-3,16827.855,Env A,,Non
2022,9000743,cuivre du tallate de cuivre,71789-22-8,126.75,Autre,,Non
2022,9000753,metaldehyde,108-62-3,7493.77,CMR,,Non
2022,9000833,metazachlore,67129-08-2,55817.008,CMR,,Non
2022,9000833,quinmerac,90717-03-6,13954.252,Env A,,Non
2022,9100034,chlormequat chlorure,999-81-5,362693.4078,Autre,,Oui
2022,9100046,trinexapac-ethyl,95266-40-3,3483.45,Env A,,Oui
2022,9100065,bentazone,25057-89-0,55.2,Env B,,Non
2022,9100071,ether d'alkyl aryl polyglycol,61827-42-7,64.05,Autre,,Non
2022,9100155,glyphosate,1071-83-6,52.2,Env A,,Non
2022,9100156,diflubenzuron,35367-38-5,0.75,Env A,,Non
2022,9100225,aminotriazole,61-82-5,15.75,CMR,,Non
2022,9100225,diuron,330-54-1,31.5,Autre,,Non
2022,9100231,metaldehyde,108-62-3,0.07,CMR,,Non
2022,9100286,benalaxyl,71626-11-4,1.375,Env A,,Oui
2022,9100286,fosetyl-aluminium,39148-24-8,19.25,Autre,,Oui
2022,9100286,mancozebe,8018-01-7,19.25,CMR,Exclusion,Oui
2022,9100296,"2,4-d",94-75-7,357888.816,Env B,,Oui
2022,9100409,"2,4-mcpa",94-74-6,4.0,Env A,,Non
2022,9100409,dichlorprop-p,15165-67-0,7.75,Autre,,Non
2022,9100409,mecoprop-p (mcpp-p),16484-77-8,3.25,Env A,,Non
2022,9100418,nicosulfuron,111991-09-4,4157.1856,Env A,,Oui
2022,9100438,nicosulfuron,111991-09-4,7.6,Env A,,Non
2022,9100482,chlorothalonil,1897-45-6,180.0,CMR,,Non
2022,9100505,glyphosate,1071-83-6,4.14,Env A,,Non
2022,9100525,tebufenpyrad,119168-77-3,150.1,Santé A,,Non
2022,9100554,dimethomorphe,110488-70-5,193.5,Env A,Exclusion,Non
2022,9100558,cypermethrine,52315-07-8,0.000938,Env A,,Non
2022,9100636,fluazinam,79622-59-6,2292.5,CMR,,Oui
2022,9100637,cuivre de l'oxychlorure de cuivre,1332-65-6,0.94,Santé A,Substitution,Non
2022,9100645,clodinafop-propargyl,105512-06-9,2562.5,Env A,,Non
2022,9100645,cloquintocet-mexyl,99607-70-2,640.625,Autre,,Non
2022,9100704,bifenthrine,82657-04-3,0.032,CMR,,Oui
2022,9100704,propiconazole,60207-90-1,0.08,CMR,Exclusion,Oui
2022,9120277,sulfate de fer (sulfate ferreux heptahydrate),7782-63-0,5.5,Autre,,Non
2022,9120616,sulfate de fer (sulfate ferreux heptahydrate),7782-63-0,421.2,Autre,,Non
2022,9200022,fenpropidine,67306-00-7,250.0,Env A,,Non
2022,9200022,propiconazole,60207-90-1,62.5,CMR,Exclusion,Non
2022,9200024,huile de petrole,64742-55-8,6489.85,Autre,,Non
2022,9200056,acide b-indole butyrique (aib),133-32-4,0.04,CMR,,Non
2022,9200058,acide b-indole butyrique (aib),133-32-4,0.486,CMR,,Non
2022,9200060,acide b-indole butyrique (aib),133-32-4,60.36,CMR,,Non
2022,9200062,acide b-indole butyrique (aib),133-32-4,0.14,CMR,,Non
2022,9200073,triflusulfuron-methyl,126535-15-7,3531.135,CMR,,Oui
2022,9200078,tebuconazole,107534-96-3,1605.0,CMR,,Non
2022,9200086,phosphure d'aluminium,20859-73-8,993.132,Santé A,,Non
2022,9200091,imidaclopride,138261-41-3,18.2105,Env A,,Non
2022,9200135,cypermethrine,52315-07-8,0.10125,Env A,,Non
2022,9200145,bifenthrine,82657-04-3,0.00012,CMR,,Non
2022,9200145,propiconazole,60207-90-1,0.00012,CMR,Exclusion,Non
2022,9200159,pyrimethanil,53112-28-0,15154.704,Env A,,Non
2022,9200193,pyrimiphos-methyl,29232-93-7,1.305,Santé A,,Non
2022,9200214,soufre pour pulverisation (micronise),7704-34-9,786547.60776,Autre,,Oui
2022,9200215,cymoxanil,57966-95-7,5122.63488,CMR,,Non
2022,9200215,metirame,9006-42-2,60831.2892,Env A,,Non
2022,9200235,huile minerale paraffinique,8042-47-5,58317.8,Autre,,Non
2022,9200253,cyhexatin,13121-70-5,175.0,Autre,,Non
2022,9200262,iprodione,36734-19-7,234.805,CMR,,Non
2022,9200293,glyphosate,1071-83-6,511.2,Env A,,Non
2022,9200306,anthraquinone,84-65-1,2.9125,Autre,,Non
2022,9200306,fludioxonil,131341-86-1,0.29125,Env A,,Non
2022,9200313,fenazaquin,120928-09-8,9.4,Santé A,,Non
2022,9200317,ethephon,16672-87-0,1502.4,Santé A,,Non
2022,9200359,cuivre du sulfate de cuivre,8011-63-0,4455.62,Env A,Substitution,Non
2022,9200379,flutolanil,66332-96-5,2212.14,Env A,,Non
2022,9200380,flutolanil,66332-96-5,8321.7,Env A,,Oui
2022,9200383,lambda-cyhalothrine,91465-08-6,0.975,Santé A,Substitution,Non
2022,9200392,"2,4-mcpa",94-74-6,1.0,Env A,,Non
2022,9200392,clopyralid (sous forme de sel de monoethanolamine),57754-85-5,0.1,Autre,,Non
2022,9200392,fluroxypyr,69377-81-7,0.2,Env B,,Non
2022,9200436,cuivre de l'oxychlorure de cuivre,1332-40-7,34654.455,Santé A,Substitution,Oui
2022,9200436,cymoxanil,57966-95-7,3465.4455,CMR,,Oui
2022,9200461,chlormequat chlorure,999-81-5,44.85,Autre,,Non
2022,9200461,mepiquat-chlorure,24307-26-4,14.95,Env B,,Non
2022,9200482,bacillus thuringiensis ssp kurstaki souche sa-11,68038-71-1,19758.369,Autre,,Oui
2022,9200494,ethephon,16672-87-0,381.35,Santé A,,Non
2022,9200494,trinexapac-ethyl,95266-40-3,381.35,Env A,,Non
2022,9200532,polybutene,9003-29-6,19235.13657,Autre,,Non
2022,9200532,polyisobutene,115-11-7,10357.38123,Autre,,Non
2022,9200548,thirame,137-26-8,1198.9152,Env A,,Non
2022,9300005,phosphure d'aluminium,20859-73-8,27812.4,Santé A,,Non
2022,9300009,cyprodinyl,121552-61-2,2467.5,Env A,,Non
2022,9300020,metconazole,125116-23-6,0.48,CMR,,Non
2022,9300027,glyphosate,1071-83-6,1.296,Env A,,Non
2022,9300032,tebufenozide,112410-23-8,2961.8376,Env A,,Non
2022,9300034,pyriproxyfene,95737-68-1,0.4,Env A,,Non
2022,9300108,captane,133-06-2,82271.2,CMR,,Oui
2022,9300111,pyrethrines,8003-34-7,0.0004,Env A,,Non
2022,9300113,tebuconazole,107534-96-3,0.45,CMR,,Non
2022,9300113,triadimenol,55219-65-3,0.15,CMR,Exclusion,Non
2022,9300143,folpel,133-07-3,70092.408,CMR,,Non
2022,9300145,glyphosate,1071-83-6,122.4,Env A,,Non
2022,9300186,tebuconazole,107534-96-3,3557.02,CMR,,Non
2022,9300189,fluroxypyr,69377-81-7,129.06,Env B,,Non
2022,9300189,triclopyr,55335-06-3,387.18,Env B,,Non
2022,9300241,glyphosate,1071-83-6,21.25,Env A,,Non
2022,9300257,tebuconazole,107534-96-3,1103.14,CMR,,Non
2022,9300270,prochloraze,67747-09-5,59.76,Env A,,Non
2022,9300279,triflusulfuron-methyl,126535-15-7,42.1,CMR,,Non
2022,9300284,chlorothalonil,1897-45-6,225.0,CMR,,Non
2022,9300284,cyproconazole,94361-06-5,24.0,CMR,Exclusion,Non
2022,9300285,ethephon,16672-87-0,384.12,Santé A,,Non
2022,9300301,myclobutanil,88671-89-0,0.000806,CMR,,Non
2022,9300305,prochloraze,67747-09-5,11515.518,Env A,,Non
2022,9300309,zetacypermethrine,52315-07-8,6.36,Santé A,,Non
2022,9300322,metamitrone,41394-05-2,150774.61693,Env A,,Oui
2022,9300326,cuivre du sulfate de cuivre,8011-63-0,7.96,Env A,Substitution,Non
2022,9300335,ethofumesate,26225-79-6,10455.15,Env A,,Non
2022,9300335,phenmediphame,13684-63-4,10788.825,Env A,,Non
2022,9300379,huile d'os,8001-85-2,6.24,Autre,,Oui
2022,9300395,isoproturon,34123-59-6,25.0,CMR,,Non
2022,9300396,chlormequat chlorure,999-81-5,11365.3166,Autre,,Oui
2022,9300401,chlormequat chlorure,999-81-5,36.8,Autre,,Non
2022,9300403,chlorotoluron,15545-48-9,350.0,CMR,,Non
2022,9300412,fludioxonil,131341-86-1,600.465,Env A,,Non
2022,9300413,metaldehyde,108-62-3,3.05,CMR,,Non
2022,9300487,difenoconazole,119446-68-3,51023.90301,Env A,,Oui
2022,9300487,fenpropidine,67306-00-7,191339.636788,Env A,,Oui
2022,9300490,cuivre de l'oxychlorure de cuivre,1332-40-7,1787.5,Santé A,Substitution,Non
2022,9300504,huile de vaseline,8042-47-5,1258579.513,Autre,,Non
2022,9300534,cyproconazole,94361-06-5,1.2,CMR,Exclusion,Non
2022,9300571,cuivre du sulfate de cuivre,8011-63-0,6423.22,Env A,Substitution,Non
2022,9400008,triticonazole,131983-72-7,1598.856,Env A,,Oui
2022,9400012,tetraconazole,112281-77-3,4979.703,Env A,,Oui
2022,9400039,huile de colza,8002-13-9,76.314,Autre,,Non
2022,9400052,clethodime,99129-21-2,85310.412,Env B,,Oui
2022,9400067,dicamba,1918-00-9,6.3,Env B,,Non
2022,9400076,huile de colza esterifiee,85586-25-0,98.935,Autre,,Oui
2022,9400080,triclopyr,55335-06-3,0.24,Env B,,Non
2022,9400083,"2,4-mcpa",94-74-6,1690.6,Env A,,Non
2022,9400083,dichlorprop-p,15165-67-0,845.3,Autre,,Non
2022,9400083,mecoprop-p (mcpp-p),16484-77-8,845.3,Env A,,Non
2022,9400085,etofenprox,80844-07-1,48699.00925,Santé A,,Oui
2022,9400096,alcool isodecylique,61827-42-7,38.7,Autre,,Oui
2022,9400109,"2,4-d",94-75-7,17.92,Env B,,Non
2022,9400109,dicamba,1918-00-9,2.56,Env B,,Non
2022,9400133,aclonifen,74070-46-5,211.75,CMR,,Non
2022,9400133,flurtamone,96525-23-4,56.87,Env A,,Non
2022,9400134,diflufenicanil,83164-33-4,16.4,Env B,,Non
2022,9400134,flurtamone,96525-23-4,41.0,Env A,,Non
2022,9400145,anthraquinone,84-65-1,27.875,Autre,,Non
2022,9400145,fludioxonil,131341-86-1,2.7875,Env A,,Non
2022,9400162,glyphosate,1071-83-6,8634.099564,Env A,,Non
2022,9400177,"2,4-mcpa",94-74-6,0.12,Env A,,Non
2022,9400177,diflufenicanil,83164-33-4,0.012,Env B,,Non
2022,9400177,mecoprop-p (mcpp-p),16484-77-8,0.14,Env A,,Non
2022,9400196,phosphure d'aluminium,20859-73-8,941.868,Santé A,,Non
2022,9400202,phosphure d'aluminium,20859-73-8,10116.360057,Santé A,,Non
2022,9400235,huile de poisson,,8.745,Autre,,Non
2022,9400235,huile minerale paraffinique,8042-47-5,35.51,Autre,,Non
2022,9400280,flumioxazine,103361-09-7,36187.175,CMR,,Oui
2022,9400336,chlormequat chlorure,999-81-5,42823.7,Autre,,Oui
2022,9400346,cuivre de l'oxychlorure de cuivre,1332-40-7,35.0,Santé A,Substitution,Non
2022,9400367,chlorothalonil,1897-45-6,751.875,CMR,,Non
2022,9400367,cyproconazole,94361-06-5,80.2,CMR,Exclusion,Non
2022,9400456,"2,4-d",94-75-7,0.0315,Env B,,Non
2022,9400456,mecoprop-p (mcpp-p),16484-77-8,0.0756,Env A,,Non
2022,9400456,sulfate de fer (sulfate ferreux heptahydrate),7782-63-0,6.3,Autre,,Non
2022,9400460,"e7,z9-dodecadienylacetate",54364-62-4,7358.4,Env A,,Non
2022,9400462,e/z9-dodecenyl acetate,16974-34-8,54.2729,Autre,,Non
2022,9400463,phenmediphame,13684-63-4,72566.004832,Env A,,Oui
2022,9400478,"acides gras, c14-c18 et c16-c18 insatures",67701-06-8,0.232,Autre,,Oui
2022,9400478,esters de phosphate d'alcools gras polyoxyalkyles,68649-29-6,1.046,Autre,,Oui
2022,9400478,"esters methyliques d'acides gras, c14-c18 et c16-c18 insatures",67762-26-9,1.744,Autre,,Oui
2022,9400482,prochloraze,67747-09-5,168.75,Env A,,Non
2022,9400485,cymoxanil,57966-95-7,1830.0204,CMR,,Oui
2022,9400485,folpel,133-07-3,15280.67034,CMR,,Oui
2022,9400494,prochloraze,67747-09-5,347.4,Env A,,Oui
2022,9400495,glyphosate,1071-83-6,3786.12,Env A,,Non
2022,9400496,huile minerale paraffinique,8042-47-5,500.0,Autre,,Oui
2022,9400535,"2,4-mcpa",94-74-6,994.0,Env A,,Non
2022,9400535,clopyralid (sous forme de sel de monoethanolamine),57754-85-5,99.4,Autre,,Non
2022,9400535,fluroxypyr,69377-81-7,198.8,Env B,,Non
2022,9400555,prochloraze,67747-09-5,25387.767,Env A,,Non
2022,9420113,"2,4-d",94-75-7,0.728,Env B,,Non
2022,9420113,dicamba,1918-00-9,0.104,Env B,,Non
2022,9420113,sulfate de fer (sulfate ferreux heptahydrate),7782-63-0,52.0,Autre,,Non
2022,9500011,prochloraze,67747-09-5,544.5,Env A,,Non
2022,9500016,glyphosate,1071-83-6,457.2,Env A,,Non
2022,9500040,quizalofop-p-ethyl,100646-51-3,9227.809,Env A,,Non
2022,9500043,cuivre de l'hydroxyde de cuivre,20427-59-2,176.0,Santé A,Substitution,Non
2022,9500071,butoxyde de piperonyle,51-03-6,1.134,Autre,,Non
2022,9500071,deltamethrine,52918-63-5,0.126,Santé A,,Non
2022,9500106,fenpropidine,67306-00-7,1.125,Env A,,Non
2022,9500106,propiconazole,60207-90-1,0.375,CMR,Exclusion,Non
2022,9500106,tebuconazole,107534-96-3,0.375,CMR,,Non
2022,9500126,cypermethrine,52315-07-8,22.2,Env A,,Non
2022,9500135,metaldehyde,108-62-3,61.4795,CMR,,Non
2022,9500136,chlorprophame,101-21-3,0.015,CMR,,Non
2022,9500147,soufre pour pulverisation (micronise),7704-34-9,16201.0,Autre,,Oui
2022,9500150,isoxaben,82558-50-7,0.321,Env B,,Non
2022,9500150,oryzalin,19044-88-3,1.287,CMR,,Non
2022,9500152,cintofen,130561-48-7,1033.2,CMR,,Non
2022,9500158,anthraquinone,84-65-1,17.545,Autre,,Non
2022,9500158,fludioxonil,131341-86-1,1.7545,Env A,,Non
2022,9500158,tefluthrine,79538-32-2,7.018,Santé A,,Non
2022,9500159,glyphosate,1071-83-6,54.0,Env A,,Non
2022,9500199,propamocarbe hcl,25606-41-1,4590.115,Autre,,Non
2022,9500219,cyproconazole,94361-06-5,1.2,CMR,Exclusion,Non
2022,9500219,prochloraze,67747-09-5,4.5,Env A,,Non
2022,9500223,prochloraze,67747-09-5,1636.84222,Env A,,Non
2022,9500223,tebuconazole,107534-96-3,811.9865,CMR,,Non
2022,9500234,tetraconazole,112281-77-3,1445.04,Env A,,Oui
2022,9500281,"2,4-mcpa",94-74-6,167.958,Env A,,Non
2022,9500281,dicamba,1918-00-9,14.3964,Env B,,Non
2022,9500281,sulfate de fer (sulfate ferreux heptahydrate),7782-63-0,10317.42,Autre,,Non
2022,9500296,cire d'abeille,,0.75,Autre,,Oui
2022,9500296,colophane,8050-09-7,5.25,Autre,,Oui
2022,9500296,huile de resine,8050-18-8,6.0,Autre,,Oui
2022,9500296,huile de ricin,8001-79-4,3.0,Autre,,Oui
2022,9500302,cuivre du sulfate de cuivre,8011-63-0,5789.722,Env A,Substitution,Oui
2022,9500321,phosphure d'aluminium,20859-73-8,4125.408,Santé A,,Non
2022,9500323,phosphure d'aluminium,20859-73-8,11346.72,Santé A,,Non
2022,9500326,phosphure de magnesium,12057-74-8,228.0096,Santé A,,Non
2022,9500328,phosphure de magnesium,12057-74-8,1383.7824,Santé A,,Non
2022,9500341,soufre,7704-34-9,5771.048,Autre,,Oui
2022,9500349,cymoxanil,57966-95-7,264.0432,CMR,,Oui
2022,9500349,folpel,133-07-3,2204.76072,CMR,,Oui
2022,9500361,metamitrone,41394-05-2,11991.364,Env A,,Oui
2022,9500364,myclobutanil,88671-89-0,0.04725,CMR,,Non
2022,9500414,cypermethrine,52315-07-8,0.0985,Env A,,Non
2022,9500432,acrinathrine,101007-06-1,136.2,CMR,,Non
2022,9500452,cuivre du sulfate de cuivre,8011-63-0,57263.658,Env A,Substitution,Oui
2022,9500467,triclopyr,55335-06-3,67.607,Env B,,Non
2022,9500480,soufre pour pulverisation (micronise),7704-34-9,340.0,Autre,,Non
2022,9500484,"2,4-mcpa",94-74-6,3.96,Env A,,Non
2022,9500484,dicamba,1918-00-9,0.33,Env B,,Non
2022,9500485,"2,4-mcpa",94-74-6,118.044,Env A,,Non
2022,9500485,dicamba,1918-00-9,9.837,Env B,,Non
2022,9500541,prochloraze,67747-09-5,78.75,Env A,,Non
2022,9500562,glyphosate,1071-83-6,7.2,Env A,,Non
2022,9500568,cyprodinyl,121552-61-2,21961.61625,Env A,,Oui
2022,9500568,fludioxonil,131341-86-1,14641.0775,Env A,,Oui
2022,9500581,chlormequat chlorure,999-81-5,484.5,Autre,,Non
2022,9500581,ethephon,16672-87-0,242.25,Santé A,,Non
2022,9500595,"2,4-d",94-75-7,1718.85,Env B,,Non
2022,9500595,"2,4-mcpa",94-74-6,2005.325,Env A,,Non
2022,9500595,clopyralid,1702-17-6,401.065,Autre,,Non
2022,9500628,bentazone,25057-89-0,89524.6791,Env B,,Oui
2022,9500629,cyprodinyl,121552-61-2,1811.0,Env A,,Oui
2022,9500642,glyphosate,1071-83-6,1569.6,Env A,,Non
2022,9500645,difenoconazole,119446-68-3,0.25,Env A,,Non
2022,9500649,folpel,133-07-3,161206.2925,CMR,,Oui
2022,9500649,fosetyl-aluminium,39148-24-8,322412.585,Autre,,Oui
2022,9600001,cymoxanil,57966-95-7,4937.9344,CMR,,Non
2022,9600001,folpel,133-07-3,30862.09,CMR,,Non
2022,9600001,fosetyl-aluminium,39148-24-8,61724.18,Autre,,Non
2022,9600022,huile de vaseline,8042-47-5,47.40234,Autre,,Non
2022,9600025,fosetyl-aluminium,39148-24-8,25338.24,Autre,,Oui
2022,9600056,flupyrsulfuron-methyl,144740-54-5,0.333,Env A,,Non
2022,9600056,metsulfuron-methyl,74223-64-6,0.167,Env A,Substitution,Non
2022,9600091,carbetamide,16118-49-3,0.0945,CMR,Exclusion,Non
2022,9600091,oxadiazon,19666-30-9,0.126,Env A,,Non
2022,9600093,azoxystrobine,131860-33-8,105856.8075,Santé A,,Oui
2022,9600097,cuivre de l'hydroxyde de cuivre,20427-59-2,160.488,Santé A,Substitution,Non
2022,9600103,dimethomorphe,110488-70-5,10.8,Env A,Exclusion,Non
2022,9600103,mancozebe,8018-01-7,72.0,CMR,Exclusion,Non
2022,9600116,zirame,137-30-4,35264.0,Santé A,,Oui
2022,9600141,soufre pour pulverisation (micronise),7704-34-9,0.66,Autre,,Non
2022,9600147,anthraquinone,84-65-1,4.6425,Autre,,Non
2022,9600147,difenoconazole,119446-68-3,0.46425,Env A,,Non
2022,9600147,fludioxonil,131341-86-1,0.46425,Env A,,Non
2022,9600194,fenpropimorphe,67564-91-4,3.75,CMR,,Non
2022,9600194,quinoxyfene,124495-18-7,1.0005,Env A,,Non
2022,9600195,fenoxaprop-p-ethyl,71283-80-2,520.85685,Env A,,Non
2022,9600195,mefenpyr-diethyl,135590-91-9,141.537189,Autre,,Non
2022,9600197,carfentrazone ethyl,128639-02-1,1067.216,Env A,,Non
2022,9600197,metsulfuron-methyl,74223-64-6,266.804,Env A,Substitution,Non
2022,9600199,fosthiazate,98886-44-3,904.0,Santé A,,Oui
2022,9600229,fenpropidine,67306-00-7,79769.445,Env A,,Non
2022,9600232,folpel,133-07-3,100.0,CMR,,Non
2022,9600233,chlorotoluron,15545-48-9,5495.0,CMR,,Non
2022,9600273,clodinafop-propargyl,105512-06-9,6.0,Env A,,Non
2022,9600273,cloquintocet-mexyl,99607-70-2,1.5,Autre,,Non
2022,9600299,"2,4-d",94-75-7,0.0576,Env B,,Non
2022,9600299,fer sous forme de sulfate de fer,7720-78-7,2.016,Autre,,Non
2022,9600299,mecoprop (mcpp),7085-19-0,0.1152,Env A,,Non
2022,9600312,bromuconazole,116255-48-2,74.315,CMR,,Non
2022,9600312,tebuconazole,107534-96-3,47.615,CMR,,Non
2022,9600319,glyphosate,1071-83-6,1.152,Env A,,Non
2022,9600320,huile de vaseline,8042-47-5,10.2942,Autre,,Non
2022,9600344,azoxystrobine,131860-33-8,1.0,Santé A,,Oui
2022,9600344,fenpropimorphe,67564-91-4,2.8,CMR,,Oui
2022,9600368,fosetyl-aluminium,39148-24-8,2290.944,Autre,,Non
2022,9600368,metirame,9006-42-2,1405.696,Env A,,Non
2022,9600370,"2,4-mcpa",94-74-6,148999.543,Env A,,Oui
2022,9600370,clopyralid (sous forme de sel de monoethanolamine),57754-85-5,14899.9543,Autre,,Oui
2022,9600385,bifenthrine,82657-04-3,0.0004,CMR,,Non
2022,9600385,myclobutanil,88671-89-0,0.0015,CMR,,Non
2022,9600386,fosetyl-aluminium,39148-24-8,272.92,Autre,,Non
2022,9600390,glyphosate,1071-83-6,374684.04,Env A,,Non
2022,9600395,dithianon,3347-22-6,12357.226,Env A,,Non
2022,9600398,kresoxim-methyl,143390-89-0,546.795,CMR,,Non
2022,9600422,flurochloridone,61213-25-0,135.5,CMR,Exclusion,Non
2022,9600433,cymoxanil,57966-95-7,0.96,CMR,,Non
2022,9600433,folpel,133-07-3,6.0,CMR,,Non
2022,9600433,fosetyl-aluminium,39148-24-8,12.0,Autre,,Non
2022,9600434,folpel,133-07-3,4449.0,CMR,,Non
2022,9600434,fosetyl-aluminium,39148-24-8,8898.0,Autre,,Non
2022,9600488,cypermethrine,52315-07-8,0.00375,Env A,,Non
2022,9600512,folpel,133-07-3,106649.32,CMR,,Non
2022,9600512,fosetyl-aluminium,39148-24-8,106649.32,Autre,,Non
2022,9600516,fosetyl-aluminium,39148-24-8,163.8,Autre,,Non
2022,9600516,mancozebe,8018-01-7,163.8,CMR,Exclusion,Non
2022,9600526,acibenzolar-s-methyl,135158-54-2,88.38,Env A,,Non
2022,9600548,aclonifen,74070-46-5,5256.0,CMR,,Non
2022,9600548,isoxaflutole,141112-29-0,788.4,CMR,,Non
2022,9600550,diflufenicanil,83164-33-4,152.7696,Env B,,Non
2022,9600550,glyphosate,1071-83-6,954.81,Env A,,Non
2022,9700027,hexythiazox,78587-05-0,40.625,Env A,,Non
2022,9700060,difenoconazole,119446-68-3,3.5,Env A,,Non
2022,9700067,cuivre du sulfate de cuivre,8011-63-0,117.6,Env A,Substitution,Non
2022,9700067,folpel,133-07-3,294.0,CMR,,Non
2022,9700070,flazasulfuron,104040-78-0,1347.6275,Env A,,Non
2022,9700076,thiodicarbe,59669-26-0,2379.2,Autre,,Non
2022,9700110,fipronil,120068-37-3,0.0,Santé A,,Oui
2022,9700114,soufre pour pulverisation (micronise),7704-34-9,66748.0,Autre,,Non
2022,9700116,chlorothalonil,1897-45-6,136.5,CMR,,Non
2022,9700118,chlorophacinone,3691-35-8,"0,00006",Autre,,Non
2022,9700123,azimsulfuron,120162-55-2,0.4,Env A,,Non
2022,9700139,chlorotoluron,15545-48-9,60.0,CMR,,Non
2022,9700179,cyprodinyl,121552-61-2,0.1125,Env A,,Non
2022,9700179,fludioxonil,131341-86-1,0.075,Env A,,Non
2022,9700214,kresoxim-methyl,143390-89-0,251.56,CMR,,Non
2022,9700216,imidaclopride,138261-41-3,0.12,Env A,,Non
2022,9700232,dichlobenil,1194-65-6,8.37,Autre,,Non
2022,9700236,glyphosate,1071-83-6,37.8,Env A,,Oui
2022,9700278,alphamethrine,67375-30-8,1.2,Santé A,Substitution,Non
2022,9700282,nicosulfuron,111991-09-4,22.352,Env A,,Non
2022,9700320,clethodime,99129-21-2,26.4,Env B,,Non
2022,9700320,quizalofop-p-ethyl,100646-51-3,26.4,Env A,,Non
2022,9700329,cuivre de l'oxychlorure de cuivre,1332-40-7,3.0,Santé A,Substitution,Non
2022,9700329,cymoxanil,57966-95-7,0.3,CMR,,Non
2022,9700332,azoxystrobine,131860-33-8,15628.6025,Santé A,,Oui
2022,9700338,chlormequat chlorure,999-81-5,27.6,Autre,,Non
2022,9700343,metamitrone,41394-05-2,588.0,Env A,,Non
2022,9700350,clethodime,99129-21-2,54.5,Env B,,Non
2022,9700350,quizalofop-p-ethyl,100646-51-3,54.5,Env A,,Non
2022,9700352,spiroxamine,118134-30-8,24.0,CMR,,Non
2022,9700352,tebuconazole,107534-96-3,6.0,CMR,,Non
2022,9700354,metribuzine,21087-64-9,231.0,Env A,,Non
2022,9700355,gibberellines (a4+a7),8030-53-3,22.86,Autre,,Non
2022,9700357,6-benzyladenine,1214-39-7,13.36175,CMR,,Non
2022,9700357,gibberellines (a4+a7),8030-53-3,13.36175,Autre,,Non
2022,9700358,carbetamide,16118-49-3,0.0225,CMR,Exclusion,Non
2022,9700358,diflufenicanil,83164-33-4,0.00225,Env B,,Non
2022,9700358,oxadiazon,19666-30-9,0.045,Env A,,Non
2022,9700396,pyrimethanil,53112-28-0,0.8,Env A,,Non
2022,9700401,cuivre de l'hydroxyde de cuivre,20427-59-2,58099.3455,Santé A,Substitution,Non
2022,9700412,chlorotoluron,15545-48-9,60.0,CMR,,Non
2022,9700420,clethodime,99129-21-2,9.6,Env B,,Non
2022,9700442,tebuconazole,107534-96-3,0.9,CMR,,Non
2022,9700442,triadimenol,55219-65-3,0.3,CMR,Exclusion,Non
2022,9700448,soufre pour pulverisation (micronise),7704-34-9,20244.0,Autre,,Non
2022,9700454,soufre pour pulverisation (micronise),7704-34-9,240.0,Autre,,Non
2022,9700463,dimethomorphe,110488-70-5,465.39502,Env A,Exclusion,Non
2022,9700463,folpel,133-07-3,2471.124,CMR,,Non
2022,9700519,huile de vaseline,8042-47-5,43599.205,Autre,,Non
2022,9700551,cymoxanil,57966-95-7,0.96,CMR,,Non
2022,9700551,metirame-zinc,9006-42-2,12.8,Env A,,Non
2022,9700552,fenazaquin,120928-09-8,8.2,Santé A,,Non
2022,9700558,ethephon,16672-87-0,38.4,Santé A,,Non
2022,9700578,metamitrone,41394-05-2,483.0,Env A,,Non
2022,9800018,clomazone,81777-89-1,12583.116,Env A,,Non
2022,9800018,dimethachlore,50563-36-5,78644.475,Env A,,Non
2022,9800018,napropamide,15299-99-7,78644.475,Env A,,Non
2022,9800076,"cydia pomonella granulosis, isolat m (cpvg m)",,,Autre,,Non
2022,9800085,cycloxydime,101205-02-1,1452.2,CMR,,Non
2022,9800093,amitrole,61-82-5,20.61,CMR,,Non
2022,9800093,thiocyanate d'ammonium,1762-95-4,19.35,Autre,,Non
2022,9800096,huile de paraffine,64742-46-7,329425.28,Autre,,Non
2022,9800098,metamitrone,41394-05-2,23695.2,Env A,,Non
2022,9800100,chlorotoluron,15545-48-9,290251.549,CMR,,Oui
2022,9800106,metribuzine,21087-64-9,9888.634,Env A,,Oui
2022,9800107,diflufenicanil,83164-33-4,3.052,Env B,,Non
2022,9800107,glyphosate,1071-83-6,19.075,Env A,,Non
2022,9800120,chlorhydrate de poly-imino-imido biguanidine,91403-50-8,5.9,Autre,,Non
2022,9800120,chlorures n-alkyl dimethyl benzyl ammonium,68424-85-1,14.75,Autre,,Non
2022,9800126,flufenacet,142459-58-3,11323.02,Env A,,Oui
2022,9800126,metribuzine,21087-64-9,8256.36825,Env A,,Oui
2022,9800144,indoxacarbe,173584-44-6,653.343,Santé A,,Oui
2022,9800168,fludioxonil,131341-86-1,55.425,Env A,,Non
2022,9800168,metalaxyl-m,70630-17-0,44.34,Autre,,Non
2022,9800182,s-metolachlore,87392-12-9,331718.688,Env A,,Oui
2022,9800185,bacillus thuringiensis serotype 3a 3b,68038-71-1,0.6,Autre,,Non
2022,9800198,quinoxyfene,124495-18-7,4.5,Env A,,Non
2022,9800201,"2,4-mcpa",94-74-6,270.81,Env A,,Non
2022,9800201,dichlorprop-p,15165-67-0,270.81,Autre,,Non
2022,9800201,glyphosate,1071-83-6,361.08,Env A,,Non
2022,9800207,methiocarbe,2032-65-7,83.1708,Santé A,,Non
2022,9800210,phenmediphame,13684-63-4,14045.595216,Env A,,Non
2022,9800219,ethephon,16672-87-0,2007.48,Santé A,,Non
2022,9800235,glyphosate,1071-83-6,608.4,Env A,,Non
2022,9800236,glyphosate,1071-83-6,3.6,Env A,,Non
2022,9800244,fenhexamid,126833-17-8,7076.415,Env A,,Oui
2022,9800245,soufre pour pulverisation (micronise),7704-34-9,3861125.31848,Autre,,Oui
2022,9800259,benoxacor,98730-04-2,9164.92275,Autre,,Non
2022,9800259,s-metolachlore,87392-12-9,186353.42925,Env A,,Non
2022,9800262,flazasulfuron,104040-78-0,365.11,Env A,,Oui
2022,9800277,florasulame,145701-23-1,345.421,Env A,,Oui
2022,9800280,bacillus thuringiensis sp. tenebrionis,68038-71-1,0.4485,Autre,,Non
2022,9800289,metalaxyl-m,70630-17-0,1535.7415,Autre,,Oui
2022,9800294,glyphosate,1071-83-6,2498.4,Env A,,Non
2022,9800304,cuivre de l'hydroxyde de cuivre,20427-59-2,11824.014,Santé A,Substitution,Non
2022,9800307,chlorure de didecyl dimethyl ammonium,7173-51-5,0.0459,Autre,,Non
2022,9800320,acibenzolar-s-methyl,135158-54-2,85.076,Env A,,Non
2022,9800320,metalaxyl-m,70630-17-0,824.38644,Autre,,Non
2022,9800327,bentazone,25057-89-0,26.4,Env B,,Non
2022,9800330,bentazone,25057-89-0,2.61,Env B,,Non
2022,9800336,lambda-cyhalothrine,91465-08-6,30328.936,Santé A,Substitution,Oui
2022,9800337,imazamox,114311-32-9,110.053,Env A,Substitution,Non
2022,9800337,pendimethaline,40487-42-1,1647.5,Env A,Substitution,Non
2022,9800343,clomazone,81777-89-1,2581.1412,Env A,,Non
2022,9800343,dimethachlore,50563-36-5,21509.51,Env A,,Non
2022,9800344,fludioxonil,131341-86-1,124.69425,Env A,,Non
2022,9800344,metalaxyl-m,70630-17-0,48.381369,Autre,,Non
2022,9800347,fluroxypyr-meptyl,81406-37-3,72.5184,Env A,,Non
2022,9800347,triclopyr,55335-06-3,151.08,Env B,,Non
2022,9800374,sulfosulfuron,141776-32-1,280.464,Env A,,Non
2022,9800392,dodine,2439-10-3,68.0,Env A,,Non
2022,9800395,cuivre du sulfate de cuivre,8011-63-0,21.0,Env A,Substitution,Non
2022,9800396,huile minerale paraffinique,8042-47-5,4.0,Autre,,Non
2022,9800400,cuivre du sulfate de cuivre,8011-63-0,210.0,Env A,Substitution,Non
2022,9800400,cymoxanil,57966-95-7,33.6,CMR,,Non
2022,9800400,mancozebe,8018-01-7,280.0,CMR,Exclusion,Non
2022,9800401,huile de vaseline,8042-47-5,5.23697,Autre,,Non
2022,9800402,huile de vaseline,8042-47-5,44.59186,Autre,,Non
2022,9800414,pyrimethanil,53112-28-0,242.0,Env A,,Non
2022,9800420,spiroxamine,118134-30-8,35448.02,CMR,,Oui
2022,9800421,spiroxamine,118134-30-8,840.825,CMR,,Non
2022,9800432,"2,4-mcpa",94-74-6,12.8016,Env A,,Non
2022,9800432,clopyralid,1702-17-6,1.1184,Autre,,Non
2022,9800432,fluroxypyr,69377-81-7,2.88,Env B,,Non
2022,9800452,fenpropidine,67306-00-7,0.5,Env A,,Non
2022,9800452,propiconazole,60207-90-1,0.125,CMR,Exclusion,Non
2022,9800453,cyproconazole,94361-06-5,6.4,CMR,Exclusion,Non
2022,9800453,prochloraze,67747-09-5,24.0,Env A,,Non
2022,9800458,propaquizafop,111479-05-1,910.8,Env A,,Non
2022,9800466,myclobutanil,88671-89-0,11.6,CMR,,Non
2022,9800474,cuivre du sulfate de cuivre,8011-63-0,289057.10608,Env A,Substitution,Oui
2022,9800477,bentazone,25057-89-0,1.6,Env B,,Non
2022,9800477,dicamba,1918-00-9,0.45,Env B,,Non
2022,9800481,fleur de chaux (chaux eteinte),1305-62-0,26713.7585,Autre,,Non
2022,9800483,flazasulfuron,104040-78-0,12.6,Env A,,Non
2022,9800484,etoxazole,153233-91-1,164.67,Env A,Substitution,Non
2022,9800496,clopyralid,1702-17-6,23.0,Autre,,Non
2022,9800514,flazasulfuron,104040-78-0,5.935,Env A,,Non
2022,9800555,glyphosate,1071-83-6,18.0,Env A,,Non
2022,9900013,cuivre du sulfate de cuivre,8011-63-0,3.0,Env A,Substitution,Non
2022,9900014,cypermethrine,52315-07-8,72.525,Env A,,Non
2022,9900016,bromoxynil octanoate,1689-99-2,2.25,CMR,Exclusion,Non
2022,9900037,trifloxystrobine,141517-21-7,7735.815,Env A,,Non
2022,9900047,mesotrione,104206-82-8,14510.788,CMR,,Oui
2022,9900081,mepanipyrim,110235-47-7,838.88,CMR,,Non
2022,9900087,cuivre du sulfate de cuivre,8011-63-0,43.2,Env A,Substitution,Non
2022,9900087,mancozebe,8018-01-7,108.0,CMR,Exclusion,Non
2022,9900092,tebufenozide,112410-23-8,303.6,Env A,,Non
2022,9900115,clethodime,99129-21-2,42820.308,Env B,,Oui
2022,9900119,isoxaben,82558-50-7,0.00728,Env B,,Non
2022,9900119,oryzalin,19044-88-3,0.03024,CMR,,Non
2022,9900123,1-dodecanol,112-53-8,347.65578,Env A,,Non
2022,9900123,1-tetradecanol,112-72-1,80.66523,Env A,,Non
2022,9900123,"e8,e10-dodecadiene-1-ol",33956-49-9,595.33212,Env A,,Non
2022,9900129,anthraquinone,84-65-1,216.45,Autre,,Non
2022,9900129,prochloraze,67747-09-5,65.0,Env A,,Non
2022,9900129,triticonazole,131983-72-7,15.145,Env A,,Non
2022,9900134,fenbuconazole,114369-43-6,0.06,Env A,,Non
2022,9900154,chlorpyriphos-ethyl,2921-88-2,17.0,Santé A,,Non
2022,9900158,glyphosate,1071-83-6,775.8,Env A,,Non
2022,9900184,glyphosate,1071-83-6,6.3,Env A,,Non
2022,9900189,coniothyrium minitans souche con/m/91-08,,,Autre,,Non
2022,9900202,amidosulfuron,120923-37-7,1613.9075,Env A,,Non
2022,9900202,iodosulfuron-methyl-sodium,144550-36-7,161.39075,Env A,,Non
2022,9900202,mefenpyr-diethyl,135590-91-9,1613.9075,Autre,,Non
2022,9900206,picoxystrobine,117428-22-5,19.25,CMR,,Non
2022,9900227,cuivre de l'hydroxyde de cuivre,20427-59-2,119398.92,Santé A,Substitution,Non
2022,9900242,mancozebe,8018-01-7,345.0,CMR,Exclusion,Non
2022,9900251,dimethenamide-p (dmta-p),163515-14-8,532505.2248,Env A,,Oui
2022,9900257,cuivre du sulfate de cuivre,8011-63-0,22051.02,Env A,Substitution,Oui
2022,9900262,flazasulfuron,104040-78-0,48.45,Env A,,Non
2022,9900282,cuivre de l'oxychlorure de cuivre,1332-40-7,19.82695,Santé A,Substitution,Non
2022,9900289,fenhexamid,126833-17-8,29.75,Env A,,Non
2022,9900331,chlorothalonil,1897-45-6,2.5,CMR,,Non
2022,9900331,metalaxyl-m,70630-17-0,0.1815,Autre,,Non
2022,9900340,pendimethaline,40487-42-1,63326.864,Env A,Substitution,Non
2022,9900340,picolinafen,137641-05-5,3166.3432,Env A,,Non
2022,9900350,imidaclopride,138261-41-3,0.56,Env A,,Non
2022,9900350,tefluthrine,79538-32-2,0.02492,Santé A,,Non
2022,9900353,cuivre du sulfate de cuivre,8011-63-0,0.8,Env A,Substitution,Oui
2022,9900353,cymoxanil,57966-95-7,0.16,CMR,,Oui
2022,9900353,famoxadone,131807-57-3,0.08,Env A,,Oui
2022,9900354,cuivre de l'hydroxyde de cuivre,20427-59-2,14731.5,Santé A,Substitution,Non
2022,9900360,sulfate de fer (sulfate ferreux heptahydrate),7782-63-0,23.75,Autre,,Non
2022,9900371,nitrate de baryum,10022-31-8,23.480985,Autre,,Non
2022,9900371,soufre triture ventile,7704-34-9,11.75106,Autre,,Non
2022,9900390,huile de vaseline,8042-47-5,32.68,Autre,,Non
2022,9900394,latex synthetique,52831-07-9,9.207,Autre,,Oui
2022,9900395,arsenic du dimethylarsinate de sodium,124-65-2,0.54,Autre,,Oui
2022,9900398,dimethomorphe,110488-70-5,30.736,Env A,Exclusion,Non
2022,9900398,folpel,133-07-3,163.2,CMR,,Non
2022,9900401,"2,4-mcpa",94-74-6,1.6,Env A,,Non
2022,9900401,dichlorprop-p,15165-67-0,3.1,Autre,,Non
2022,9900401,mecoprop-p (mcpp-p),16484-77-8,1.3,Env A,,Non
2022,9900411,fluroxypyr,69377-81-7,53.0,Env B,,Non
2022,9900412,fluroxypyr,69377-81-7,1017.58,Env B,,Non
2022,9900446,cymoxanil,57966-95-7,7214.10701,CMR,,Oui
2022,9900446,fludioxonil,131341-86-1,3607.053505,Env A,,Oui
2022,9900446,metalaxyl-m,70630-17-0,12235.125289,Autre,,Oui
