"annee";"code_postal_acheteur";"amm";"substance";"cas";"quantite_substance";"classification";"classification_mention";"achat_etranger"
2022;"20000";"2010023";"deltamethrine";"52918-63-5";"0.45";"Santé A";"";"Non"
2022;"20000";"2010296";"2,4-mcpa";"94-74-6";"0.625";"Env A";"";"Non"
2022;"20000";"2010296";"dicamba";"1918-00-9";"0.25";"Env B";"";"Non"
2022;"20000";"2010296";"dichlorprop-p";"15165-67-0";"1.125";"Autre";"";"Non"
2022;"20000";"2010513";"bacillus thuringiensis ssp kurstaki souche abts-351";"68038-71-1";"";"Autre";"";"Non"
2022;"20000";"2050046";"flonicamide";"158062-67-0";"1";"Autre";"";"Non"
2022;"20000";"2080060";"pyriproxyfene";"95737-68-1";"1.4";"Env A";"";"Non"
2022;"20000";"2090093";"glyphosate";"1071-83-6";"54";"Env A";"";"Non"
2022;"20000";"2090188";"glyphosate";"1071-83-6";"7.2";"Env A";"";"Non"
2022;"20000";"2090199";"huile de colza";"8002-13-9";"0.24759";"Autre";"";"Non"
2022;"20000";"2090199";"pyrethrines";"8003-34-7";"0.001377";"Env A";"";"Non"
2022;"20000";"2110086";"spirotetramat";"203313-25-1";"4";"CMR";"";"Non"
2022;"20000";"2130083";"lambda-cyhalothrine";"91465-08-6";"0.3";"Santé A";"Substitution";"Non"
2022;"20000";"2140085";"abamectine";"71751-41-2";"0.45";"CMR";"";"Non"
2022;"20000";"2150140";"glyphosate";"1071-83-6";"57.6";"Env A";"";"Non"
2022;"20000";"2170412";"huile essentielle d'orange douce";"8028-48-6";"0.6";"Env A";"";"Non"
2022;"20000";"5100219";"soufre sublime";"7704-34-9";"49.5";"Autre";"";"Non"
2022;"20000";"8100472";"pyrimiphos-methyl";"29232-93-7";"0.25";"Santé A";"";"Non"
2022;"20000";"9000222";"soufre";"7704-34-9";"7";"Autre";"";"Non"
2022;"20000";"9100296";"2,4-d";"94-75-7";"60";"Env B";"";"Non"
2022;"20000";"9200235";"huile minerale paraffinique";"8042-47-5";"379.2";"Autre";"";"Non"
2022;"20000";"9300504";"huile de vaseline";"8042-47-5";"114.38";"Autre";"";"Non"
2022;"20000";"9500452";"cuivre du sulfate de cuivre";"8011-63-0";"3";"Env A";"Substitution";"Non"
2022;"20000";"9600025";"fosetyl-aluminium";"39148-24-8";"24";"Autre";"";"Non"
2022;"20000";"9800336";"lambda-cyhalothrine";"91465-08-6";"0.6";"Santé A";"Substitution";"Non"
2022;"20000";"9800474";"cuivre du sulfate de cuivre";"8011-63-0";"3";"Env A";"Substitution";"Non"
2022;"20000";"9900227";"cuivre de l'hydroxyde de cuivre";"20427-59-2";"8";"Santé A";"Substitution";"Non"
2022;"20090";"2010023";"deltamethrine";"52918-63-5";"0.225";"Santé A";"";"Non"
2022;"20090";"2010296";"2,4-mcpa";"94-74-6";"0.625";"Env A";"";"Non"
2022;"20090";"2010296";"dicamba";"1918-00-9";"0.25";"Env B";"";"Non"
2022;"20090";"2010296";"dichlorprop-p";"15165-67-0";"1.125";"Autre";"";"Non"
2022;"20090";"2030332";"2,4-d";"94-75-7";"1.2";"Env B";"";"Non"
2022;"20090";"2030332";"dichlorprop-p";"15165-67-0";"0.6";"Autre";"";"Non"
2022;"20090";"2050046";"flonicamide";"158062-67-0";"0.25";"Autre";"";"Non"
2022;"20090";"2060085";"boscalid";"188425-85-6";"0.2";"Env A";"";"Non"
2022;"20090";"2060085";"kresoxim-methyl";"143390-89-0";"0.1";"CMR";"";"Non"
2022;"20090";"2060098";"spinosad";"168316-95-8";"0.24";"Env A";"";"Non"
2022;"20090";"2060130";"spinosad";"168316-95-8";"0.00024";"Env A";"";"Non"
2022;"20090";"2090119";"cuivre du sulfate tribasique";"12527-76-3";"3.8";"Env A";"Substitution";"Non"
2022;"20090";"2100038";"kaolin";"1332-58-7";"125";"Autre";"";"Non"
2022;"20090";"2100114";"cyprodinyl";"121552-61-2";"1.875";"Env A";"";"Non"
2022;"20090";"2100114";"fludioxonil";"131341-86-1";"1.25";"Env A";"";"Non"
2022;"20090";"2100122";"chlorantraniliprole";"500008-45-7";"0.21";"Env A";"";"Non"
2022;"20090";"2110141";"dimethomorphe";"110488-70-5";"0.36";"Env A";"Exclusion";"Non"
2022;"20090";"2110141";"pyraclostrobine";"175013-18-0";"0.2";"Santé A";"";"Non"
2022;"20090";"2120048";"aminopyralid";"150114-71-9";"0.33";"Env A";"";"Non"
2022;"20090";"2120048";"triclopyr";"55335-06-3";"2.64";"Env B";"";"Non"
2022;"20090";"2120219";"tebuconazole";"107534-96-3";"0.36";"CMR";"";"Non"
2022;"20090";"2120219";"trifloxystrobine";"141517-21-7";"0.18";"Env A";"";"Non"
2022;"20090";"2130115";"deltamethrine";"52918-63-5";"0.000264";"Santé A";"";"Non"
2022;"20090";"2140085";"abamectine";"71751-41-2";"0.072";"CMR";"";"Non"
2022;"20090";"2150140";"glyphosate";"1071-83-6";"108";"Env A";"";"Non"
2022;"20090";"2160226";"phosphate ferrique";"10045-86-0";"0.484";"Autre";"";"Non"
2022;"20090";"2171089";"spinosad";"168316-95-8";"0.048";"Env A";"";"Non"
2022;"20090";"2180334";"difenoconazole";"119446-68-3";"1.32495";"Env A";"";"Non"
2022;"20090";"2180334";"fludioxonil";"131341-86-1";"1.32495";"Env A";"";"Non"
2022;"20090";"2180735";"spinetoram";"935545-74-7";"0.125";"CMR";"";"Non"
2022;"20090";"2190054";"spinosad";"168316-95-8";"0.48";"Env A";"";"Non"
2022;"20090";"2190198";"soufre pour pulverisation (micronise)";"7704-34-9";"8";"Autre";"";"Non"
2022;"20090";"5100219";"soufre sublime";"7704-34-9";"396";"Autre";"";"Non"
2022;"20090";"8100472";"pyrimiphos-methyl";"29232-93-7";"0.5";"Santé A";"";"Non"
2022;"20090";"8400528";"isoxaben";"82558-50-7";"0.625";"Env B";"";"Non"
2022;"20090";"9000222";"soufre";"7704-34-9";"168";"Autre";"";"Non"
2022;"20090";"9300504";"huile de vaseline";"8042-47-5";"20.425";"Autre";"";"Non"
2022;"20090";"9500199";"propamocarbe hcl";"25606-41-1";"0.722";"Autre";"";"Non"
2022;"20090";"9500452";"cuivre du sulfate de cuivre";"8011-63-0";"15";"Env A";"Substitution";"Non"
2022;"20090";"9700332";"azoxystrobine";"131860-33-8";"0.5";"Santé A";"";"Non"
2022;"20090";"9800336";"lambda-cyhalothrine";"91465-08-6";"1.9";"Santé A";"Substitution";"Non"
2022;"20090";"9900227";"cuivre de l'hydroxyde de cuivre";"20427-59-2";"4";"Santé A";"Substitution";"Non"
2022;"20100";"2000018";"soufre pour pulverisation (micronise)";"7704-34-9";"208";"Autre";"";"Non"
2022;"20100";"2000316";"esfenvalerate";"66230-04-4";"0.15";"Santé A";"Substitution";"Non"
2022;"20100";"2010023";"deltamethrine";"52918-63-5";"0.870";"Santé A";"";"Non"
2022;"20100";"2010513";"bacillus thuringiensis ssp kurstaki souche abts-351";"68038-71-1";"";"Autre";"";"Non"
2022;"20100";"2020219";"fenoxaprop-p-ethyl";"71283-80-2";"0.414";"Env A";"";"Non"
2022;"20100";"2020241";"bacillus thuringiensis ssp aizawai souche abts-1857";"68038-71-1";"0.54";"Autre";"";"Non"
2022;"20100";"2050046";"flonicamide";"158062-67-0";"2";"Autre";"";"Non"
2022;"20100";"2060084";"boscalid";"188425-85-6";"2.67";"Env A";"";"Non"
2022;"20100";"2060084";"pyraclostrobine";"175013-18-0";"0.67";"Santé A";"";"Non"
2022;"20100";"2060085";"boscalid";"188425-85-6";"0.4";"Env A";"";"Non"
2022;"20100";"2060085";"kresoxim-methyl";"143390-89-0";"0.2";"CMR";"";"Non"
2022;"20100";"2060098";"spinosad";"168316-95-8";"10.8";"Env A";"";"Non"
2022;"20100";"2070107";"fosetyl";"15845-66-6";"3.1";"Autre";"";"Non"
2022;"20100";"2070107";"propamocarbe";"24579-73-5";"5.3";"Autre";"";"Non"
2022;"20100";"2070133";"napropamide";"15299-99-7";"11.25";"Env A";"";"Non"
2022;"20100";"2080102";"azoxystrobine";"131860-33-8";"2";"Santé A";"";"Non"
2022;"20100";"2080102";"difenoconazole";"119446-68-3";"1.25";"Env A";"";"Non"
2022;"20100";"2080105";"glyphosate";"1071-83-6";"7.2";"Env A";"";"Non"
2022;"20100";"2080136";"pyridate";"55512-33-9";"1.8";"Env A";"";"Non"
2022;"20100";"2090119";"cuivre du sulfate tribasique";"12527-76-3";"23.75";"Env A";"Substitution";"Non"
2022;"20100";"2090127";"huile essentielle d'orange douce";"8028-48-6";"0.3";"Env A";"";"Non"
2022;"20100";"2100112";"ethephon";"16672-87-0";"9.6";"Santé A";"";"Non"
2022;"20100";"2100122";"chlorantraniliprole";"500008-45-7";"0.63";"Env A";"";"Non"
2022;"20100";"2100181";"fluopicolide";"239110-15-7";"1.0656";"Env A";"";"Non"
2022;"20100";"2100181";"fosetyl-aluminium";"39148-24-8";"16.0008";"Autre";"";"Non"
2022;"20100";"2100231";"emamectine benzoate";"155569-91-8";"0.095";"Santé A";"";"Non"
2022;"20100";"2110073";"indoxacarbe";"173584-44-6";"1.05";"Santé A";"";"Non"
2022;"20100";"2110101";"pyraflufen-ethyl";"129630-19-9";"0.265";"Env A";"";"Non"
2022;"20100";"2110102";"difenoconazole";"119446-68-3";"0.03375";"Env A";"";"Non"
2022;"20100";"2110102";"fludioxonil";"131341-86-1";"0.03375";"Env A";"";"Non"
2022;"20100";"2110102";"sedaxane";"874967-67-6";"0.0675";"CMR";"";"Non"
2022;"20100";"2110141";"dimethomorphe";"110488-70-5";"0.36";"Env A";"Exclusion";"Non"
2022;"20100";"2110141";"pyraclostrobine";"175013-18-0";"0.2";"Santé A";"";"Non"
2022;"20100";"2120048";"aminopyralid";"150114-71-9";"0.3";"Env A";"";"Non"
2022;"20100";"2120048";"triclopyr";"55335-06-3";"2.4";"Env B";"";"Non"
2022;"20100";"2120158";"kaolin";"1332-58-7";"79.2";"Autre";"";"Non"
2022;"20100";"2120219";"tebuconazole";"107534-96-3";"0.3";"CMR";"";"Non"
2022;"20100";"2120219";"trifloxystrobine";"141517-21-7";"0.15";"Env A";"";"Non"
2022;"20100";"2130152";"fluopyram";"658066-35-4";"2";"Env A";"";"Non"
2022;"20100";"2130152";"trifloxystrobine";"141517-21-7";"2";"Env A";"";"Non"
2022;"20100";"2140085";"abamectine";"71751-41-2";"0.09";"CMR";"";"Non"
2022;"20100";"2140127";"cymoxanil";"57966-95-7";"3.63";"CMR";"";"Non"
2022;"20100";"2140127";"zoxamide";"156052-68-5";"3.63";"Env A";"";"Non"
2022;"20100";"2140201";"cyflufenamid";"180409-60-3";"0.15";"Env A";"";"Non"
2022;"20100";"2140201";"difenoconazole";"119446-68-3";"1.25";"Env A";"";"Non"
2022;"20100";"2140215";"(z)-9-dodecenylacetate";"16974-11-1";"1.6498";"Env A";"";"Non"
2022;"20100";"2140215";"e7,z9-dodecadienylacetate";"54364-62-4";"1.5841";"Env A";"";"Non"
2022;"20100";"2150067";"phosphonate de disodium";"13708-85-5";"25";"Autre";"";"Non"
2022;"20100";"2150140";"glyphosate";"1071-83-6";"86.4";"Env A";"";"Non"
2022;"20100";"2150387";"ametoctradine";"865318-97-4";"6.9";"Env A";"";"Non"
2022;"20100";"2150387";"dimethomorphe";"110488-70-5";"5.175";"Env A";"Exclusion";"Non"
2022;"20100";"2150914";"fosetyl-aluminium";"39148-24-8";"8";"Autre";"";"Non"
2022;"20100";"2150968";"2,4-d";"94-75-7";"3.5";"Env B";"";"Non"
2022;"20100";"2150968";"dicamba";"1918-00-9";"0.5";"Env B";"";"Non"
2022;"20100";"2160395";"fenbuconazole";"114369-43-6";"0.25";"Env A";"";"Non"
2022;"20100";"2160395";"tetraconazole";"112281-77-3";"0.25";"Env A";"";"Non"
2022;"20100";"2160397";"fluopyram";"658066-35-4";"1.6";"Env A";"";"Non"
2022;"20100";"2171073";"flazasulfuron";"104040-78-0";"0.3";"Env A";"";"Non"
2022;"20100";"2171119";"mandipropamide";"374726-62-2";"3";"Env A";"";"Non"
2022;"20100";"2171119";"zoxamide";"156052-68-5";"2.88";"Env A";"";"Non"
2022;"20100";"2171200";"bicarbonate de potassium";"298-14-6";"49.745";"Autre";"";"Non"
2022;"20100";"2180335";"trinexapac-ethyl";"95266-40-3";"1.3968";"Env A";"";"Non"
2022;"20100";"2190054";"spinosad";"168316-95-8";"5.28";"Env A";"";"Non"
2022;"20100";"2190198";"soufre pour pulverisation (micronise)";"7704-34-9";"664";"Autre";"";"Non"
2022;"20100";"5100219";"soufre sublime";"7704-34-9";"3192.75";"Autre";"";"Non"
2022;"20100";"7200313";"alcools terpeniques";"98-55-5";"13.3";"Autre";"";"Non"
2022;"20100";"7600008";"bupirimate";"41483-43-6";"1.25";"CMR";"";"Non"
2022;"20100";"8400528";"isoxaben";"82558-50-7";"1.25";"Env B";"";"Non"
2022;"20100";"8700462";"prosulfocarbe";"52888-80-9";"4";"Env A";"";"Non"
2022;"20100";"8900564";"tau-fluvalinate";"102851-06-9";"1.2";"Env A";"";"Non"
2022;"20100";"8900681";"pendimethaline";"40487-42-1";"4";"Env A";"Substitution";"Non"
2022;"20100";"9000069";"ethofumesate";"26225-79-6";"2.5";"Env A";"";"Non"
2022;"20100";"9000222";"soufre";"7704-34-9";"1771";"Autre";"";"Non"
2022;"20100";"9000490";"cycloxydime";"101205-02-1";"2.5";"CMR";"";"Non"
2022;"20100";"9200159";"pyrimethanil";"53112-28-0";"2.4";"Env A";"";"Non"
2022;"20100";"9300504";"huile de vaseline";"8042-47-5";"98.04";"Autre";"";"Non"
2022;"20100";"9400085";"etofenprox";"80844-07-1";"2.875";"Santé A";"";"Non"
2022;"20100";"9500452";"cuivre du sulfate de cuivre";"8011-63-0";"51";"Env A";"Substitution";"Non"
2022;"20100";"9500568";"cyprodinyl";"121552-61-2";"1.125";"Env A";"";"Non"
2022;"20100";"9500568";"fludioxonil";"131341-86-1";"0.75";"Env A";"";"Non"
2022;"20100";"9500595";"2,4-d";"94-75-7";"2.25";"Env B";"";"Non"
2022;"20100";"9500595";"2,4-mcpa";"94-74-6";"2.625";"Env A";"";"Non"
2022;"20100";"9500595";"clopyralid";"1702-17-6";"0.525";"Autre";"";"Non"
2022;"20100";"9600025";"fosetyl-aluminium";"39148-24-8";"4.8";"Autre";"";"Non"
2022;"20100";"9700332";"azoxystrobine";"131860-33-8";"1.25";"Santé A";"";"Non"
2022;"20100";"9800262";"flazasulfuron";"104040-78-0";"0.05";"Env A";"";"Non"
2022;"20100";"9800304";"cuivre de l'hydroxyde de cuivre";"20427-59-2";"1.5";"Santé A";"Substitution";"Non"
2022;"20100";"9800336";"lambda-cyhalothrine";"91465-08-6";"1.6";"Santé A";"Substitution";"Non"
2022;"20100";"9800474";"cuivre du sulfate de cuivre";"8011-63-0";"60";"Env A";"Substitution";"Non"
2022;"20100";"9900227";"cuivre de l'hydroxyde de cuivre";"20427-59-2";"252";"Santé A";"Substitution";"Non"
2022;"20110";"2000018";"soufre pour pulverisation (micronise)";"7704-34-9";"560";"Autre";"";"Non"
2022;"20110";"2000125";"cuivre du sulfate de cuivre";"8011-63-0";"1.2";"Env A";"Substitution";"Non"
2022;"20110";"2030175";"bacillus thuringiensis ssp kurstaki souche sa-11";"68038-71-1";"0.17";"Autre";"";"Non"
2022;"20110";"2060034";"kaolin";"1332-58-7";"570";"Autre";"";"Non"
2022;"20110";"2070107";"fosetyl";"15845-66-6";"0.31";"Autre";"";"Non"
2022;"20110";"2070107";"propamocarbe";"24579-73-5";"0.53";"Autre";"";"Non"
2022;"20110";"2090146";"abamectine";"71751-41-2";"0.000015";"CMR";"";"Non"
2022;"20110";"2090146";"pyrethrines";"8003-34-7";"0.0002";"Env A";"";"Non"
2022;"20110";"2090199";"huile de colza";"8002-13-9";"0.8253";"Autre";"";"Non"
2022;"20110";"2090199";"pyrethrines";"8003-34-7";"0.00459";"Env A";"";"Non"
2022;"20110";"2110149";"huile de colza";"8002-13-9";"0.51376";"Autre";"";"Non"
2022;"20110";"2110180";"cuivre de l'oxyde cuivreux";"1317-39-1";"4.5";"Env A";"Substitution";"Non"
2022;"20110";"2140121";"acide pelargonique";"112-05-0";"5.70216";"Autre";"";"Non"
2022;"20110";"2140167";"acide decanoique";"334-48-5";"0.263868";"Env B";"";"Non"
2022;"20110";"2140167";"acide octanoique";"124-07-2";"0.395802";"Env B";"";"Non"
2022;"20110";"2140193";"sulfate de fer (sulfate ferreux heptahydrate)";"7782-63-0";"0.187";"Autre";"";"Non"
2022;"20110";"2140215";"(z)-9-dodecenylacetate";"16974-11-1";"5.9777";"Env A";"";"Non"
2022;"20110";"2140215";"e7,z9-dodecadienylacetate";"54364-62-4";"5.73965";"Env A";"";"Non"
2022;"20110";"2140252";"phosphate ferrique";"10045-86-0";"0.03875";"Autre";"";"Non"
2022;"20110";"2150140";"glyphosate";"1071-83-6";"7.2";"Env A";"";"Non"
2022;"20110";"2160115";"acide pelargonique";"112-05-0";"5.928387";"Autre";"";"Non"
2022;"20110";"2171067";"bicarbonate de potassium";"298-14-6";"0.057375";"Autre";"";"Non"
2022;"20110";"2189993";"cuivre du sulfate de cuivre";"8011-63-0";"2.94";"Env A";"Substitution";"Non"
2022;"20110";"5100219";"soufre sublime";"7704-34-9";"3564";"Autre";"";"Non"
2022;"20110";"9000222";"soufre";"7704-34-9";"847";"Autre";"";"Non"
2022;"20110";"9100296";"2,4-d";"94-75-7";"6";"Env B";"";"Non"
2022;"20110";"9500147";"soufre pour pulverisation (micronise)";"7704-34-9";"10.76";"Autre";"";"Non"
2022;"20110";"9500302";"cuivre du sulfate de cuivre";"8011-63-0";"5";"Env A";"Substitution";"Non"
2022;"20110";"9500452";"cuivre du sulfate de cuivre";"8011-63-0";"195";"Env A";"Substitution";"Non"
2022;"20110";"9600199";"fosthiazate";"98886-44-3";"2";"Santé A";"";"Non"
2022;"20110";"9800474";"cuivre du sulfate de cuivre";"8011-63-0";"3";"Env A";"Substitution";"Non"
2022;"20111";"2010023";"deltamethrine";"52918-63-5";"0.075";"Santé A";"";"Non"
2022;"20111";"2030332";"2,4-d";"94-75-7";"1.2";"Env B";"";"Non"
2022;"20111";"2030332";"dichlorprop-p";"15165-67-0";"0.6";"Autre";"";"Non"
2022;"20111";"2150140";"glyphosate";"1071-83-6";"36";"Env A";"";"Non"
2022;"20111";"2160608";"huile de colza";"8002-13-9";"4.1265";"Autre";"";"Non"
2022;"20111";"2160608";"pyrethrines";"8003-34-7";"0.02295";"Env A";"";"Non"
2022;"20111";"2180829";"cuivre de l'hydroxyde de cuivre";"20427-59-2";"1.36";"Santé A";"Substitution";"Non"
2022;"20111";"2180829";"cuivre de l'oxychlorure de cuivre";"1332-65-6";"1.36";"Santé A";"Substitution";"Non"
2022;"20111";"5100219";"soufre sublime";"7704-34-9";"173.25";"Autre";"";"Non"
2022;"20111";"8400574";"propyzamide";"23950-58-5";"8";"CMR";"Substitution";"Non"
2022;"20111";"9000222";"soufre";"7704-34-9";"28";"Autre";"";"Non"
2022;"20111";"9300189";"fluroxypyr";"69377-81-7";"0.1";"Env B";"";"Non"
2022;"20111";"9300189";"triclopyr";"55335-06-3";"0.3";"Env B";"";"Non"
2022;"20111";"9300504";"huile de vaseline";"8042-47-5";"4.085";"Autre";"";"Non"
2022;"20111";"9500452";"cuivre du sulfate de cuivre";"8011-63-0";"9";"Env A";"Substitution";"Non"
2022;"20112";"2150140";"glyphosate";"1071-83-6";"7.2";"Env A";"";"Non"
2022;"20113";"2010513";"bacillus thuringiensis ssp kurstaki souche abts-351";"68038-71-1";"";"Autre";"";"Non"
2022;"20113";"2140085";"abamectine";"71751-41-2";"0.018";"CMR";"";"Non"
2022;"20113";"9500452";"cuivre du sulfate de cuivre";"8011-63-0";"3";"Env A";"Substitution";"Non"
2022;"20114";"2000316";"esfenvalerate";"66230-04-4";"1.1";"Santé A";"Substitution";"Non"
2022;"20114";"2000517";"cuivre de l'hydroxyde de cuivre";"20427-59-2";"46.8";"Santé A";"Substitution";"Non"
2022;"20114";"2010023";"deltamethrine";"52918-63-5";"0.75";"Santé A";"";"Non"
2022;"20114";"2010513";"bacillus thuringiensis ssp kurstaki souche abts-351";"68038-71-1";"";"Autre";"";"Non"
2022;"20114";"2060050";"metrafenone";"220899-03-6";"6";"Env A";"";"Non"
2022;"20114";"2060098";"spinosad";"168316-95-8";"0.96";"Env A";"";"Non"
2022;"20114";"2060130";"spinosad";"168316-95-8";"0.00072";"Env A";"";"Non"
2022;"20114";"2060172";"tetraconazole";"112281-77-3";"2";"Env A";"";"Non"
2022;"20114";"2080060";"pyriproxyfene";"95737-68-1";"2.3";"Env A";"";"Non"
2022;"20114";"2090119";"cuivre du sulfate tribasique";"12527-76-3";"13.3";"Env A";"Substitution";"Non"
2022;"20114";"2090127";"huile essentielle d'orange douce";"8028-48-6";"11.7";"Env A";"";"Non"
2022;"20114";"2090132";"cuivre du sulfate tribasique";"12527-76-3";"41.5896";"Env A";"Substitution";"Non"
2022;"20114";"2090132";"zoxamide";"156052-68-5";"6.24";"Env A";"";"Non"
2022;"20114";"2100038";"kaolin";"1332-58-7";"1000";"Autre";"";"Non"
2022;"20114";"2100181";"fluopicolide";"239110-15-7";"8.7912";"Env A";"";"Non"
2022;"20114";"2100181";"fosetyl-aluminium";"39148-24-8";"132.0066";"Autre";"";"Non"
2022;"20114";"2100231";"emamectine benzoate";"155569-91-8";"1.805";"Santé A";"";"Non"
2022;"20114";"2110086";"spirotetramat";"203313-25-1";"0.1";"CMR";"";"Non"
2022;"20114";"2120158";"kaolin";"1332-58-7";"1980";"Autre";"";"Non"
2022;"20114";"2130152";"fluopyram";"658066-35-4";"3.5";"Env A";"";"Non"
2022;"20114";"2130152";"trifloxystrobine";"141517-21-7";"3.5";"Env A";"";"Non"
2022;"20114";"2140001";"acide gibberellique";"77-06-5";"0.04";"Autre";"";"Non"
2022;"20114";"2140085";"abamectine";"71751-41-2";"0.18";"CMR";"";"Non"
2022;"20114";"2150067";"phosphonate de disodium";"13708-85-5";"150";"Autre";"";"Non"
2022;"20114";"2150914";"fosetyl-aluminium";"39148-24-8";"16";"Autre";"";"Non"
2022;"20114";"2160713";"spinetoram";"935545-74-7";"2.88";"CMR";"";"Non"
2022;"20114";"2171119";"mandipropamide";"374726-62-2";"9";"Env A";"";"Non"
2022;"20114";"2171119";"zoxamide";"156052-68-5";"8.64";"Env A";"";"Non"
2022;"20114";"2180380";"oxathiapiproline";"1003318-67-9";"1.04";"Env A";"";"Non"
2022;"20114";"2190160";"phosphonate de potassium";"13492-26-7";"15.8";"Autre";"";"Non"
2022;"20114";"2190198";"soufre pour pulverisation (micronise)";"7704-34-9";"1120";"Autre";"";"Non"
2022;"20114";"5100219";"soufre sublime";"7704-34-9";"668.25";"Autre";"";"Non"
2022;"20114";"7700216";"soufre pour pulverisation (micronise)";"7704-34-9";"495";"Autre";"";"Non"
2022;"20114";"8900564";"tau-fluvalinate";"102851-06-9";"2.4";"Env A";"";"Non"
2022;"20114";"9000222";"soufre";"7704-34-9";"945";"Autre";"";"Non"
2022;"20114";"9200235";"huile minerale paraffinique";"8042-47-5";"94.8";"Autre";"";"Non"
2022;"20114";"9300504";"huile de vaseline";"8042-47-5";"784.32";"Autre";"";"Non"
2022;"20114";"9800304";"cuivre de l'hydroxyde de cuivre";"20427-59-2";"13.5";"Santé A";"Substitution";"Non"
2022;"20114";"9800336";"lambda-cyhalothrine";"91465-08-6";"0.2";"Santé A";"Substitution";"Non"
2022;"20114";"9800420";"spiroxamine";"118134-30-8";"10";"CMR";"";"Non"
2022;"20114";"9900227";"cuivre de l'hydroxyde de cuivre";"20427-59-2";"164";"Santé A";"Substitution";"Non"
2022;"20117";"2010296";"2,4-mcpa";"94-74-6";"0.625";"Env A";"";"Non"
2022;"20117";"2010296";"dicamba";"1918-00-9";"0.25";"Env B";"";"Non"
2022;"20117";"2010296";"dichlorprop-p";"15165-67-0";"1.125";"Autre";"";"Non"
2022;"20117";"2020241";"bacillus thuringiensis ssp aizawai souche abts-1857";"68038-71-1";"2.7";"Autre";"";"Non"
2022;"20117";"2050046";"flonicamide";"158062-67-0";"0.5";"Autre";"";"Non"
2022;"20117";"2060085";"boscalid";"188425-85-6";"2.8";"Env A";"";"Non"
2022;"20117";"2060085";"kresoxim-methyl";"143390-89-0";"1.4";"CMR";"";"Non"
2022;"20117";"2060098";"spinosad";"168316-95-8";"0.48";"Env A";"";"Non"
2022;"20117";"2070107";"fosetyl";"15845-66-6";"1.55";"Autre";"";"Non"
2022;"20117";"2070107";"propamocarbe";"24579-73-5";"2.65";"Autre";"";"Non"
2022;"20117";"2080038";"pyrethrines";"8003-34-7";"0.093";"Env A";"";"Non"
2022;"20117";"2100231";"emamectine benzoate";"155569-91-8";"0.475";"Santé A";"";"Non"
2022;"20117";"2120048";"aminopyralid";"150114-71-9";"0.03";"Env A";"";"Non"
2022;"20117";"2120048";"triclopyr";"55335-06-3";"0.24";"Env B";"";"Non"
2022;"20117";"2130049";"cyflufenamid";"180409-60-3";"0.6";"Env A";"";"Non"
2022;"20117";"2130049";"difenoconazole";"119446-68-3";"1.2";"Env A";"";"Non"
2022;"20117";"2130067";"cyflufenamid";"180409-60-3";"0.5";"Env A";"";"Non"
2022;"20117";"2130152";"fluopyram";"658066-35-4";"4.75";"Env A";"";"Non"
2022;"20117";"2130152";"trifloxystrobine";"141517-21-7";"4.75";"Env A";"";"Non"
2022;"20117";"2140090";"azadirachtine";"11141-17-6";"0.0196";"CMR";"";"Non"
2022;"20117";"2140215";"(z)-9-dodecenylacetate";"16974-11-1";"1.2204";"Env A";"";"Non"
2022;"20117";"2140215";"e7,z9-dodecadienylacetate";"54364-62-4";"1.1718";"Env A";"";"Non"
2022;"20117";"2150140";"glyphosate";"1071-83-6";"50.4";"Env A";"";"Non"
2022;"20117";"2160985";"huile de paraffine";"97862-82-3";"24";"Autre";"";"Non"
2022;"20117";"2170085";"dithianon";"3347-22-6";"26.25";"Env A";"";"Non"
2022;"20117";"2170085";"phosphonate de potassium";"13492-26-7";"117.852";"Autre";"";"Non"
2022;"20117";"2170412";"huile essentielle d'orange douce";"8028-48-6";"0.3";"Env A";"";"Non"
2022;"20117";"2171073";"flazasulfuron";"104040-78-0";"0.35";"Env A";"";"Non"
2022;"20117";"2171119";"mandipropamide";"374726-62-2";"5";"Env A";"";"Non"
2022;"20117";"2171119";"zoxamide";"156052-68-5";"4.8";"Env A";"";"Non"
2022;"20117";"2180829";"cuivre de l'hydroxyde de cuivre";"20427-59-2";"20.4";"Santé A";"Substitution";"Non"
2022;"20117";"2180829";"cuivre de l'oxychlorure de cuivre";"1332-65-6";"20.4";"Santé A";"Substitution";"Non"
2022;"20117";"2190054";"spinosad";"168316-95-8";"1.44";"Env A";"";"Non"
2022;"20117";"2190198";"soufre pour pulverisation (micronise)";"7704-34-9";"1000";"Autre";"";"Non"
2022;"20117";"5100219";"soufre sublime";"7704-34-9";"49.5";"Autre";"";"Non"
2022;"20117";"9000222";"soufre";"7704-34-9";"14";"Autre";"";"Non"
2022;"20117";"9300504";"huile de vaseline";"8042-47-5";"4.085";"Autre";"";"Non"
2022;"20117";"9500452";"cuivre du sulfate de cuivre";"8011-63-0";"42";"Env A";"Substitution";"Non"
2022;"20117";"9700332";"azoxystrobine";"131860-33-8";"0.25";"Santé A";"";"Non"
2022;"20117";"9800336";"lambda-cyhalothrine";"91465-08-6";"0.2";"Santé A";"Substitution";"Non"
2022;"20117";"9900227";"cuivre de l'hydroxyde de cuivre";"20427-59-2";"12";"Santé A";"Substitution";"Non"
2022;"20118";"2010296";"2,4-mcpa";"94-74-6";"0.625";"Env A";"";"Non"
2022;"20118";"2010296";"dicamba";"1918-00-9";"0.25";"Env B";"";"Non"
2022;"20118";"2010296";"dichlorprop-p";"15165-67-0";"1.125";"Autre";"";"Non"
2022;"20118";"2010513";"bacillus thuringiensis ssp kurstaki souche abts-351";"68038-71-1";"";"Autre";"";"Non"
2022;"20118";"2020241";"bacillus thuringiensis ssp aizawai souche abts-1857";"68038-71-1";"1.35";"Autre";"";"Non"
2022;"20118";"2060098";"spinosad";"168316-95-8";"0.24";"Env A";"";"Non"
2022;"20118";"2090127";"huile essentielle d'orange douce";"8028-48-6";"0.3";"Env A";"";"Non"
2022;"20118";"2120171";"fosetyl-aluminium";"39148-24-8";"0.8";"Autre";"";"Non"
2022;"20118";"2150140";"glyphosate";"1071-83-6";"72";"Env A";"";"Non"
2022;"20118";"9100296";"2,4-d";"94-75-7";"6";"Env B";"";"Non"
2022;"20118";"9300504";"huile de vaseline";"8042-47-5";"12.255";"Autre";"";"Non"
2022;"20118";"9800474";"cuivre du sulfate de cuivre";"8011-63-0";"3";"Env A";"Substitution";"Non"
2022;"20123";"2010130";"cuivre de l'oxyde cuivreux";"1317-39-1";"7.5";"Env A";"Substitution";"Non"
2022;"20123";"2060085";"boscalid";"188425-85-6";"3.4";"Env A";"";"Non"
2022;"20123";"2060085";"kresoxim-methyl";"143390-89-0";"1.7";"CMR";"";"Non"
2022;"20123";"2130049";"cyflufenamid";"180409-60-3";"0.6";"Env A";"";"Non"
2022;"20123";"2130049";"difenoconazole";"119446-68-3";"1.2";"Env A";"";"Non"
2022;"20123";"2130067";"cyflufenamid";"180409-60-3";"1";"Env A";"";"Non"
2022;"20123";"2170085";"dithianon";"3347-22-6";"33.75";"Env A";"";"Non"
2022;"20123";"2170085";"phosphonate de potassium";"13492-26-7";"151.524";"Autre";"";"Non"
2022;"20123";"2170412";"huile essentielle d'orange douce";"8028-48-6";"3";"Env A";"";"Non"
2022;"20123";"2180380";"oxathiapiproline";"1003318-67-9";"2";"Env A";"";"Non"
2022;"20123";"2190198";"soufre pour pulverisation (micronise)";"7704-34-9";"240";"Autre";"";"Non"
2022;"20123";"5100219";"soufre sublime";"7704-34-9";"1386";"Autre";"";"Non"
2022;"20123";"9000490";"cycloxydime";"101205-02-1";"3";"CMR";"";"Non"
2022;"20123";"9900227";"cuivre de l'hydroxyde de cuivre";"20427-59-2";"20";"Santé A";"Substitution";"Non"
2022;"20128";"2010023";"deltamethrine";"52918-63-5";"0.075";"Santé A";"";"Non"
2022;"20128";"2010513";"bacillus thuringiensis ssp kurstaki souche abts-351";"68038-71-1";"";"Autre";"";"Non"
2022;"20128";"2020241";"bacillus thuringiensis ssp aizawai souche abts-1857";"68038-71-1";"0.27";"Autre";"";"Non"
2022;"20128";"2060130";"spinosad";"168316-95-8";"0.00096";"Env A";"";"Non"
2022;"20128";"9500452";"cuivre du sulfate de cuivre";"8011-63-0";"3";"Env A";"Substitution";"Non"
2022;"20129";"2010023";"deltamethrine";"52918-63-5";"0.09";"Santé A";"";"Non"
2022;"20129";"2010513";"bacillus thuringiensis ssp kurstaki souche abts-351";"68038-71-1";"";"Autre";"";"Non"
2022;"20129";"2050046";"flonicamide";"158062-67-0";"2.5";"Autre";"";"Non"
2022;"20129";"2060084";"boscalid";"188425-85-6";"0.534";"Env A";"";"Non"
2022;"20129";"2060084";"pyraclostrobine";"175013-18-0";"0.134";"Santé A";"";"Non"
2022;"20129";"2060085";"boscalid";"188425-85-6";"0.6";"Env A";"";"Non"
2022;"20129";"2060085";"kresoxim-methyl";"143390-89-0";"0.3";"CMR";"";"Non"
2022;"20129";"2060098";"spinosad";"168316-95-8";"1.92";"Env A";"";"Non"
2022;"20129";"2060113";"bifenazate";"149877-41-8";"0.96";"Env A";"";"Non"
2022;"20129";"2060130";"spinosad";"168316-95-8";"0.00072";"Env A";"";"Non"
2022;"20129";"2070107";"fosetyl";"15845-66-6";"6.20";"Autre";"";"Non"
2022;"20129";"2070107";"propamocarbe";"24579-73-5";"10.60";"Autre";"";"Non"
2022;"20129";"2100112";"ethephon";"16672-87-0";"4.8";"Santé A";"";"Non"
2022;"20129";"2100122";"chlorantraniliprole";"500008-45-7";"0.805";"Env A";"";"Non"
2022;"20129";"2100231";"emamectine benzoate";"155569-91-8";"0.095";"Santé A";"";"Non"
2022;"20129";"2110086";"spirotetramat";"203313-25-1";"0.5";"CMR";"";"Non"
2022;"20129";"2110141";"dimethomorphe";"110488-70-5";"0.72";"Env A";"Exclusion";"Non"
2022;"20129";"2110141";"pyraclostrobine";"175013-18-0";"0.4";"Santé A";"";"Non"
2022;"20129";"2120048";"aminopyralid";"150114-71-9";"0.18";"Env A";"";"Non"
2022;"20129";"2120048";"triclopyr";"55335-06-3";"1.44";"Env B";"";"Non"
2022;"20129";"2130092";"spiromesifen";"283594-90-1";"0.72";"Autre";"";"Non"
2022;"20129";"2140201";"cyflufenamid";"180409-60-3";"0.045";"Env A";"";"Non"
2022;"20129";"2140201";"difenoconazole";"119446-68-3";"0.375";"Env A";"";"Non"
2022;"20129";"2150140";"glyphosate";"1071-83-6";"50.4";"Env A";"";"Non"
2022;"20129";"2189996";"azadirachtine";"11141-17-6";"0.26";"CMR";"";"Non"
2022;"20129";"2190198";"soufre pour pulverisation (micronise)";"7704-34-9";"72";"Autre";"";"Non"
2022;"20129";"5100219";"soufre sublime";"7704-34-9";"470.25";"Autre";"";"Non"
2022;"20129";"7600008";"bupirimate";"41483-43-6";"0.5";"CMR";"";"Non"
2022;"20129";"9000222";"soufre";"7704-34-9";"14";"Autre";"";"Non"
2022;"20129";"9200532";"polybutene";"9003-29-6";"2.8925";"Autre";"";"Non"
2022;"20129";"9200532";"polyisobutene";"115-11-7";"1.5575";"Autre";"";"Non"
2022;"20129";"9300504";"huile de vaseline";"8042-47-5";"89.87";"Autre";"";"Non"
2022;"20129";"9500452";"cuivre du sulfate de cuivre";"8011-63-0";"15";"Env A";"Substitution";"Non"
2022;"20129";"9700027";"hexythiazox";"78587-05-0";"1";"Env A";"";"Non"
2022;"20129";"9800289";"metalaxyl-m";"70630-17-0";"0.4652";"Autre";"";"Non"
2022;"20129";"9800336";"lambda-cyhalothrine";"91465-08-6";"0.6";"Santé A";"Substitution";"Non"
2022;"20129";"9800474";"cuivre du sulfate de cuivre";"8011-63-0";"6";"Env A";"Substitution";"Non"
2022;"20130";"2150140";"glyphosate";"1071-83-6";"14.4";"Env A";"";"Non"
2022;"20131";"2010130";"cuivre de l'oxyde cuivreux";"1317-39-1";"15";"Env A";"Substitution";"Non"
2022;"20131";"2140022";"oligomeres terpeniques";"70750-57-1";"81.9";"Autre";"";"Non"
2022;"20135";"2020219";"fenoxaprop-p-ethyl";"71283-80-2";"0.069";"Env A";"";"Non"
2022;"20135";"2080105";"glyphosate";"1071-83-6";"1.8";"Env A";"";"Non"
2022;"20135";"2140085";"abamectine";"71751-41-2";"0.09";"CMR";"";"Non"
2022;"20135";"2180319";"cuivre du sulfate tribasique";"12527-76-3";"0.004088";"Env A";"Substitution";"Non"
2022;"20135";"8700462";"prosulfocarbe";"52888-80-9";"4";"Env A";"";"Non"
2022;"20137";"2000044";"fluazifop-p-butyl";"79241-46-6";"0.625";"CMR";"";"Non"
2022;"20137";"2010023";"deltamethrine";"52918-63-5";"0.225";"Santé A";"";"Non"
2022;"20137";"2010513";"bacillus thuringiensis ssp kurstaki souche abts-351";"68038-71-1";"";"Autre";"";"Non"
2022;"20137";"2020219";"fenoxaprop-p-ethyl";"71283-80-2";"0.207";"Env A";"";"Non"
2022;"20137";"2020238";"pendimethaline";"40487-42-1";"1.6";"Env A";"Substitution";"Non"
2022;"20137";"2020241";"bacillus thuringiensis ssp aizawai souche abts-1857";"68038-71-1";"0.54";"Autre";"";"Non"
2022;"20137";"2030323";"fludioxonil";"131341-86-1";"0.0225";"Env A";"";"Non"
2022;"20137";"2060050";"metrafenone";"220899-03-6";"6";"Env A";"";"Non"
2022;"20137";"2060098";"spinosad";"168316-95-8";"0.96";"Env A";"";"Non"
2022;"20137";"2060172";"tetraconazole";"112281-77-3";"1";"Env A";"";"Non"
2022;"20137";"2080038";"pyrethrines";"8003-34-7";"0.651";"Env A";"";"Non"
2022;"20137";"2080105";"glyphosate";"1071-83-6";"36.0";"Env A";"";"Non"
2022;"20137";"2090119";"cuivre du sulfate tribasique";"12527-76-3";"58.9";"Env A";"Substitution";"Non"
2022;"20137";"2090126";"cyazofamide";"120116-88-3";"3.375";"Env A";"";"Non"
2022;"20137";"2090126";"phosphonate de disodium";"13708-85-5";"33.75";"Autre";"";"Non"
2022;"20137";"2090127";"huile essentielle d'orange douce";"8028-48-6";"0.9";"Env A";"";"Non"
2022;"20137";"2090137";"cuivre du sulfate de cuivre";"8011-63-0";"44";"Env A";"Substitution";"Non"
2022;"20137";"2100060";"phosphonate de potassium";"13492-26-7";"43.8";"Autre";"";"Non"
2022;"20137";"2100181";"fluopicolide";"239110-15-7";"3.996";"Env A";"";"Non"
2022;"20137";"2100181";"fosetyl-aluminium";"39148-24-8";"60.003";"Autre";"";"Non"
2022;"20137";"2110101";"pyraflufen-ethyl";"129630-19-9";"0.318";"Env A";"";"Non"
2022;"20137";"2110149";"huile de colza";"8002-13-9";"0.01352";"Autre";"";"Non"
2022;"20137";"2130049";"cyflufenamid";"180409-60-3";"0.45";"Env A";"";"Non"
2022;"20137";"2130049";"difenoconazole";"119446-68-3";"0.9";"Env A";"";"Non"
2022;"20137";"2130152";"fluopyram";"658066-35-4";"3";"Env A";"";"Non"
2022;"20137";"2130152";"trifloxystrobine";"141517-21-7";"3";"Env A";"";"Non"
2022;"20137";"2130251";"lambda-cyhalothrine";"91465-08-6";"0.3";"Santé A";"Substitution";"Non"
2022;"20137";"2140085";"abamectine";"71751-41-2";"0.036";"CMR";"";"Non"
2022;"20137";"2140127";"cymoxanil";"57966-95-7";"4.95";"CMR";"";"Non"
2022;"20137";"2140127";"zoxamide";"156052-68-5";"4.95";"Env A";"";"Non"
2022;"20137";"2140270";"ametoctradine";"865318-97-4";"9";"Env A";"";"Non"
2022;"20137";"2150067";"phosphonate de disodium";"13708-85-5";"40";"Autre";"";"Non"
2022;"20137";"2150140";"glyphosate";"1071-83-6";"165.6";"Env A";"";"Non"
2022;"20137";"2150387";"ametoctradine";"865318-97-4";"9";"Env A";"";"Non"
2022;"20137";"2150387";"dimethomorphe";"110488-70-5";"6.75";"Env A";"Exclusion";"Non"
2022;"20137";"2160713";"spinetoram";"935545-74-7";"1.44";"CMR";"";"Non"
2022;"20137";"2160756";"dodine";"2439-10-3";"1.088";"Env A";"";"Non"
2022;"20137";"2160951";"paclobutrazol";"76738-62-0";"0.008";"CMR";"";"Non"
2022;"20137";"2171073";"flazasulfuron";"104040-78-0";"0.5";"Env A";"";"Non"
2022;"20137";"2171119";"mandipropamide";"374726-62-2";"4";"Env A";"";"Non"
2022;"20137";"2171119";"zoxamide";"156052-68-5";"3.84";"Env A";"";"Non"
2022;"20137";"2190054";"spinosad";"168316-95-8";"0.6";"Env A";"";"Non"
2022;"20137";"2200132";"e7,z9-dodecadienylacetate";"54364-62-4";"0.501811";"Env A";"";"Non"
2022;"20137";"2210443";"glyphosate";"1071-83-6";"54";"Env A";"";"Non"
2022;"20137";"5100219";"soufre sublime";"7704-34-9";"1188";"Autre";"";"Non"
2022;"20137";"7700216";"soufre pour pulverisation (micronise)";"7704-34-9";"24.75";"Autre";"";"Non"
2022;"20137";"9000222";"soufre";"7704-34-9";"476";"Autre";"";"Non"
2022;"20137";"9000490";"cycloxydime";"101205-02-1";"3";"CMR";"";"Non"
2022;"20137";"9500452";"cuivre du sulfate de cuivre";"8011-63-0";"12";"Env A";"Substitution";"Non"
2022;"20137";"9500568";"cyprodinyl";"121552-61-2";"0.375";"Env A";"";"Non"
2022;"20137";"9500568";"fludioxonil";"131341-86-1";"0.25";"Env A";"";"Non"
2022;"20137";"9500595";"2,4-d";"94-75-7";"0.15";"Env B";"";"Non"
2022;"20137";"9500595";"2,4-mcpa";"94-74-6";"0.175";"Env A";"";"Non"
2022;"20137";"9500595";"clopyralid";"1702-17-6";"0.035";"Autre";"";"Non"
2022;"20137";"9800245";"soufre pour pulverisation (micronise)";"7704-34-9";"384";"Autre";"";"Non"
2022;"20137";"9800420";"spiroxamine";"118134-30-8";"9";"CMR";"";"Non"
2022;"20137";"9800474";"cuivre du sulfate de cuivre";"8011-63-0";"9";"Env A";"Substitution";"Non"
2022;"20137";"9900227";"cuivre de l'hydroxyde de cuivre";"20427-59-2";"12";"Santé A";"Substitution";"Non"
2022;"20138";"2010023";"deltamethrine";"52918-63-5";"0.075";"Santé A";"";"Non"
2022;"20138";"5100219";"soufre sublime";"7704-34-9";"24.75";"Autre";"";"Non"
2022;"20138";"9500452";"cuivre du sulfate de cuivre";"8011-63-0";"3";"Env A";"Substitution";"Non"
2022;"20140";"2010023";"deltamethrine";"52918-63-5";"0.015";"Santé A";"";"Non"
2022;"20140";"2010513";"bacillus thuringiensis ssp kurstaki souche abts-351";"68038-71-1";"";"Autre";"";"Non"
2022;"20140";"2020241";"bacillus thuringiensis ssp aizawai souche abts-1857";"68038-71-1";"6.21";"Autre";"";"Non"
2022;"20140";"2100111";"mesotrione";"104206-82-8";"1.875";"CMR";"";"Non"
2022;"20140";"2100111";"nicosulfuron";"111991-09-4";"0.75";"Env A";"";"Non"
2022;"20140";"2120048";"aminopyralid";"150114-71-9";"0.78";"Env A";"";"Non"
2022;"20140";"2120048";"triclopyr";"55335-06-3";"6.24";"Env B";"";"Non"
2022;"20140";"2130212";"phosmet";"732-11-6";"20";"CMR";"";"Non"
2022;"20140";"2140215";"(z)-9-dodecenylacetate";"16974-11-1";"4.1019";"Env A";"";"Non"
2022;"20140";"2140215";"e7,z9-dodecadienylacetate";"54364-62-4";"3.93855";"Env A";"";"Non"
2022;"20140";"2150140";"glyphosate";"1071-83-6";"7.2";"Env A";"";"Non"
2022;"20140";"2150757";"diflufenicanil";"83164-33-4";"0.2";"Env B";"";"Non"
2022;"20140";"2150757";"glyphosate";"1071-83-6";"1.25";"Env A";"";"Non"
2022;"20140";"2190198";"soufre pour pulverisation (micronise)";"7704-34-9";"480";"Autre";"";"Non"
2022;"20140";"5100219";"soufre sublime";"7704-34-9";"173.25";"Autre";"";"Non"
2022;"20140";"8100472";"pyrimiphos-methyl";"29232-93-7";"0.25";"Santé A";"";"Non"
2022;"20140";"8400574";"propyzamide";"23950-58-5";"0.8";"CMR";"Substitution";"Non"
2022;"20140";"9000184";"2,4-mcpa";"94-74-6";"4";"Env A";"";"Non"
2022;"20140";"9000184";"clopyralid";"1702-17-6";"0.4";"Autre";"";"Non"
2022;"20140";"9000184";"fluroxypyr-meptyl";"81406-37-3";"1.152";"Env A";"";"Non"
2022;"20140";"9000222";"soufre";"7704-34-9";"14";"Autre";"";"Non"
2022;"20140";"9300504";"huile de vaseline";"8042-47-5";"204.25";"Autre";"";"Non"
2022;"20140";"9500452";"cuivre du sulfate de cuivre";"8011-63-0";"3";"Env A";"Substitution";"Non"
2022;"20140";"9800336";"lambda-cyhalothrine";"91465-08-6";"0.9";"Santé A";"Substitution";"Non"
2022;"20143";"2171089";"spinosad";"168316-95-8";"0.048";"Env A";"";"Non"
2022;"20143";"5100219";"soufre sublime";"7704-34-9";"74.25";"Autre";"";"Non"
2022;"20143";"9000222";"soufre";"7704-34-9";"14";"Autre";"";"Non"
2022;"20143";"9500341";"soufre";"7704-34-9";"16";"Autre";"";"Non"
2022;"20143";"9500452";"cuivre du sulfate de cuivre";"8011-63-0";"3";"Env A";"Substitution";"Non"
2022;"20143";"9900227";"cuivre de l'hydroxyde de cuivre";"20427-59-2";"4";"Santé A";"Substitution";"Non"
2022;"20144";"1030003";"polymere carboxyl sulfone cationique";"8061-53-8";"0.01968";"Autre";"";"Non"
2022;"20144";"2000316";"esfenvalerate";"66230-04-4";"0.25";"Santé A";"Substitution";"Non"
2022;"20144";"2000517";"cuivre de l'hydroxyde de cuivre";"20427-59-2";"14.4";"Santé A";"Substitution";"Non"
2022;"20144";"2010023";"deltamethrine";"52918-63-5";"0.225";"Santé A";"";"Non"
2022;"20144";"2010398";"folpel";"133-07-3";"12.8";"CMR";"";"Non"
2022;"20144";"2010398";"metalaxyl-m";"70630-17-0";"1.552";"Autre";"";"Non"
2022;"20144";"2010513";"bacillus thuringiensis ssp kurstaki souche abts-351";"68038-71-1";"";"Autre";"";"Non"
2022;"20144";"2060050";"metrafenone";"220899-03-6";"1.5";"Env A";"";"Non"
2022;"20144";"2060098";"spinosad";"168316-95-8";"7.92";"Env A";"";"Non"
2022;"20144";"2090001";"proquinazid";"189278-12-4";"0.8";"CMR";"";"Non"
2022;"20144";"2090127";"huile essentielle d'orange douce";"8028-48-6";"2.4";"Env A";"";"Non"
2022;"20144";"2090132";"cuivre du sulfate tribasique";"12527-76-3";"10.664";"Env A";"Substitution";"Non"
2022;"20144";"2090132";"zoxamide";"156052-68-5";"1.6";"Env A";"";"Non"
2022;"20144";"2090137";"cuivre du sulfate de cuivre";"8011-63-0";"28";"Env A";"Substitution";"Non"
2022;"20144";"2100181";"fluopicolide";"239110-15-7";"1.998";"Env A";"";"Non"
2022;"20144";"2100181";"fosetyl-aluminium";"39148-24-8";"30.0015";"Autre";"";"Non"
2022;"20144";"2100231";"emamectine benzoate";"155569-91-8";"0.2185";"Santé A";"";"Non"
2022;"20144";"2110073";"indoxacarbe";"173584-44-6";"0.6";"Santé A";"";"Non"
2022;"20144";"2110086";"spirotetramat";"203313-25-1";"1.5";"CMR";"";"Non"
2022;"20144";"2110101";"pyraflufen-ethyl";"129630-19-9";"0.265";"Env A";"";"Non"
2022;"20144";"2130049";"cyflufenamid";"180409-60-3";"0.24";"Env A";"";"Non"
2022;"20144";"2130049";"difenoconazole";"119446-68-3";"0.48";"Env A";"";"Non"
2022;"20144";"2130152";"fluopyram";"658066-35-4";"0.75";"Env A";"";"Non"
2022;"20144";"2130152";"trifloxystrobine";"141517-21-7";"0.75";"Env A";"";"Non"
2022;"20144";"2140085";"abamectine";"71751-41-2";"0.306";"CMR";"";"Non"
2022;"20144";"2150067";"phosphonate de disodium";"13708-85-5";"40";"Autre";"";"Non"
2022;"20144";"2150140";"glyphosate";"1071-83-6";"108.0";"Env A";"";"Non"
2022;"20144";"2150387";"ametoctradine";"865318-97-4";"4.5";"Env A";"";"Non"
2022;"20144";"2150387";"dimethomorphe";"110488-70-5";"3.375";"Env A";"Exclusion";"Non"
2022;"20144";"2160383";"acide gibberellique";"77-06-5";"1.4696";"Autre";"";"Non"
2022;"20144";"2160713";"spinetoram";"935545-74-7";"0.72";"CMR";"";"Non"
2022;"20144";"2160756";"dodine";"2439-10-3";"27.2";"Env A";"";"Non"
2022;"20144";"2170977";"huile de colza";"8002-13-9";"0.011453";"Autre";"";"Non"
2022;"20144";"2171073";"flazasulfuron";"104040-78-0";"0.25";"Env A";"";"Non"
2022;"20144";"2180319";"cuivre du sulfate tribasique";"12527-76-3";"0.004088";"Env A";"Substitution";"Non"
2022;"20144";"2180670";"cuivre de l'hydroxyde de cuivre";"20427-59-2";"8.4";"Santé A";"Substitution";"Non"
2022;"20144";"2180670";"cuivre de l'oxychlorure de cuivre";"1332-65-6";"8.4";"Santé A";"Substitution";"Non"
2022;"20144";"2189993";"cuivre du sulfate de cuivre";"8011-63-0";"0.08";"Env A";"Substitution";"Non"
2022;"20144";"2190594";"(e,z)-3,8-tetradecadien-1-yl acetate";"163041-87-0";"";"Autre";"";"Non"
2022;"20144";"2190594";"(e,z,z)-3,8,11-tetradecatrien-1-yl acetate";"163041-94-9";"";"Autre";"";"Non"
2022;"20144";"2190760";"spinosad";"168316-95-8";"0.0011";"Env A";"";"Non"
2022;"20144";"7700216";"soufre pour pulverisation (micronise)";"7704-34-9";"1179.75";"Autre";"";"Non"
2022;"20144";"8400528";"isoxaben";"82558-50-7";"7.5";"Env B";"";"Non"
2022;"20144";"8900564";"tau-fluvalinate";"102851-06-9";"1.2";"Env A";"";"Non"
2022;"20144";"9000222";"soufre";"7704-34-9";"70";"Autre";"";"Non"
2022;"20144";"9000490";"cycloxydime";"101205-02-1";"2.5";"CMR";"";"Non"
2022;"20144";"9300108";"captane";"133-06-2";"80";"CMR";"";"Non"
2022;"20144";"9300504";"huile de vaseline";"8042-47-5";"196.08";"Autre";"";"Non"
2022;"20144";"9400280";"flumioxazine";"103361-09-7";"2.5";"CMR";"";"Non"
2022;"20144";"9500568";"cyprodinyl";"121552-61-2";"0.75";"Env A";"";"Non"
2022;"20144";"9500568";"fludioxonil";"131341-86-1";"0.5";"Env A";"";"Non"
2022;"20144";"9800304";"cuivre de l'hydroxyde de cuivre";"20427-59-2";"21";"Santé A";"Substitution";"Non"
2022;"20144";"9800420";"spiroxamine";"118134-30-8";"10";"CMR";"";"Non"
2022;"20144";"9800484";"etoxazole";"153233-91-1";"0.55";"Env A";"Substitution";"Non"
2022;"20144";"9900189";"coniothyrium minitans souche con/m/91-08";"";"";"Autre";"";"Non"
2022;"20144";"9900227";"cuivre de l'hydroxyde de cuivre";"20427-59-2";"56";"Santé A";"Substitution";"Non"
2022;"20145";"1030003";"polymere carboxyl sulfone cationique";"8061-53-8";"0.05904";"Autre";"";"Non"
2022;"20145";"2000044";"fluazifop-p-butyl";"79241-46-6";"0.625";"CMR";"";"Non"
2022;"20145";"2000125";"cuivre du sulfate de cuivre";"8011-63-0";"0.1";"Env A";"Substitution";"Non"
2022;"20145";"2000316";"esfenvalerate";"66230-04-4";"0.05";"Santé A";"Substitution";"Non"
2022;"20145";"2010023";"deltamethrine";"52918-63-5";"0.18";"Santé A";"";"Non"
2022;"20145";"2010321";"glyphosate";"1071-83-6";"0.0072";"Env A";"";"Non"
2022;"20145";"2030175";"bacillus thuringiensis ssp kurstaki souche sa-11";"68038-71-1";"0.051";"Autre";"";"Non"
2022;"20145";"2060098";"spinosad";"168316-95-8";"0.96";"Env A";"";"Non"
2022;"20145";"2080060";"pyriproxyfene";"95737-68-1";"0.5";"Env A";"";"Non"
2022;"20145";"2090127";"huile essentielle d'orange douce";"8028-48-6";"3.9";"Env A";"";"Non"
2022;"20145";"2090146";"abamectine";"71751-41-2";"0.0000090";"CMR";"";"Non"
2022;"20145";"2090146";"pyrethrines";"8003-34-7";"0.00012";"Env A";"";"Non"
2022;"20145";"2090188";"glyphosate";"1071-83-6";"14.4";"Env A";"";"Non"
2022;"20145";"2110086";"spirotetramat";"203313-25-1";"0.5";"CMR";"";"Non"
2022;"20145";"2110101";"pyraflufen-ethyl";"129630-19-9";"0.3975";"Env A";"";"Non"
2022;"20145";"2110149";"huile de colza";"8002-13-9";"0.01352";"Autre";"";"Non"
2022;"20145";"2110150";"huile de colza";"8002-13-9";"0.9324";"Autre";"";"Non"
2022;"20145";"2110180";"cuivre de l'oxyde cuivreux";"1317-39-1";"0.2475";"Env A";"Substitution";"Non"
2022;"20145";"2110196";"bicarbonate de potassium";"298-14-6";"0.085";"Autre";"";"Non"
2022;"20145";"2120048";"aminopyralid";"150114-71-9";"0.18";"Env A";"";"Non"
2022;"20145";"2120048";"triclopyr";"55335-06-3";"1.44";"Env B";"";"Non"
2022;"20145";"2130115";"deltamethrine";"52918-63-5";"0.00264";"Santé A";"";"Non"
2022;"20145";"2140085";"abamectine";"71751-41-2";"0.324";"CMR";"";"Non"
2022;"20145";"2140166";"acide decanoique";"334-48-5";"0.011994";"Env B";"";"Non"
2022;"20145";"2140166";"acide octanoique";"124-07-2";"0.017991";"Env B";"";"Non"
2022;"20145";"2140252";"phosphate ferrique";"10045-86-0";"0.01";"Autre";"";"Non"
2022;"20145";"2150140";"glyphosate";"1071-83-6";"36";"Env A";"";"Non"
2022;"20145";"2150914";"fosetyl-aluminium";"39148-24-8";"24";"Autre";"";"Non"
2022;"20145";"2160115";"acide pelargonique";"112-05-0";"0.083673";"Autre";"";"Non"
2022;"20145";"2170243";"acide pelargonique";"112-05-0";"0.8";"Autre";"";"Non"
2022;"20145";"2170978";"huile de colza";"8002-13-9";"0.339296";"Autre";"";"Non"
2022;"20145";"2171067";"bicarbonate de potassium";"298-14-6";"0.003188";"Autre";"";"Non"
2022;"20145";"2171200";"bicarbonate de potassium";"298-14-6";"24.8725";"Autre";"";"Non"
2022;"20145";"2180319";"cuivre du sulfate tribasique";"12527-76-3";"0.004088";"Env A";"Substitution";"Non"
2022;"20145";"2190760";"spinosad";"168316-95-8";"0.0017";"Env A";"";"Non"
2022;"20145";"2200059";"huile essentielle d'orange douce";"8028-48-6";"0.006";"Env A";"";"Non"
2022;"20145";"7700216";"soufre pour pulverisation (micronise)";"7704-34-9";"24.75";"Autre";"";"Non"
2022;"20145";"8900564";"tau-fluvalinate";"102851-06-9";"1.2";"Env A";"";"Non"
2022;"20145";"9000222";"soufre";"7704-34-9";"133";"Autre";"";"Non"
2022;"20145";"9100296";"2,4-d";"94-75-7";"6";"Env B";"";"Non"
2022;"20145";"9300504";"huile de vaseline";"8042-47-5";"16.34";"Autre";"";"Non"
2022;"20145";"9600512";"folpel";"133-07-3";"4.8";"CMR";"";"Non"
2022;"20145";"9600512";"fosetyl-aluminium";"39148-24-8";"4.8";"Autre";"";"Non"
2022;"20145";"9800481";"fleur de chaux (chaux eteinte)";"1305-62-0";"1.3";"Autre";"";"Non"
2022;"20145";"9900227";"cuivre de l'hydroxyde de cuivre";"20427-59-2";"8";"Santé A";"Substitution";"Non"
2022;"20145";"9900257";"cuivre du sulfate de cuivre";"8011-63-0";"0.4";"Env A";"Substitution";"Non"
2022;"20146";"9900257";"cuivre du sulfate de cuivre";"8011-63-0";"0.2";"Env A";"Substitution";"Non"
2022;"20150";"2100038";"kaolin";"1332-58-7";"75";"Autre";"";"Non"
2022;"20150";"2120048";"aminopyralid";"150114-71-9";"0.03";"Env A";"";"Non"
2022;"20150";"2120048";"triclopyr";"55335-06-3";"0.24";"Env B";"";"Non"
2022;"20151";"2100038";"kaolin";"1332-58-7";"1000";"Autre";"";"Non"
2022;"20151";"2110141";"dimethomorphe";"110488-70-5";"0.36";"Env A";"Exclusion";"Non"
2022;"20151";"2110141";"pyraclostrobine";"175013-18-0";"0.2";"Santé A";"";"Non"
2022;"20151";"2120048";"aminopyralid";"150114-71-9";"0.09";"Env A";"";"Non"
2022;"20151";"2120048";"triclopyr";"55335-06-3";"0.72";"Env B";"";"Non"
2022;"20151";"2120132";"dimethomorphe";"110488-70-5";"1.35";"Env A";"Exclusion";"Non"
2022;"20151";"2120132";"metirame";"9006-42-2";"6.6";"Env A";"";"Non"
2022;"20151";"2130049";"cyflufenamid";"180409-60-3";"0.3";"Env A";"";"Non"
2022;"20151";"2130049";"difenoconazole";"119446-68-3";"0.6";"Env A";"";"Non"
2022;"20151";"2130152";"fluopyram";"658066-35-4";"1";"Env A";"";"Non"
2022;"20151";"2130152";"trifloxystrobine";"141517-21-7";"1";"Env A";"";"Non"
2022;"20151";"2160985";"huile de paraffine";"97862-82-3";"64";"Autre";"";"Non"
2022;"20151";"2171119";"mandipropamide";"374726-62-2";"3";"Env A";"";"Non"
2022;"20151";"2171119";"zoxamide";"156052-68-5";"2.88";"Env A";"";"Non"
2022;"20151";"2180829";"cuivre de l'hydroxyde de cuivre";"20427-59-2";"5.44";"Santé A";"Substitution";"Non"
2022;"20151";"2180829";"cuivre de l'oxychlorure de cuivre";"1332-65-6";"5.44";"Santé A";"Substitution";"Non"
2022;"20151";"2190198";"soufre pour pulverisation (micronise)";"7704-34-9";"480";"Autre";"";"Non"
2022;"20151";"5100219";"soufre sublime";"7704-34-9";"2400.75";"Autre";"";"Non"
2022;"20151";"9500452";"cuivre du sulfate de cuivre";"8011-63-0";"6";"Env A";"Substitution";"Non"
2022;"20151";"9800336";"lambda-cyhalothrine";"91465-08-6";"0.1";"Santé A";"Substitution";"Non"
2022;"20151";"9900227";"cuivre de l'hydroxyde de cuivre";"20427-59-2";"16";"Santé A";"Substitution";"Non"
2022;"20152";"2110143";"metribuzine";"21087-64-9";"0.6";"Env A";"";"Non"
2022;"20160";"2020241";"bacillus thuringiensis ssp aizawai souche abts-1857";"68038-71-1";"2.7";"Autre";"";"Non"
2022;"20160";"2030332";"2,4-d";"94-75-7";"1.2";"Env B";"";"Non"
2022;"20160";"2030332";"dichlorprop-p";"15165-67-0";"0.6";"Autre";"";"Non"
2022;"20160";"2130212";"phosmet";"732-11-6";"10";"CMR";"";"Non"
2022;"20160";"2140085";"abamectine";"71751-41-2";"0.036";"CMR";"";"Non"
2022;"20160";"9300504";"huile de vaseline";"8042-47-5";"8.17";"Autre";"";"Non"
2022;"20160";"9500452";"cuivre du sulfate de cuivre";"8011-63-0";"9";"Env A";"Substitution";"Non"
2022;"20166";"2010023";"deltamethrine";"52918-63-5";"0.03";"Santé A";"";"Non"
2022;"20166";"2010130";"cuivre de l'oxyde cuivreux";"1317-39-1";"7.5";"Env A";"Substitution";"Non"
2022;"20166";"2010296";"2,4-mcpa";"94-74-6";"0.625";"Env A";"";"Non"
2022;"20166";"2010296";"dicamba";"1918-00-9";"0.25";"Env B";"";"Non"
2022;"20166";"2010296";"dichlorprop-p";"15165-67-0";"1.125";"Autre";"";"Non"
2022;"20166";"2020241";"bacillus thuringiensis ssp aizawai souche abts-1857";"68038-71-1";"2.7";"Autre";"";"Non"
2022;"20166";"2060084";"boscalid";"188425-85-6";"0.267";"Env A";"";"Non"
2022;"20166";"2060084";"pyraclostrobine";"175013-18-0";"0.067";"Santé A";"";"Non"
2022;"20166";"2060098";"spinosad";"168316-95-8";"0.72";"Env A";"";"Non"
2022;"20166";"2080060";"pyriproxyfene";"95737-68-1";"0.1";"Env A";"";"Non"
2022;"20166";"2120048";"aminopyralid";"150114-71-9";"0.18";"Env A";"";"Non"
2022;"20166";"2120048";"triclopyr";"55335-06-3";"1.44";"Env B";"";"Non"
2022;"20166";"2130115";"deltamethrine";"52918-63-5";"0.000066";"Santé A";"";"Non"
2022;"20166";"2130212";"phosmet";"732-11-6";"2.5";"CMR";"";"Non"
2022;"20166";"2140090";"azadirachtine";"11141-17-6";"0.0588";"CMR";"";"Non"
2022;"20166";"2150140";"glyphosate";"1071-83-6";"50.4";"Env A";"";"Non"
2022;"20166";"2160756";"dodine";"2439-10-3";"2.72";"Env A";"";"Non"
2022;"20166";"2190054";"spinosad";"168316-95-8";"2.16";"Env A";"";"Non"
2022;"20166";"2190198";"soufre pour pulverisation (micronise)";"7704-34-9";"480";"Autre";"";"Non"
2022;"20166";"9000222";"soufre";"7704-34-9";"7";"Autre";"";"Non"
2022;"20166";"9300504";"huile de vaseline";"8042-47-5";"8.170";"Autre";"";"Non"
2022;"20166";"9500452";"cuivre du sulfate de cuivre";"8011-63-0";"9";"Env A";"Substitution";"Non"
2022;"20166";"9600116";"zirame";"137-30-4";"7.6";"Santé A";"";"Non"
2022;"20166";"9800245";"soufre pour pulverisation (micronise)";"7704-34-9";"16";"Autre";"";"Non"
2022;"20166";"9800474";"cuivre du sulfate de cuivre";"8011-63-0";"3";"Env A";"Substitution";"Non"
2022;"20167";"2010023";"deltamethrine";"52918-63-5";"0.6";"Santé A";"";"Non"
2022;"20167";"2010130";"cuivre de l'oxyde cuivreux";"1317-39-1";"15";"Env A";"Substitution";"Non"
2022;"20167";"2010513";"bacillus thuringiensis ssp kurstaki souche abts-351";"68038-71-1";"";"Autre";"";"Non"
2022;"20167";"2020241";"bacillus thuringiensis ssp aizawai souche abts-1857";"68038-71-1";"0.27";"Autre";"";"Non"
2022;"20167";"2050046";"flonicamide";"158062-67-0";"0.5";"Autre";"";"Non"
2022;"20167";"2060084";"boscalid";"188425-85-6";"1.068";"Env A";"";"Non"
2022;"20167";"2060084";"pyraclostrobine";"175013-18-0";"0.268";"Santé A";"";"Non"
2022;"20167";"2060085";"boscalid";"188425-85-6";"0.2";"Env A";"";"Non"
2022;"20167";"2060085";"kresoxim-methyl";"143390-89-0";"0.1";"CMR";"";"Non"
2022;"20167";"2060098";"spinosad";"168316-95-8";"1.20";"Env A";"";"Non"
2022;"20167";"2080038";"pyrethrines";"8003-34-7";"0.558";"Env A";"";"Non"
2022;"20167";"2090119";"cuivre du sulfate tribasique";"12527-76-3";"17.1";"Env A";"Substitution";"Non"
2022;"20167";"2100038";"kaolin";"1332-58-7";"100";"Autre";"";"Non"
2022;"20167";"2110141";"dimethomorphe";"110488-70-5";"0.36";"Env A";"Exclusion";"Non"
2022;"20167";"2110141";"pyraclostrobine";"175013-18-0";"0.2";"Santé A";"";"Non"
2022;"20167";"2110143";"metribuzine";"21087-64-9";"0.6";"Env A";"";"Non"
2022;"20167";"2120048";"aminopyralid";"150114-71-9";"0.15";"Env A";"";"Non"
2022;"20167";"2120048";"triclopyr";"55335-06-3";"1.2";"Env B";"";"Non"
2022;"20167";"2120132";"dimethomorphe";"110488-70-5";"1.8";"Env A";"Exclusion";"Non"
2022;"20167";"2120132";"metirame";"9006-42-2";"8.8";"Env A";"";"Non"
2022;"20167";"2130067";"cyflufenamid";"180409-60-3";"0.25";"Env A";"";"Non"
2022;"20167";"2130083";"lambda-cyhalothrine";"91465-08-6";"0.3";"Santé A";"Substitution";"Non"
2022;"20167";"2130115";"deltamethrine";"52918-63-5";"0.000792";"Santé A";"";"Non"
2022;"20167";"2130152";"fluopyram";"658066-35-4";"0.25";"Env A";"";"Non"
2022;"20167";"2130152";"trifloxystrobine";"141517-21-7";"0.25";"Env A";"";"Non"
2022;"20167";"2130212";"phosmet";"732-11-6";"2.5";"CMR";"";"Non"
2022;"20167";"2140022";"oligomeres terpeniques";"70750-57-1";"27.3";"Autre";"";"Non"
2022;"20167";"2150140";"glyphosate";"1071-83-6";"201.6";"Env A";"";"Non"
2022;"20167";"2170085";"dithianon";"3347-22-6";"7.5";"Env A";"";"Non"
2022;"20167";"2170085";"phosphonate de potassium";"13492-26-7";"33.672";"Autre";"";"Non"
2022;"20167";"2171119";"mandipropamide";"374726-62-2";"1";"Env A";"";"Non"
2022;"20167";"2171119";"zoxamide";"156052-68-5";"0.96";"Env A";"";"Non"
2022;"20167";"2180735";"spinetoram";"935545-74-7";"0.125";"CMR";"";"Non"
2022;"20167";"2180829";"cuivre de l'hydroxyde de cuivre";"20427-59-2";"1.36";"Santé A";"Substitution";"Non"
2022;"20167";"2180829";"cuivre de l'oxychlorure de cuivre";"1332-65-6";"1.36";"Santé A";"Substitution";"Non"
2022;"20167";"2190198";"soufre pour pulverisation (micronise)";"7704-34-9";"56";"Autre";"";"Non"
2022;"20167";"5100219";"soufre sublime";"7704-34-9";"519.75";"Autre";"";"Non"
2022;"20167";"8300025";"penconazole";"66246-88-6";"0.1";"CMR";"";"Non"
2022;"20167";"8400574";"propyzamide";"23950-58-5";"10";"CMR";"Substitution";"Non"
2022;"20167";"8900681";"pendimethaline";"40487-42-1";"2";"Env A";"Substitution";"Non"
2022;"20167";"9000222";"soufre";"7704-34-9";"245";"Autre";"";"Non"
2022;"20167";"9000490";"cycloxydime";"101205-02-1";"1";"CMR";"";"Non"
2022;"20167";"9300189";"fluroxypyr";"69377-81-7";"0.1";"Env B";"";"Non"
2022;"20167";"9300189";"triclopyr";"55335-06-3";"0.3";"Env B";"";"Non"
2022;"20167";"9300504";"huile de vaseline";"8042-47-5";"12.255";"Autre";"";"Non"
2022;"20167";"9500199";"propamocarbe hcl";"25606-41-1";"2.888";"Autre";"";"Non"
2022;"20167";"9500452";"cuivre du sulfate de cuivre";"8011-63-0";"30";"Env A";"Substitution";"Non"
2022;"20167";"9700332";"azoxystrobine";"131860-33-8";"0.25";"Santé A";"";"Non"
2022;"20167";"9800336";"lambda-cyhalothrine";"91465-08-6";"1.1";"Santé A";"Substitution";"Non"
2022;"20167";"9900227";"cuivre de l'hydroxyde de cuivre";"20427-59-2";"22";"Santé A";"Substitution";"Non"
2022;"20169";"2000044";"fluazifop-p-butyl";"79241-46-6";"1.25";"CMR";"";"Non"
2022;"20169";"2030337";"dichlorprop-p";"15165-67-0";"0.25";"Autre";"";"Non"
2022;"20169";"2050046";"flonicamide";"158062-67-0";"0.5";"Autre";"";"Non"
2022;"20169";"2060098";"spinosad";"168316-95-8";"3.36";"Env A";"";"Non"
2022;"20169";"2060130";"spinosad";"168316-95-8";"0.00024";"Env A";"";"Non"
2022;"20169";"2080105";"glyphosate";"1071-83-6";"18.0";"Env A";"";"Non"
2022;"20169";"2090137";"cuivre du sulfate de cuivre";"8011-63-0";"48";"Env A";"Substitution";"Non"
2022;"20169";"2100038";"kaolin";"1332-58-7";"75";"Autre";"";"Non"
2022;"20169";"2120171";"fosetyl-aluminium";"39148-24-8";"19.2";"Autre";"";"Non"
2022;"20169";"2120219";"tebuconazole";"107534-96-3";"0.15";"CMR";"";"Non"
2022;"20169";"2120219";"trifloxystrobine";"141517-21-7";"0.075";"Env A";"";"Non"
2022;"20169";"2130115";"deltamethrine";"52918-63-5";"0.000045";"Santé A";"";"Non"
2022;"20169";"2140085";"abamectine";"71751-41-2";"0.09";"CMR";"";"Non"
2022;"20169";"2140215";"(z)-9-dodecenylacetate";"16974-11-1";"1.7063";"Env A";"";"Non"
2022;"20169";"2140215";"e7,z9-dodecadienylacetate";"54364-62-4";"1.63835";"Env A";"";"Non"
2022;"20169";"2150140";"glyphosate";"1071-83-6";"14.4";"Env A";"";"Non"
2022;"20169";"2150914";"fosetyl-aluminium";"39148-24-8";"32";"Autre";"";"Non"
2022;"20169";"2180039";"fluopyram";"658066-35-4";"0.125";"Env A";"";"Non"
2022;"20169";"2180039";"trifloxystrobine";"141517-21-7";"0.125";"Env A";"";"Non"
2022;"20169";"2180334";"difenoconazole";"119446-68-3";"0.2409";"Env A";"";"Non"
2022;"20169";"2180334";"fludioxonil";"131341-86-1";"0.2409";"Env A";"";"Non"
2022;"20169";"2200150";"fosetyl-aluminium";"39148-24-8";"24";"Autre";"";"Non"
2022;"20169";"5100219";"soufre sublime";"7704-34-9";"717.75";"Autre";"";"Non"
2022;"20169";"9000222";"soufre";"7704-34-9";"784";"Autre";"";"Non"
2022;"20169";"9000490";"cycloxydime";"101205-02-1";"2";"CMR";"";"Non"
2022;"20169";"9300504";"huile de vaseline";"8042-47-5";"241.015";"Autre";"";"Non"
2022;"20169";"9500452";"cuivre du sulfate de cuivre";"8011-63-0";"18";"Env A";"Substitution";"Non"
2022;"20169";"9800336";"lambda-cyhalothrine";"91465-08-6";"0.3";"Santé A";"Substitution";"Non"
2022;"20169";"9900227";"cuivre de l'hydroxyde de cuivre";"20427-59-2";"32";"Santé A";"Substitution";"Non"
2022;"20170";"2180829";"cuivre de l'hydroxyde de cuivre";"20427-59-2";"14.96";"Santé A";"Substitution";"Non"
2022;"20170";"2180829";"cuivre de l'oxychlorure de cuivre";"1332-65-6";"14.96";"Santé A";"Substitution";"Non"
2022;"20170";"5100219";"soufre sublime";"7704-34-9";"742.5";"Autre";"";"Non"
2022;"20190";"2070133";"napropamide";"15299-99-7";"9";"Env A";"";"Non"
2022;"20190";"2090199";"huile de colza";"8002-13-9";"0.8253";"Autre";"";"Non"
2022;"20190";"2090199";"pyrethrines";"8003-34-7";"0.00459";"Env A";"";"Non"
2022;"20190";"2110006";"cuivre du sulfate de cuivre";"8011-63-0";"26";"Env A";"Substitution";"Non"
2022;"20190";"2110102";"difenoconazole";"119446-68-3";"0.0225";"Env A";"";"Non"
2022;"20190";"2110102";"fludioxonil";"131341-86-1";"0.0225";"Env A";"";"Non"
2022;"20190";"2110102";"sedaxane";"874967-67-6";"0.045";"CMR";"";"Non"
2022;"20190";"2150074";"phosphonate de disodium";"13708-85-5";"50";"Autre";"";"Non"
2022;"20190";"2150140";"glyphosate";"1071-83-6";"57.6";"Env A";"";"Non"
2022;"20190";"2160818";"soufre";"7704-34-9";"640";"Autre";"";"Non"
2022;"20190";"2171200";"bicarbonate de potassium";"298-14-6";"248.725";"Autre";"";"Non"
2022;"20190";"8400528";"isoxaben";"82558-50-7";"1.875";"Env B";"";"Non"
2022;"20190";"8400574";"propyzamide";"23950-58-5";"0.8";"CMR";"Substitution";"Non"
2022;"20200";"1030003";"polymere carboxyl sulfone cationique";"8061-53-8";"0.07872";"Autre";"";"Non"
2022;"20200";"2000018";"soufre pour pulverisation (micronise)";"7704-34-9";"16";"Autre";"";"Non"
2022;"20200";"2000125";"cuivre du sulfate de cuivre";"8011-63-0";"0.3";"Env A";"Substitution";"Non"
2022;"20200";"2000510";"fer sous forme de sulfate de fer";"7720-78-7";"8";"Autre";"";"Non"
2022;"20200";"2010023";"deltamethrine";"52918-63-5";"0.165";"Santé A";"";"Non"
2022;"20200";"2020241";"bacillus thuringiensis ssp aizawai souche abts-1857";"68038-71-1";"0.27";"Autre";"";"Non"
2022;"20200";"2030175";"bacillus thuringiensis ssp kurstaki souche sa-11";"68038-71-1";"0.017";"Autre";"";"Non"
2022;"20200";"2050046";"flonicamide";"158062-67-0";"0.25";"Autre";"";"Non"
2022;"20200";"2060084";"boscalid";"188425-85-6";"7.476";"Env A";"";"Non"
2022;"20200";"2060084";"pyraclostrobine";"175013-18-0";"1.876";"Santé A";"";"Non"
2022;"20200";"2060172";"tetraconazole";"112281-77-3";"0.2";"Env A";"";"Non"
2022;"20200";"2080063";"benalaxyl-m";"98243-83-5";"1.5";"Env A";"";"Non"
2022;"20200";"2080063";"folpel";"133-07-3";"19.2";"CMR";"";"Non"
2022;"20200";"2090146";"abamectine";"71751-41-2";"0.000014";"CMR";"";"Non"
2022;"20200";"2090146";"pyrethrines";"8003-34-7";"0.00019";"Env A";"";"Non"
2022;"20200";"2090188";"glyphosate";"1071-83-6";"14.4";"Env A";"";"Non"
2022;"20200";"2090199";"huile de colza";"8002-13-9";"0.82530";"Autre";"";"Non"
2022;"20200";"2090199";"pyrethrines";"8003-34-7";"0.004590";"Env A";"";"Non"
2022;"20200";"2090200";"huile de colza";"8002-13-9";"0.006188";"Autre";"";"Non"
2022;"20200";"2090200";"pyrethrines";"8003-34-7";"0.000034";"Env A";"";"Non"
2022;"20200";"2100030";"phosphate ferrique";"10045-86-0";"0.1485";"Autre";"";"Non"
2022;"20200";"2100122";"chlorantraniliprole";"500008-45-7";"0.35";"Env A";"";"Non"
2022;"20200";"2100221";"ametoctradine";"865318-97-4";"1.8";"Env A";"";"Non"
2022;"20200";"2100221";"metirame";"9006-42-2";"6.6";"Env A";"";"Non"
2022;"20200";"2110141";"dimethomorphe";"110488-70-5";"0.72";"Env A";"Exclusion";"Non"
2022;"20200";"2110141";"pyraclostrobine";"175013-18-0";"0.4";"Santé A";"";"Non"
2022;"20200";"2110149";"huile de colza";"8002-13-9";"0.056784";"Autre";"";"Non"
2022;"20200";"2110150";"huile de colza";"8002-13-9";"0.50505";"Autre";"";"Non"
2022;"20200";"2110180";"cuivre de l'oxyde cuivreux";"1317-39-1";"0.165";"Env A";"Substitution";"Non"
2022;"20200";"2110196";"bicarbonate de potassium";"298-14-6";"0.085";"Autre";"";"Non"
2022;"20200";"2120018";"glyphosate";"1071-83-6";"0.384";"Env A";"";"Non"
2022;"20200";"2130049";"cyflufenamid";"180409-60-3";"0.3";"Env A";"";"Non"
2022;"20200";"2130049";"difenoconazole";"119446-68-3";"0.6";"Env A";"";"Non"
2022;"20200";"2130083";"lambda-cyhalothrine";"91465-08-6";"0.4";"Santé A";"Substitution";"Non"
2022;"20200";"2130115";"deltamethrine";"52918-63-5";"0.00225";"Santé A";"";"Non"
2022;"20200";"2130152";"fluopyram";"658066-35-4";"1.75";"Env A";"";"Non"
2022;"20200";"2130152";"trifloxystrobine";"141517-21-7";"1.75";"Env A";"";"Non"
2022;"20200";"2140084";"polysulfure de calcium";"1344-81-6";"76";"Env A";"";"Non"
2022;"20200";"2140106";"huile minerale paraffinique";"8042-47-5";"0.395";"Autre";"";"Non"
2022;"20200";"2140147";"deltamethrine";"52918-63-5";"0.135";"Santé A";"";"Non"
2022;"20200";"2140166";"acide decanoique";"334-48-5";"0.041979";"Env B";"";"Non"
2022;"20200";"2140166";"acide octanoique";"124-07-2";"0.062969";"Env B";"";"Non"
2022;"20200";"2150140";"glyphosate";"1071-83-6";"7.2";"Env A";"";"Non"
2022;"20200";"2150417";"bacillus thuringiensis ssp kurstaki souche abts-351";"68038-71-1";"0.265637";"Autre";"";"Non"
2022;"20200";"2150483";"lambda-cyhalothrine";"91465-08-6";"0.12";"Santé A";"Substitution";"Non"
2022;"20200";"2150969";"phosphate ferrique";"10045-86-0";"0.007263";"Autre";"";"Non"
2022;"20200";"2160114";"maltodextrine";"9050-36-6";"2.989";"Autre";"";"Non"
2022;"20200";"2160115";"acide pelargonique";"112-05-0";"0.15495";"Autre";"";"Non"
2022;"20200";"2160383";"acide gibberellique";"77-06-5";"0.9185";"Autre";"";"Non"
2022;"20200";"2170243";"acide pelargonique";"112-05-0";"0.9";"Autre";"";"Non"
2022;"20200";"2170978";"huile de colza";"8002-13-9";"0.593768";"Autre";"";"Non"
2022;"20200";"2171140";"dithianon";"3347-22-6";"14";"Env A";"";"Non"
2022;"20200";"2180319";"cuivre du sulfate tribasique";"12527-76-3";"0.008176";"Env A";"Substitution";"Non"
2022;"20200";"2180633";"bacillus pumilus souche qst 2808";"";"0.287";"Autre";"";"Non"
2022;"20200";"2190760";"spinosad";"168316-95-8";"0.0039";"Env A";"";"Non"
2022;"20200";"2200059";"huile essentielle d'orange douce";"8028-48-6";"0.024";"Env A";"";"Non"
2022;"20200";"2200526";"acide pelargonique";"112-05-0";"0.141375";"Autre";"";"Non"
2022;"20200";"5100219";"soufre sublime";"7704-34-9";"272.25";"Autre";"";"Non"
2022;"20200";"8100236";"chlorophacinone";"3691-35-8";"0.000113";"Autre";"";"Non"
2022;"20200";"8400528";"isoxaben";"82558-50-7";"0.625";"Env B";"";"Non"
2022;"20200";"8400574";"propyzamide";"23950-58-5";"2";"CMR";"Substitution";"Non"
2022;"20200";"8500351";"acide b-indole butyrique (aib)";"133-32-4";"0.000050";"CMR";"";"Non"
2022;"20200";"8700111";"huile de ricin";"8001-79-4";"0.3264";"Autre";"";"Non"
2022;"20200";"8700111";"resines (colophane)";"8050-09-7";"0.1632";"Autre";"";"Non"
2022;"20200";"8900685";"e/z8 acetate de dodecenyle";"37338-40-2";"0.0981";"Autre";"";"Non"
2022;"20200";"9000222";"soufre";"7704-34-9";"98";"Autre";"";"Non"
2022;"20200";"9000490";"cycloxydime";"101205-02-1";"3";"CMR";"";"Non"
2022;"20200";"9400485";"cymoxanil";"57966-95-7";"1.2";"CMR";"";"Non"
2022;"20200";"9400485";"folpel";"133-07-3";"10.02";"CMR";"";"Non"
2022;"20200";"9500147";"soufre pour pulverisation (micronise)";"7704-34-9";"0.6";"Autre";"";"Non"
2022;"20200";"9500281";"2,4-mcpa";"94-74-6";"3.528";"Env A";"";"Non"
2022;"20200";"9500281";"dicamba";"1918-00-9";"0.3024";"Env B";"";"Non"
2022;"20200";"9500281";"sulfate de fer (sulfate ferreux heptahydrate)";"7782-63-0";"216.72";"Autre";"";"Non"
2022;"20200";"9500649";"folpel";"133-07-3";"12";"CMR";"";"Non"
2022;"20200";"9500649";"fosetyl-aluminium";"39148-24-8";"24";"Autre";"";"Non"
2022;"20200";"9700332";"azoxystrobine";"131860-33-8";"0.5";"Santé A";"";"Non"
2022;"20200";"9800336";"lambda-cyhalothrine";"91465-08-6";"0.6";"Santé A";"Substitution";"Non"
2022;"20200";"9800420";"spiroxamine";"118134-30-8";"4.5";"CMR";"";"Non"
2022;"20200";"9800474";"cuivre du sulfate de cuivre";"8011-63-0";"15";"Env A";"Substitution";"Non"
2022;"20200";"9800481";"fleur de chaux (chaux eteinte)";"1305-62-0";"0.65";"Autre";"";"Non"
2022;"20200";"9900227";"cuivre de l'hydroxyde de cuivre";"20427-59-2";"14";"Santé A";"Substitution";"Non"
2022;"20200";"9900257";"cuivre du sulfate de cuivre";"8011-63-0";"1.8";"Env A";"Substitution";"Non"
2022;"20212";"2000125";"cuivre du sulfate de cuivre";"8011-63-0";"0.1";"Env A";"Substitution";"Non"
2022;"20212";"2110180";"cuivre de l'oxyde cuivreux";"1317-39-1";"0.075";"Env A";"Substitution";"Non"
2022;"20212";"2140252";"phosphate ferrique";"10045-86-0";"0.009375";"Autre";"";"Non"
2022;"20212";"2150790";"phosphate ferrique";"10045-86-0";"0.0045";"Autre";"";"Non"
2022;"20212";"2190808";"huile de colza";"8002-13-9";"0.007";"Autre";"";"Non"
2022;"20212";"2190808";"pyrethrines";"8003-34-7";"0.000070";"Env A";"";"Non"
2022;"20212";"9500281";"2,4-mcpa";"94-74-6";"0.252";"Env A";"";"Non"
2022;"20212";"9500281";"dicamba";"1918-00-9";"0.0216";"Env B";"";"Non"
2022;"20212";"9500281";"sulfate de fer (sulfate ferreux heptahydrate)";"7782-63-0";"15.48";"Autre";"";"Non"
2022;"20212";"9500341";"soufre";"7704-34-9";"0.6";"Autre";"";"Non"
2022;"20212";"9900257";"cuivre du sulfate de cuivre";"8011-63-0";"0.2";"Env A";"Substitution";"Non"
2022;"20213";"1030003";"polymere carboxyl sulfone cationique";"8061-53-8";"0.05904";"Autre";"";"Non"
2022;"20213";"2000018";"soufre pour pulverisation (micronise)";"7704-34-9";"32";"Autre";"";"Non"
2022;"20213";"2000044";"fluazifop-p-butyl";"79241-46-6";"9.375";"CMR";"";"Non"
2022;"20213";"2000125";"cuivre du sulfate de cuivre";"8011-63-0";"0.7";"Env A";"Substitution";"Non"
2022;"20213";"2000128";"diflufenicanil";"83164-33-4";"0.00456";"Env B";"";"Non"
2022;"20213";"2000128";"glyphosate";"1071-83-6";"0.076";"Env A";"";"Non"
2022;"20213";"2000128";"oxadiazon";"19666-30-9";"0.076";"Env A";"";"Non"
2022;"20213";"2000316";"esfenvalerate";"66230-04-4";"0.25";"Santé A";"Substitution";"Non"
2022;"20213";"2000510";"fer sous forme de sulfate de fer";"7720-78-7";"4.8";"Autre";"";"Non"
2022;"20213";"2000517";"cuivre de l'hydroxyde de cuivre";"20427-59-2";"68.4";"Santé A";"Substitution";"Non"
2022;"20213";"2010023";"deltamethrine";"52918-63-5";"0.825";"Santé A";"";"Non"
2022;"20213";"2010130";"cuivre de l'oxyde cuivreux";"1317-39-1";"22.5";"Env A";"Substitution";"Non"
2022;"20213";"2010513";"bacillus thuringiensis ssp kurstaki souche abts-351";"68038-71-1";"";"Autre";"";"Non"
2022;"20213";"2020241";"bacillus thuringiensis ssp aizawai souche abts-1857";"68038-71-1";"4.59";"Autre";"";"Non"
2022;"20213";"2030175";"bacillus thuringiensis ssp kurstaki souche sa-11";"68038-71-1";"0.068";"Autre";"";"Non"
2022;"20213";"2030337";"dichlorprop-p";"15165-67-0";"0.25";"Autre";"";"Non"
2022;"20213";"2050046";"flonicamide";"158062-67-0";"10";"Autre";"";"Non"
2022;"20213";"2060098";"spinosad";"168316-95-8";"7.44";"Env A";"";"Non"
2022;"20213";"2060130";"spinosad";"168316-95-8";"0.03768";"Env A";"";"Non"
2022;"20213";"2080026";"nicosulfuron";"111991-09-4";"0.9";"Env A";"";"Non"
2022;"20213";"2080060";"pyriproxyfene";"95737-68-1";"13.0";"Env A";"";"Non"
2022;"20213";"2090080";"sulcotrione";"99105-77-8";"9";"CMR";"";"Non"
2022;"20213";"2090126";"cyazofamide";"120116-88-3";"0.375";"Env A";"";"Non"
2022;"20213";"2090126";"phosphonate de disodium";"13708-85-5";"3.75";"Autre";"";"Non"
2022;"20213";"2090127";"huile essentielle d'orange douce";"8028-48-6";"22.2";"Env A";"";"Non"
2022;"20213";"2090146";"abamectine";"71751-41-2";"0.000011";"CMR";"";"Non"
2022;"20213";"2090146";"pyrethrines";"8003-34-7";"0.00015";"Env A";"";"Non"
2022;"20213";"2090188";"glyphosate";"1071-83-6";"50.4";"Env A";"";"Non"
2022;"20213";"2090199";"huile de colza";"8002-13-9";"0.618975";"Autre";"";"Non"
2022;"20213";"2090199";"pyrethrines";"8003-34-7";"0.003443";"Env A";"";"Non"
2022;"20213";"2100038";"kaolin";"1332-58-7";"550";"Autre";"";"Non"
2022;"20213";"2100111";"mesotrione";"104206-82-8";"3.375";"CMR";"";"Non"
2022;"20213";"2100111";"nicosulfuron";"111991-09-4";"1.35";"Env A";"";"Non"
2022;"20213";"2100122";"chlorantraniliprole";"500008-45-7";"7.7";"Env A";"";"Non"
2022;"20213";"2100181";"fluopicolide";"239110-15-7";"0.3996";"Env A";"";"Non"
2022;"20213";"2100181";"fosetyl-aluminium";"39148-24-8";"6.0003";"Autre";"";"Non"
2022;"20213";"2100231";"emamectine benzoate";"155569-91-8";"0.1235";"Santé A";"";"Non"
2022;"20213";"2110012";"cyazofamide";"120116-88-3";"0.16";"Env A";"";"Non"
2022;"20213";"2110059";"bicarbonate de potassium";"298-14-6";"25.5";"Autre";"";"Non"
2022;"20213";"2110073";"indoxacarbe";"173584-44-6";"0.15";"Santé A";"";"Non"
2022;"20213";"2110086";"spirotetramat";"203313-25-1";"26.000";"CMR";"";"Oui"
2022;"20213";"2110095";"cloquintocet-mexyl";"99607-70-2";"0.16875";"Autre";"";"Non"
2022;"20213";"2110095";"florasulame";"145701-23-1";"0.075";"Env A";"";"Non"
2022;"20213";"2110095";"pinoxaden";"243973-20-8";"0.675";"CMR";"";"Non"
2022;"20213";"2110101";"pyraflufen-ethyl";"129630-19-9";"0.9275";"Env A";"";"Non"
2022;"20213";"2110115";"cypermethrine";"52315-07-8";"0.5";"Env A";"";"Non"
2022;"20213";"2110141";"dimethomorphe";"110488-70-5";"7.20";"Env A";"Exclusion";"Non"
2022;"20213";"2110141";"pyraclostrobine";"175013-18-0";"4.0";"Santé A";"";"Non"
2022;"20213";"2110149";"huile de colza";"8002-13-9";"0.070304";"Autre";"";"Non"
2022;"20213";"2110150";"huile de colza";"8002-13-9";"1.12665";"Autre";"";"Non"
2022;"20213";"2110180";"cuivre de l'oxyde cuivreux";"1317-39-1";"0.075";"Env A";"Substitution";"Non"
2022;"20213";"2110196";"bicarbonate de potassium";"298-14-6";"0.085";"Autre";"";"Non"
2022;"20213";"2120018";"glyphosate";"1071-83-6";"0.384";"Env A";"";"Non"
2022;"20213";"2120048";"aminopyralid";"150114-71-9";"0.03";"Env A";"";"Non"
2022;"20213";"2120048";"triclopyr";"55335-06-3";"0.24";"Env B";"";"Non"
2022;"20213";"2120074";"forchlorfenuron";"68157-60-8";"0.21";"CMR";"";"Non"
2022;"20213";"2120130";"(z)-8-dodecenol";"40642-40-8";"0.05";"Env A";"";"Non"
2022;"20213";"2120130";"acetate de e-8-dodecenyle";"38363-29-0";"0.3";"Autre";"";"Non"
2022;"20213";"2120130";"acetate de z-8-dodecenyle";"28079-04-1";"4.65";"Autre";"";"Non"
2022;"20213";"2130049";"cyflufenamid";"180409-60-3";"0.06";"Env A";"";"Non"
2022;"20213";"2130049";"difenoconazole";"119446-68-3";"0.12";"Env A";"";"Non"
2022;"20213";"2130083";"lambda-cyhalothrine";"91465-08-6";"3.1";"Santé A";"Substitution";"Non"
2022;"20213";"2130112";"deltamethrine";"52918-63-5";"0.0000090";"Santé A";"";"Non"
2022;"20213";"2130112";"hydrolysat de proteines";"";"0.00147";"Autre";"";"Non"
2022;"20213";"2130115";"deltamethrine";"52918-63-5";"0.07944";"Santé A";"";"Non"
2022;"20213";"2130126";"fer sous forme de sulfate de fer";"7720-78-7";"2.856";"Autre";"";"Non"
2022;"20213";"2130152";"fluopyram";"658066-35-4";"0.50";"Env A";"";"Non"
2022;"20213";"2130152";"trifloxystrobine";"141517-21-7";"0.50";"Env A";"";"Non"
2022;"20213";"2130153";"acide acetique";"64-19-7";"0.054";"Autre";"";"Non"
2022;"20213";"2130212";"phosmet";"732-11-6";"17.5";"CMR";"";"Non"
2022;"20213";"2140001";"acide gibberellique";"77-06-5";"0.36";"Autre";"";"Non"
2022;"20213";"2140022";"oligomeres terpeniques";"70750-57-1";"18.2";"Autre";"";"Non"
2022;"20213";"2140035";"abamectine";"71751-41-2";"0.270";"CMR";"";"Oui"
2022;"20213";"2140084";"polysulfure de calcium";"1344-81-6";"30.4";"Env A";"";"Non"
2022;"20213";"2140085";"abamectine";"71751-41-2";"9.072";"CMR";"";"Non"
2022;"20213";"2140106";"huile minerale paraffinique";"8042-47-5";"8.295";"Autre";"";"Non"
2022;"20213";"2140147";"deltamethrine";"52918-63-5";"0.165";"Santé A";"";"Non"
2022;"20213";"2140201";"cyflufenamid";"180409-60-3";"0.375";"Env A";"";"Non"
2022;"20213";"2140201";"difenoconazole";"119446-68-3";"3.125";"Env A";"";"Non"
2022;"20213";"2150140";"glyphosate";"1071-83-6";"338.400";"Env A";"";"Oui"
2022;"20213";"2150387";"ametoctradine";"865318-97-4";"1.5";"Env A";"";"Non"
2022;"20213";"2150387";"dimethomorphe";"110488-70-5";"1.125";"Env A";"Exclusion";"Non"
2022;"20213";"2150417";"bacillus thuringiensis ssp kurstaki souche abts-351";"68038-71-1";"0.643658";"Autre";"";"Non"
2022;"20213";"2150483";"lambda-cyhalothrine";"91465-08-6";"0.08";"Santé A";"Substitution";"Non"
2022;"20213";"2150790";"phosphate ferrique";"10045-86-0";"0.045";"Autre";"";"Non"
2022;"20213";"2150914";"fosetyl-aluminium";"39148-24-8";"536";"Autre";"";"Non"
2022;"20213";"2150964";"lambda-cyhalothrine";"91465-08-6";"2.08";"Santé A";"Substitution";"Non"
2022;"20213";"2160008";"fluopyram";"658066-35-4";"0.6";"Env A";"";"Non"
2022;"20213";"2160008";"tebuconazole";"107534-96-3";"0.6";"CMR";"";"Non"
2022;"20213";"2160115";"acide pelargonique";"112-05-0";"0.3099";"Autre";"";"Non"
2022;"20213";"2160383";"acide gibberellique";"77-06-5";"16.3493";"Autre";"";"Non"
2022;"20213";"2160527";"sels de potassium d'acides gras";"10124-65-9";"33.586";"Autre";"";"Non"
2022;"20213";"2160756";"dodine";"2439-10-3";"29.92";"Env A";"";"Non"
2022;"20213";"2160962";"fluxapyroxad";"907204-31-3";"1.2";"Santé A";"";"Non"
2022;"20213";"2170085";"dithianon";"3347-22-6";"1.25";"Env A";"";"Non"
2022;"20213";"2170085";"phosphonate de potassium";"13492-26-7";"5.612";"Autre";"";"Non"
2022;"20213";"2170243";"acide pelargonique";"112-05-0";"0.3";"Autre";"";"Non"
2022;"20213";"2170462";"huile minerale blanche";"8042-47-5";"39.5";"Autre";"";"Non"
2022;"20213";"2170547";"flazasulfuron";"104040-78-0";"0.25";"Env A";"";"Non"
2022;"20213";"2170977";"huile de colza";"8002-13-9";"0.011453";"Autre";"";"Non"
2022;"20213";"2170978";"huile de colza";"8002-13-9";"0.933064";"Autre";"";"Non"
2022;"20213";"2171073";"flazasulfuron";"104040-78-0";"0.3";"Env A";"";"Non"
2022;"20213";"2171086";"pyriproxyfene";"95737-68-1";"9.9";"Env A";"";"Non"
2022;"20213";"2171243";"fosetyl-aluminium";"39148-24-8";"16.000";"Autre";"";"Oui"
2022;"20213";"2180124";"metalaxyl";"57837-19-1";"0.048";"Env B";"";"Non"
2022;"20213";"2180124";"prothioconazole";"178928-70-6";"0.24";"Env A";"";"Non"
2022;"20213";"2180319";"cuivre du sulfate tribasique";"12527-76-3";"0.004088";"Env A";"Substitution";"Non"
2022;"20213";"2180408";"huile de paraffine";"64742-46-7";"3.2";"Autre";"";"Non"
2022;"20213";"2180670";"cuivre de l'hydroxyde de cuivre";"20427-59-2";"2.8";"Santé A";"Substitution";"Non"
2022;"20213";"2180670";"cuivre de l'oxychlorure de cuivre";"1332-65-6";"2.8";"Santé A";"Substitution";"Non"
2022;"20213";"2180829";"cuivre de l'hydroxyde de cuivre";"20427-59-2";"1.36";"Santé A";"Substitution";"Non"
2022;"20213";"2180829";"cuivre de l'oxychlorure de cuivre";"1332-65-6";"1.36";"Santé A";"Substitution";"Non"
2022;"20213";"2180858";"huile essentielle de menthe verte";"8008-79-5";"0.04862";"Env A";"";"Non"
2022;"20213";"2180888";"cuivre du sulfate tribasique";"12527-76-3";"0.1425";"Env A";"Substitution";"Non"
2022;"20213";"2189993";"cuivre du sulfate de cuivre";"8011-63-0";"0.08";"Env A";"Substitution";"Non"
2022;"20213";"2189996";"azadirachtine";"11141-17-6";"0.156";"CMR";"";"Non"
2022;"20213";"2190319";"acide pelargonique";"112-05-0";"0.525332";"Autre";"";"Non"
2022;"20213";"2190441";"spinosad";"168316-95-8";"0.072";"Env A";"";"Non"
2022;"20213";"2190594";"(e,z)-3,8-tetradecadien-1-yl acetate";"163041-87-0";"";"Autre";"";"Non"
2022;"20213";"2190594";"(e,z,z)-3,8,11-tetradecatrien-1-yl acetate";"163041-94-9";"";"Autre";"";"Non"
2022;"20213";"2200059";"huile essentielle d'orange douce";"8028-48-6";"0.018";"Env A";"";"Non"
2022;"20213";"2200526";"acide pelargonique";"112-05-0";"0.4524";"Autre";"";"Non"
2022;"20213";"7200313";"alcools terpeniques";"98-55-5";"162.925";"Autre";"";"Non"
2022;"20213";"8400528";"isoxaben";"82558-50-7";"0.625";"Env B";"";"Non"
2022;"20213";"8500351";"acide b-indole butyrique (aib)";"133-32-4";"0.000125";"CMR";"";"Non"
2022;"20213";"8700111";"huile de ricin";"8001-79-4";"0.4224";"Autre";"";"Non"
2022;"20213";"8700111";"resines (colophane)";"8050-09-7";"0.2112";"Autre";"";"Non"
2022;"20213";"8800841";"difenoconazole";"119446-68-3";"0.75";"Env A";"";"Non"
2022;"20213";"8900685";"e/z8 acetate de dodecenyle";"37338-40-2";"0.3924";"Autre";"";"Non"
2022;"20213";"9000222";"soufre";"7704-34-9";"56";"Autre";"";"Non"
2022;"20213";"9000490";"cycloxydime";"101205-02-1";"5.5";"CMR";"";"Non"
2022;"20213";"9100296";"2,4-d";"94-75-7";"15";"Env B";"";"Non"
2022;"20213";"9200235";"huile minerale paraffinique";"8042-47-5";"6146.2";"Autre";"";"Non"
2022;"20213";"9300032";"tebufenozide";"112410-23-8";"2.4";"Env A";"";"Non"
2022;"20213";"9300108";"captane";"133-06-2";"4";"CMR";"";"Non"
2022;"20213";"9300186";"tebuconazole";"107534-96-3";"0.5";"CMR";"";"Non"
2022;"20213";"9300504";"huile de vaseline";"8042-47-5";"2875.84";"Autre";"";"Non"
2022;"20213";"9400085";"etofenprox";"80844-07-1";"1.4375";"Santé A";"";"Non"
2022;"20213";"9400485";"cymoxanil";"57966-95-7";"0.4";"CMR";"";"Non"
2022;"20213";"9400485";"folpel";"133-07-3";"3.34";"CMR";"";"Non"
2022;"20213";"9500147";"soufre pour pulverisation (micronise)";"7704-34-9";"23.84";"Autre";"";"Non"
2022;"20213";"9500281";"2,4-mcpa";"94-74-6";"5.796";"Env A";"";"Non"
2022;"20213";"9500281";"dicamba";"1918-00-9";"0.4968";"Env B";"";"Non"
2022;"20213";"9500281";"sulfate de fer (sulfate ferreux heptahydrate)";"7782-63-0";"356.04";"Autre";"";"Non"
2022;"20213";"9500341";"soufre";"7704-34-9";"0.88";"Autre";"";"Non"
2022;"20213";"9500568";"cyprodinyl";"121552-61-2";"0.75";"Env A";"";"Non"
2022;"20213";"9500568";"fludioxonil";"131341-86-1";"0.5";"Env A";"";"Non"
2022;"20213";"9500649";"folpel";"133-07-3";"9";"CMR";"";"Non"
2022;"20213";"9500649";"fosetyl-aluminium";"39148-24-8";"18";"Autre";"";"Non"
2022;"20213";"9600025";"fosetyl-aluminium";"39148-24-8";"76.8";"Autre";"";"Non"
2022;"20213";"9600116";"zirame";"137-30-4";"15.2";"Santé A";"";"Non"
2022;"20213";"9600526";"acibenzolar-s-methyl";"135158-54-2";"2.8";"Env A";"";"Non"
2022;"20213";"9700070";"flazasulfuron";"104040-78-0";"0.5";"Env A";"";"Non"
2022;"20213";"9700214";"kresoxim-methyl";"143390-89-0";"0.3";"CMR";"";"Non"
2022;"20213";"9800336";"lambda-cyhalothrine";"91465-08-6";"5.3";"Santé A";"Substitution";"Non"
2022;"20213";"9800420";"spiroxamine";"118134-30-8";"4.0";"CMR";"";"Non"
2022;"20213";"9800474";"cuivre du sulfate de cuivre";"8011-63-0";"39";"Env A";"Substitution";"Non"
2022;"20213";"9800481";"fleur de chaux (chaux eteinte)";"1305-62-0";"0.65";"Autre";"";"Non"
2022;"20213";"9800484";"etoxazole";"153233-91-1";"0.11";"Env A";"Substitution";"Non"
2022;"20213";"9900189";"coniothyrium minitans souche con/m/91-08";"";"";"Autre";"";"Non"
2022;"20213";"9900227";"cuivre de l'hydroxyde de cuivre";"20427-59-2";"128";"Santé A";"Substitution";"Non"
2022;"20213";"9900257";"cuivre du sulfate de cuivre";"8011-63-0";"6.6";"Env A";"Substitution";"Non"
2022;"20214";"1030003";"polymere carboxyl sulfone cationique";"8061-53-8";"0.01968";"Autre";"";"Non"
2022;"20214";"2000018";"soufre pour pulverisation (micronise)";"7704-34-9";"16";"Autre";"";"Non"
2022;"20214";"2000510";"fer sous forme de sulfate de fer";"7720-78-7";"1.6";"Autre";"";"Non"
2022;"20214";"2000517";"cuivre de l'hydroxyde de cuivre";"20427-59-2";"14.4";"Santé A";"Substitution";"Non"
2022;"20214";"2010023";"deltamethrine";"52918-63-5";"0.075";"Santé A";"";"Non"
2022;"20214";"2010513";"bacillus thuringiensis ssp kurstaki souche abts-351";"68038-71-1";"";"Autre";"";"Non"
2022;"20214";"2020241";"bacillus thuringiensis ssp aizawai souche abts-1857";"68038-71-1";"0.54";"Autre";"";"Non"
2022;"20214";"2060098";"spinosad";"168316-95-8";"0.48";"Env A";"";"Non"
2022;"20214";"2090119";"cuivre du sulfate tribasique";"12527-76-3";"4.75";"Env A";"Substitution";"Non"
2022;"20214";"2090127";"huile essentielle d'orange douce";"8028-48-6";"0.6";"Env A";"";"Non"
2022;"20214";"2100030";"phosphate ferrique";"10045-86-0";"0.1485";"Autre";"";"Non"
2022;"20214";"2100038";"kaolin";"1332-58-7";"7.5";"Autre";"";"Non"
2022;"20214";"2110059";"bicarbonate de potassium";"298-14-6";"8.5";"Autre";"";"Non"
2022;"20214";"2110143";"metribuzine";"21087-64-9";"1.8";"Env A";"";"Non"
2022;"20214";"2110150";"huile de colza";"8002-13-9";"0.3108";"Autre";"";"Non"
2022;"20214";"2110154";"2,4-mcpa";"94-74-6";"1.02";"Env A";"";"Non"
2022;"20214";"2110154";"dicamba";"1918-00-9";"0.09";"Env B";"";"Non"
2022;"20214";"2130115";"deltamethrine";"52918-63-5";"0.0075";"Santé A";"";"Non"
2022;"20214";"2140085";"abamectine";"71751-41-2";"0.108";"CMR";"";"Non"
2022;"20214";"2140215";"(z)-9-dodecenylacetate";"16974-11-1";"2.7346";"Env A";"";"Non"
2022;"20214";"2140215";"e7,z9-dodecadienylacetate";"54364-62-4";"2.6257";"Env A";"";"Non"
2022;"20214";"2150140";"glyphosate";"1071-83-6";"43.2";"Env A";"";"Non"
2022;"20214";"2160608";"huile de colza";"8002-13-9";"12.3795";"Autre";"";"Non"
2022;"20214";"2160608";"pyrethrines";"8003-34-7";"0.06885";"Env A";"";"Non"
2022;"20214";"2169999";"cyantraniliprole";"736994-63-1";"0.1";"Env A";"";"Non"
2022;"20214";"2170437";"beauveria bassiana souche atcc 74040";"63428-82-0";"";"Autre";"";"Non"
2022;"20214";"2180670";"cuivre de l'hydroxyde de cuivre";"20427-59-2";"1.4";"Santé A";"Substitution";"Non"
2022;"20214";"2180670";"cuivre de l'oxychlorure de cuivre";"1332-65-6";"1.4";"Santé A";"Substitution";"Non"
2022;"20214";"2190054";"spinosad";"168316-95-8";"1.2";"Env A";"";"Non"
2022;"20214";"2190594";"(e,z)-3,8-tetradecadien-1-yl acetate";"163041-87-0";"";"Autre";"";"Non"
2022;"20214";"2190594";"(e,z,z)-3,8,11-tetradecatrien-1-yl acetate";"163041-94-9";"";"Autre";"";"Non"
2022;"20214";"5100219";"soufre sublime";"7704-34-9";"3588.75";"Autre";"";"Non"
2022;"20214";"7500716";"cuivre du sulfate de cuivre";"8011-63-0";"0.9";"Env A";"Substitution";"Non"
2022;"20214";"9000222";"soufre";"7704-34-9";"1183";"Autre";"";"Non"
2022;"20214";"9200482";"bacillus thuringiensis ssp kurstaki souche sa-11";"68038-71-1";"0.068";"Autre";"";"Non"
2022;"20214";"9300504";"huile de vaseline";"8042-47-5";"65.36";"Autre";"";"Non"
2022;"20214";"9500147";"soufre pour pulverisation (micronise)";"7704-34-9";"16";"Autre";"";"Non"
2022;"20214";"9500199";"propamocarbe hcl";"25606-41-1";"2.166";"Autre";"";"Non"
2022;"20214";"9500281";"2,4-mcpa";"94-74-6";"0.252";"Env A";"";"Non"
2022;"20214";"9500281";"dicamba";"1918-00-9";"0.0216";"Env B";"";"Non"
2022;"20214";"9500281";"sulfate de fer (sulfate ferreux heptahydrate)";"7782-63-0";"15.48";"Autre";"";"Non"
2022;"20214";"9500568";"cyprodinyl";"121552-61-2";"0.375";"Env A";"";"Non"
2022;"20214";"9500568";"fludioxonil";"131341-86-1";"0.25";"Env A";"";"Non"
2022;"20214";"9800096";"huile de paraffine";"64742-46-7";"2.4";"Autre";"";"Non"
2022;"20214";"9800336";"lambda-cyhalothrine";"91465-08-6";"0.2";"Santé A";"Substitution";"Non"
2022;"20214";"9800474";"cuivre du sulfate de cuivre";"8011-63-0";"42";"Env A";"Substitution";"Non"
2022;"20214";"9900227";"cuivre de l'hydroxyde de cuivre";"20427-59-2";"16";"Santé A";"Substitution";"Non"
2022;"20214";"9900257";"cuivre du sulfate de cuivre";"8011-63-0";"0.2";"Env A";"Substitution";"Non"
2022;"20215";"1030003";"polymere carboxyl sulfone cationique";"8061-53-8";"0.03936";"Autre";"";"Non"
2022;"20215";"2000018";"soufre pour pulverisation (micronise)";"7704-34-9";"16";"Autre";"";"Non"
2022;"20215";"2000044";"fluazifop-p-butyl";"79241-46-6";"34.375";"CMR";"";"Non"
2022;"20215";"2000125";"cuivre du sulfate de cuivre";"8011-63-0";"0.6";"Env A";"Substitution";"Non"
2022;"20215";"2000128";"diflufenicanil";"83164-33-4";"0.0138";"Env B";"";"Non"
2022;"20215";"2000128";"glyphosate";"1071-83-6";"0.23";"Env A";"";"Non"
2022;"20215";"2000128";"oxadiazon";"19666-30-9";"0.23";"Env A";"";"Non"
2022;"20215";"2000202";"glyphosate";"1071-83-6";"79.2";"Env A";"";"Non"
2022;"20215";"2000316";"esfenvalerate";"66230-04-4";"0.25";"Santé A";"Substitution";"Non"
2022;"20215";"2000327";"carfentrazone ethyl";"128639-02-1";"0.9";"Env A";"";"Non"
2022;"20215";"2000510";"fer sous forme de sulfate de fer";"7720-78-7";"4.8";"Autre";"";"Non"
2022;"20215";"2000517";"cuivre de l'hydroxyde de cuivre";"20427-59-2";"5.4";"Santé A";"Substitution";"Non"
2022;"20215";"2010023";"deltamethrine";"52918-63-5";"3.60";"Santé A";"";"Non"
2022;"20215";"2010130";"cuivre de l'oxyde cuivreux";"1317-39-1";"165";"Env A";"Substitution";"Non"
2022;"20215";"2010398";"folpel";"133-07-3";"28.8";"CMR";"";"Non"
2022;"20215";"2010398";"metalaxyl-m";"70630-17-0";"3.492";"Autre";"";"Non"
2022;"20215";"2010513";"bacillus thuringiensis ssp kurstaki souche abts-351";"68038-71-1";"";"Autre";"";"Non"
2022;"20215";"2020241";"bacillus thuringiensis ssp aizawai souche abts-1857";"68038-71-1";"2.16";"Autre";"";"Non"
2022;"20215";"2030175";"bacillus thuringiensis ssp kurstaki souche sa-11";"68038-71-1";"0.0935";"Autre";"";"Non"
2022;"20215";"2030337";"dichlorprop-p";"15165-67-0";"0.625";"Autre";"";"Non"
2022;"20215";"2050046";"flonicamide";"158062-67-0";"35.5";"Autre";"";"Non"
2022;"20215";"2060050";"metrafenone";"220899-03-6";"3";"Env A";"";"Non"
2022;"20215";"2060084";"boscalid";"188425-85-6";"30.171";"Env A";"";"Non"
2022;"20215";"2060084";"pyraclostrobine";"175013-18-0";"7.571";"Santé A";"";"Non"
2022;"20215";"2060085";"boscalid";"188425-85-6";"1.8";"Env A";"";"Non"
2022;"20215";"2060085";"kresoxim-methyl";"143390-89-0";"0.9";"CMR";"";"Non"
2022;"20215";"2060098";"spinosad";"168316-95-8";"8.40";"Env A";"";"Non"
2022;"20215";"2060130";"spinosad";"168316-95-8";"0.05376";"Env A";"";"Non"
2022;"20215";"2060172";"tetraconazole";"112281-77-3";"0.5";"Env A";"";"Non"
2022;"20215";"2070133";"napropamide";"15299-99-7";"15.75";"Env A";"";"Non"
2022;"20215";"2080060";"pyriproxyfene";"95737-68-1";"2.9";"Env A";"";"Non"
2022;"20215";"2080063";"benalaxyl-m";"98243-83-5";"4.875";"Env A";"";"Non"
2022;"20215";"2080063";"folpel";"133-07-3";"62.4";"CMR";"";"Non"
2022;"20215";"2080100";"folpel";"133-07-3";"8";"CMR";"";"Non"
2022;"20215";"2080100";"mandipropamide";"374726-62-2";"1";"Env A";"";"Non"
2022;"20215";"2080129";"meptyldinocap";"131-72-6";"10.5";"Env A";"";"Non"
2022;"20215";"2090001";"proquinazid";"189278-12-4";"3.0";"CMR";"";"Non"
2022;"20215";"2090050";"cypermethrine";"52315-07-8";"0.768";"Env A";"";"Non"
2022;"20215";"2090080";"sulcotrione";"99105-77-8";"4.5";"CMR";"";"Non"
2022;"20215";"2090093";"glyphosate";"1071-83-6";"342";"Env A";"";"Non"
2022;"20215";"2090119";"cuivre du sulfate tribasique";"12527-76-3";"1.9";"Env A";"Substitution";"Non"
2022;"20215";"2090126";"cyazofamide";"120116-88-3";"0.75";"Env A";"";"Non"
2022;"20215";"2090126";"phosphonate de disodium";"13708-85-5";"7.5";"Autre";"";"Non"
2022;"20215";"2090127";"huile essentielle d'orange douce";"8028-48-6";"17.1";"Env A";"";"Non"
2022;"20215";"2090146";"abamectine";"71751-41-2";"0.000011";"CMR";"";"Non"
2022;"20215";"2090146";"pyrethrines";"8003-34-7";"0.00015";"Env A";"";"Non"
2022;"20215";"2090188";"glyphosate";"1071-83-6";"167.4";"Env A";"";"Non"
2022;"20215";"2090199";"huile de colza";"8002-13-9";"1.856925";"Autre";"";"Non"
2022;"20215";"2090199";"pyrethrines";"8003-34-7";"0.010328";"Env A";"";"Non"
2022;"20215";"2100030";"phosphate ferrique";"10045-86-0";"1.188";"Autre";"";"Non"
2022;"20215";"2100038";"kaolin";"1332-58-7";"775";"Autre";"";"Non"
2022;"20215";"2100122";"chlorantraniliprole";"500008-45-7";"1.75";"Env A";"";"Non"
2022;"20215";"2100181";"fluopicolide";"239110-15-7";"1.4652";"Env A";"";"Non"
2022;"20215";"2100181";"fosetyl-aluminium";"39148-24-8";"22.0011";"Autre";"";"Non"
2022;"20215";"2100221";"ametoctradine";"865318-97-4";"11.4";"Env A";"";"Non"
2022;"20215";"2100221";"metirame";"9006-42-2";"41.8";"Env A";"";"Non"
2022;"20215";"2100231";"emamectine benzoate";"155569-91-8";"1.995";"Santé A";"";"Non"
2022;"20215";"2110059";"bicarbonate de potassium";"298-14-6";"80.75";"Autre";"";"Non"
2022;"20215";"2110073";"indoxacarbe";"173584-44-6";"1.95";"Santé A";"";"Non"
2022;"20215";"2110086";"spirotetramat";"203313-25-1";"42.100";"CMR";"";"Oui"
2022;"20215";"2110101";"pyraflufen-ethyl";"129630-19-9";"0.1325";"Env A";"";"Non"
2022;"20215";"2110104";"clopyralid";"1702-17-6";"1.2";"Autre";"";"Non"
2022;"20215";"2110104";"florasulame";"145701-23-1";"0.0375";"Env A";"";"Non"
2022;"20215";"2110104";"fluroxypyr-meptyl";"81406-37-3";"2.16";"Env A";"";"Non"
2022;"20215";"2110115";"cypermethrine";"52315-07-8";"1";"Env A";"";"Non"
2022;"20215";"2110141";"dimethomorphe";"110488-70-5";"0.72";"Env A";"Exclusion";"Non"
2022;"20215";"2110141";"pyraclostrobine";"175013-18-0";"0.4";"Santé A";"";"Non"
2022;"20215";"2110143";"metribuzine";"21087-64-9";"1.8";"Env A";"";"Non"
2022;"20215";"2110149";"huile de colza";"8002-13-9";"0.131313";"Autre";"";"Non"
2022;"20215";"2110150";"huile de colza";"8002-13-9";"2.60295";"Autre";"";"Non"
2022;"20215";"2110173";"cuivre de l'oxychlorure de cuivre";"1332-65-6";"5.58";"Santé A";"Substitution";"Non"
2022;"20215";"2110173";"mandipropamide";"374726-62-2";"1";"Env A";"";"Non"
2022;"20215";"2110180";"cuivre de l'oxyde cuivreux";"1317-39-1";"0.075";"Env A";"Substitution";"Non"
2022;"20215";"2120018";"glyphosate";"1071-83-6";"0.384";"Env A";"";"Non"
2022;"20215";"2120048";"aminopyralid";"150114-71-9";"0.18";"Env A";"";"Non"
2022;"20215";"2120048";"triclopyr";"55335-06-3";"1.44";"Env B";"";"Non"
2022;"20215";"2120087";"spinetoram";"935545-74-7";"2.25";"CMR";"";"Non"
2022;"20215";"2120130";"(z)-8-dodecenol";"40642-40-8";"0.32";"Env A";"";"Non"
2022;"20215";"2120130";"acetate de e-8-dodecenyle";"38363-29-0";"1.92";"Autre";"";"Non"
2022;"20215";"2120130";"acetate de z-8-dodecenyle";"28079-04-1";"29.76";"Autre";"";"Non"
2022;"20215";"2120132";"dimethomorphe";"110488-70-5";"8.55";"Env A";"Exclusion";"Non"
2022;"20215";"2120132";"metirame";"9006-42-2";"41.8";"Env A";"";"Non"
2022;"20215";"2130049";"cyflufenamid";"180409-60-3";"0.9";"Env A";"";"Non"
2022;"20215";"2130049";"difenoconazole";"119446-68-3";"1.8";"Env A";"";"Non"
2022;"20215";"2130059";"lambda-cyhalothrine";"91465-08-6";"0.5";"Santé A";"Substitution";"Non"
2022;"20215";"2130067";"cyflufenamid";"180409-60-3";"2.75";"Env A";"";"Non"
2022;"20215";"2130083";"lambda-cyhalothrine";"91465-08-6";"5.7";"Santé A";"Substitution";"Non"
2022;"20215";"2130112";"deltamethrine";"52918-63-5";"1.523145";"Santé A";"";"Non"
2022;"20215";"2130112";"hydrolysat de proteines";"";"255.888364";"Autre";"";"Non"
2022;"20215";"2130115";"deltamethrine";"52918-63-5";"1.193025";"Santé A";"";"Non"
2022;"20215";"2130126";"fer sous forme de sulfate de fer";"7720-78-7";"5.712";"Autre";"";"Non"
2022;"20215";"2130152";"fluopyram";"658066-35-4";"3.0";"Env A";"";"Non"
2022;"20215";"2130152";"trifloxystrobine";"141517-21-7";"3.0";"Env A";"";"Non"
2022;"20215";"2130153";"acide acetique";"64-19-7";"0.06";"Autre";"";"Non"
2022;"20215";"2130212";"phosmet";"732-11-6";"22.5";"CMR";"";"Non"
2022;"20215";"2140022";"oligomeres terpeniques";"70750-57-1";"127.4";"Autre";"";"Non"
2022;"20215";"2140085";"abamectine";"71751-41-2";"11.844";"CMR";"";"Non"
2022;"20215";"2140127";"cymoxanil";"57966-95-7";"3.63";"CMR";"";"Non"
2022;"20215";"2140127";"zoxamide";"156052-68-5";"3.63";"Env A";"";"Non"
2022;"20215";"2140147";"deltamethrine";"52918-63-5";"0.225";"Santé A";"";"Non"
2022;"20215";"2140166";"acide decanoique";"334-48-5";"0.083958";"Env B";"";"Non"
2022;"20215";"2140166";"acide octanoique";"124-07-2";"0.125937";"Env B";"";"Non"
2022;"20215";"2140177";"pyriofenone";"688046-61-9";"4.5";"CMR";"";"Non"
2022;"20215";"2140184";"fenpyrazamine";"473798-59-3";"5";"Env A";"";"Non"
2022;"20215";"2140255";"acide pelargonique";"112-05-0";"20.4";"Autre";"";"Non"
2022;"20215";"2150086";"cyantraniliprole";"736994-63-1";"0.2";"Env A";"";"Non"
2022;"20215";"2150140";"glyphosate";"1071-83-6";"1044.000";"Env A";"";"Oui"
2022;"20215";"2150387";"ametoctradine";"865318-97-4";"7.8";"Env A";"";"Non"
2022;"20215";"2150387";"dimethomorphe";"110488-70-5";"5.85";"Env A";"Exclusion";"Non"
2022;"20215";"2150479";"cos-oga";"";"0.125";"Autre";"";"Non"
2022;"20215";"2150483";"lambda-cyhalothrine";"91465-08-6";"0.04";"Santé A";"Substitution";"Non"
2022;"20215";"2150790";"phosphate ferrique";"10045-86-0";"0.0735";"Autre";"";"Non"
2022;"20215";"2150914";"fosetyl-aluminium";"39148-24-8";"264";"Autre";"";"Non"
2022;"20215";"2150969";"phosphate ferrique";"10045-86-0";"0.029052";"Autre";"";"Non"
2022;"20215";"2160008";"fluopyram";"658066-35-4";"3.6";"Env A";"";"Non"
2022;"20215";"2160008";"tebuconazole";"107534-96-3";"3.6";"CMR";"";"Non"
2022;"20215";"2160115";"acide pelargonique";"112-05-0";"0.027891";"Autre";"";"Non"
2022;"20215";"2160383";"acide gibberellique";"77-06-5";"16.03701";"Autre";"";"Non"
2022;"20215";"2160395";"fenbuconazole";"114369-43-6";"0.44";"Env A";"";"Non"
2022;"20215";"2160395";"tetraconazole";"112281-77-3";"0.44";"Env A";"";"Non"
2022;"20215";"2160397";"fluopyram";"658066-35-4";"0.4";"Env A";"";"Non"
2022;"20215";"2160694";"cuivre du sulfate tribasique";"12527-76-3";"50.4";"Env A";"Substitution";"Non"
2022;"20215";"2160713";"spinetoram";"935545-74-7";"0.72";"CMR";"";"Non"
2022;"20215";"2160756";"dodine";"2439-10-3";"21.76";"Env A";"";"Non"
2022;"20215";"2160841";"bacillus amyloliquefaciens subsp plantarum d747";"";"";"Autre";"";"Non"
2022;"20215";"2160962";"fluxapyroxad";"907204-31-3";"4.8";"Santé A";"";"Non"
2022;"20215";"2160963";"fluxapyroxad";"907204-31-3";"0.6";"Santé A";"";"Non"
2022;"20215";"2169999";"cyantraniliprole";"736994-63-1";"0.4";"Env A";"";"Non"
2022;"20215";"2170243";"acide pelargonique";"112-05-0";"0.1";"Autre";"";"Non"
2022;"20215";"2170547";"flazasulfuron";"104040-78-0";"1.75";"Env A";"";"Non"
2022;"20215";"2170685";"acide acetique";"64-19-7";"0.3";"Autre";"";"Non"
2022;"20215";"2171073";"flazasulfuron";"104040-78-0";"0.05";"Env A";"";"Non"
2022;"20215";"2171086";"pyriproxyfene";"95737-68-1";"2.6";"Env A";"";"Non"
2022;"20215";"2171119";"mandipropamide";"374726-62-2";"5";"Env A";"";"Non"
2022;"20215";"2171119";"zoxamide";"156052-68-5";"4.80";"Env A";"";"Non"
2022;"20215";"2171134";"dithianon";"3347-22-6";"2.5";"Env A";"";"Non"
2022;"20215";"2171200";"bicarbonate de potassium";"298-14-6";"24.8725";"Autre";"";"Non"
2022;"20215";"2171243";"fosetyl-aluminium";"39148-24-8";"8.000";"Autre";"";"Oui"
2022;"20215";"2171312";"huile de colza";"8002-13-9";"0.028";"Autre";"";"Non"
2022;"20215";"2171312";"pyrethrines";"8003-34-7";"0.00028";"Env A";"";"Non"
2022;"20215";"2180275";"cerevisane";"68876-77-7";"0.01882";"Autre";"";"Non"
2022;"20215";"2180319";"cuivre du sulfate tribasique";"12527-76-3";"0.008176";"Env A";"Substitution";"Non"
2022;"20215";"2180408";"huile de paraffine";"64742-46-7";"2.4";"Autre";"";"Non"
2022;"20215";"2180651";"bacillus amyloliquefaciens souche fzb24";"NC";"";"Autre";"";"Non"
2022;"20215";"2189993";"cuivre du sulfate de cuivre";"8011-63-0";"0.08";"Env A";"Substitution";"Non"
2022;"20215";"2189996";"azadirachtine";"11141-17-6";"2.158";"CMR";"";"Non"
2022;"20215";"2190054";"spinosad";"168316-95-8";"0.24";"Env A";"";"Non"
2022;"20215";"2190088";"spinosad";"168316-95-8";"0.00288";"Env A";"";"Non"
2022;"20215";"2190198";"soufre pour pulverisation (micronise)";"7704-34-9";"152";"Autre";"";"Non"
2022;"20215";"2190319";"acide pelargonique";"112-05-0";"0.361704";"Autre";"";"Non"
2022;"20215";"2190346";"bacillus amyloliquefaciens subsp plantarum d747";"";"";"Autre";"";"Non"
2022;"20215";"2190594";"(e,z)-3,8-tetradecadien-1-yl acetate";"163041-87-0";"";"Autre";"";"Non"
2022;"20215";"2190594";"(e,z,z)-3,8,11-tetradecatrien-1-yl acetate";"163041-94-9";"";"Autre";"";"Non"
2022;"20215";"2190730";"cos-oga";"";"0.375";"Autre";"";"Non"
2022;"20215";"2190760";"spinosad";"168316-95-8";"0.0028";"Env A";"";"Non"
2022;"20215";"2190808";"huile de colza";"8002-13-9";"0.035";"Autre";"";"Non"
2022;"20215";"2190808";"pyrethrines";"8003-34-7";"0.00035";"Env A";"";"Non"
2022;"20215";"2190893";"folpel";"133-07-3";"4";"CMR";"";"Non"
2022;"20215";"2190893";"mandipropamide";"374726-62-2";"0.5";"Env A";"";"Non"
2022;"20215";"2200059";"huile essentielle d'orange douce";"8028-48-6";"0.03";"Env A";"";"Non"
2022;"20215";"2200526";"acide pelargonique";"112-05-0";"0.141375";"Autre";"";"Non"
2022;"20215";"5100219";"soufre sublime";"7704-34-9";"1163.25";"Autre";"";"Non"
2022;"20215";"7200313";"alcools terpeniques";"98-55-5";"106.4";"Autre";"";"Non"
2022;"20215";"7600008";"bupirimate";"41483-43-6";"14";"CMR";"";"Non"
2022;"20215";"7700216";"soufre pour pulverisation (micronise)";"7704-34-9";"41.25";"Autre";"";"Non"
2022;"20215";"8100236";"chlorophacinone";"3691-35-8";"0.000056";"Autre";"";"Non"
2022;"20215";"8400528";"isoxaben";"82558-50-7";"3.125";"Env B";"";"Non"
2022;"20215";"8400574";"propyzamide";"23950-58-5";"2";"CMR";"Substitution";"Non"
2022;"20215";"8500351";"acide b-indole butyrique (aib)";"133-32-4";"0.000125";"CMR";"";"Non"
2022;"20215";"8500412";"zirame";"137-30-4";"190";"Santé A";"";"Non"
2022;"20215";"8600243";"aclonifen";"74070-46-5";"30";"CMR";"";"Non"
2022;"20215";"8700111";"huile de ricin";"8001-79-4";"0.3264";"Autre";"";"Non"
2022;"20215";"8700111";"resines (colophane)";"8050-09-7";"0.1632";"Autre";"";"Non"
2022;"20215";"8800841";"difenoconazole";"119446-68-3";"0.25";"Env A";"";"Non"
2022;"20215";"8900685";"e/z8 acetate de dodecenyle";"37338-40-2";"7.1613";"Autre";"";"Non"
2022;"20215";"9000222";"soufre";"7704-34-9";"371";"Autre";"";"Non"
2022;"20215";"9000277";"cuivre de l'hydroxyde de cuivre";"20427-59-2";"20";"Santé A";"Substitution";"Non"
2022;"20215";"9000490";"cycloxydime";"101205-02-1";"47.0";"CMR";"";"Non"
2022;"20215";"9100296";"2,4-d";"94-75-7";"126";"Env B";"";"Non"
2022;"20215";"9100418";"nicosulfuron";"111991-09-4";"0.6";"Env A";"";"Non"
2022;"20215";"9100525";"tebufenpyrad";"119168-77-3";"0.2";"Santé A";"";"Non"
2022;"20215";"9200215";"cymoxanil";"57966-95-7";"2.4";"CMR";"";"Non"
2022;"20215";"9200215";"metirame";"9006-42-2";"28.5";"Env A";"";"Non"
2022;"20215";"9200235";"huile minerale paraffinique";"8042-47-5";"7931.6";"Autre";"";"Non"
2022;"20215";"9300032";"tebufenozide";"112410-23-8";"1.2";"Env A";"";"Non"
2022;"20215";"9300108";"captane";"133-06-2";"156";"CMR";"";"Non"
2022;"20215";"9300186";"tebuconazole";"107534-96-3";"9.5";"CMR";"";"Non"
2022;"20215";"9300504";"huile de vaseline";"8042-47-5";"5016.38";"Autre";"";"Non"
2022;"20215";"9400012";"tetraconazole";"112281-77-3";"0.5";"Env A";"";"Non"
2022;"20215";"9400485";"cymoxanil";"57966-95-7";"0.4";"CMR";"";"Non"
2022;"20215";"9400485";"folpel";"133-07-3";"3.34";"CMR";"";"Non"
2022;"20215";"9500147";"soufre pour pulverisation (micronise)";"7704-34-9";"3.6";"Autre";"";"Non"
2022;"20215";"9500281";"2,4-mcpa";"94-74-6";"5.67";"Env A";"";"Non"
2022;"20215";"9500281";"dicamba";"1918-00-9";"0.486";"Env B";"";"Non"
2022;"20215";"9500281";"sulfate de fer (sulfate ferreux heptahydrate)";"7782-63-0";"348.3";"Autre";"";"Non"
2022;"20215";"9500341";"soufre";"7704-34-9";"2.36";"Autre";"";"Non"
2022;"20215";"9500568";"cyprodinyl";"121552-61-2";"23.625";"Env A";"";"Non"
2022;"20215";"9500568";"fludioxonil";"131341-86-1";"15.75";"Env A";"";"Non"
2022;"20215";"9500649";"folpel";"133-07-3";"48";"CMR";"";"Non"
2022;"20215";"9500649";"fosetyl-aluminium";"39148-24-8";"96";"Autre";"";"Non"
2022;"20215";"9600025";"fosetyl-aluminium";"39148-24-8";"336";"Autre";"";"Non"
2022;"20215";"9600116";"zirame";"137-30-4";"98.8";"Santé A";"";"Non"
2022;"20215";"9600395";"dithianon";"3347-22-6";"21";"Env A";"";"Non"
2022;"20215";"9600488";"cypermethrine";"52315-07-8";"0.00075";"Env A";"";"Non"
2022;"20215";"9700070";"flazasulfuron";"104040-78-0";"0.925";"Env A";"";"Non"
2022;"20215";"9700214";"kresoxim-methyl";"143390-89-0";"0.3";"CMR";"";"Non"
2022;"20215";"9700332";"azoxystrobine";"131860-33-8";"1";"Santé A";"";"Non"
2022;"20215";"9800244";"fenhexamid";"126833-17-8";"10.5";"Env A";"";"Non"
2022;"20215";"9800336";"lambda-cyhalothrine";"91465-08-6";"11.1";"Santé A";"Substitution";"Non"
2022;"20215";"9800420";"spiroxamine";"118134-30-8";"18.5";"CMR";"";"Non"
2022;"20215";"9800474";"cuivre du sulfate de cuivre";"8011-63-0";"84";"Env A";"Substitution";"Non"
2022;"20215";"9800481";"fleur de chaux (chaux eteinte)";"1305-62-0";"1.3";"Autre";"";"Non"
2022;"20215";"9800484";"etoxazole";"153233-91-1";"0.22";"Env A";"Substitution";"Non"
2022;"20215";"9900227";"cuivre de l'hydroxyde de cuivre";"20427-59-2";"66";"Santé A";"Substitution";"Non"
2022;"20215";"9900257";"cuivre du sulfate de cuivre";"8011-63-0";"3.96";"Env A";"Substitution";"Non"
2022;"20217";"1030003";"polymere carboxyl sulfone cationique";"8061-53-8";"0.01968";"Autre";"";"Non"
2022;"20217";"2000125";"cuivre du sulfate de cuivre";"8011-63-0";"0.2";"Env A";"Substitution";"Non"
2022;"20217";"2000517";"cuivre de l'hydroxyde de cuivre";"20427-59-2";"54";"Santé A";"Substitution";"Non"
2022;"20217";"2010023";"deltamethrine";"52918-63-5";"0.09";"Santé A";"";"Non"
2022;"20217";"2010130";"cuivre de l'oxyde cuivreux";"1317-39-1";"7.5";"Env A";"Substitution";"Non"
2022;"20217";"2010513";"bacillus thuringiensis ssp kurstaki souche abts-351";"68038-71-1";"";"Autre";"";"Non"
2022;"20217";"2030175";"bacillus thuringiensis ssp kurstaki souche sa-11";"68038-71-1";"0.0255";"Autre";"";"Non"
2022;"20217";"2060130";"spinosad";"168316-95-8";"0.00096";"Env A";"";"Non"
2022;"20217";"2060172";"tetraconazole";"112281-77-3";"0.1";"Env A";"";"Non"
2022;"20217";"2080029";"penoxsulame";"219714-96-2";"0.02";"Env A";"";"Non"
2022;"20217";"2090063";"tebuconazole";"107534-96-3";"0.4";"CMR";"";"Non"
2022;"20217";"2090063";"trifloxystrobine";"141517-21-7";"0.2";"Env A";"";"Non"
2022;"20217";"2100181";"fluopicolide";"239110-15-7";"0.3996";"Env A";"";"Non"
2022;"20217";"2100181";"fosetyl-aluminium";"39148-24-8";"6.0003";"Autre";"";"Non"
2022;"20217";"2110059";"bicarbonate de potassium";"298-14-6";"34";"Autre";"";"Non"
2022;"20217";"2110149";"huile de colza";"8002-13-9";"0.004225";"Autre";"";"Non"
2022;"20217";"2110150";"huile de colza";"8002-13-9";"0.6993";"Autre";"";"Non"
2022;"20217";"2110180";"cuivre de l'oxyde cuivreux";"1317-39-1";"0.15";"Env A";"Substitution";"Non"
2022;"20217";"2110196";"bicarbonate de potassium";"298-14-6";"0.085";"Autre";"";"Non"
2022;"20217";"2130049";"cyflufenamid";"180409-60-3";"0.03";"Env A";"";"Non"
2022;"20217";"2130049";"difenoconazole";"119446-68-3";"0.06";"Env A";"";"Non"
2022;"20217";"2130083";"lambda-cyhalothrine";"91465-08-6";"0.1";"Santé A";"Substitution";"Non"
2022;"20217";"2130112";"deltamethrine";"52918-63-5";"0.0000060";"Santé A";"";"Non"
2022;"20217";"2130112";"hydrolysat de proteines";"";"0.00105";"Autre";"";"Non"
2022;"20217";"2130115";"deltamethrine";"52918-63-5";"0.018";"Santé A";"";"Non"
2022;"20217";"2140166";"acide decanoique";"334-48-5";"0.029985";"Env B";"";"Non"
2022;"20217";"2140166";"acide octanoique";"124-07-2";"0.044978";"Env B";"";"Non"
2022;"20217";"2150140";"glyphosate";"1071-83-6";"1.8";"Env A";"";"Non"
2022;"20217";"2150790";"phosphate ferrique";"10045-86-0";"0.024";"Autre";"";"Non"
2022;"20217";"2171067";"bicarbonate de potassium";"298-14-6";"0.003188";"Autre";"";"Non"
2022;"20217";"2171119";"mandipropamide";"374726-62-2";"0.1875";"Env A";"";"Non"
2022;"20217";"2171119";"zoxamide";"156052-68-5";"0.18";"Env A";"";"Non"
2022;"20217";"2180651";"bacillus amyloliquefaciens souche fzb24";"NC";"";"Autre";"";"Non"
2022;"20217";"2189996";"azadirachtine";"11141-17-6";"0.026";"CMR";"";"Non"
2022;"20217";"2190054";"spinosad";"168316-95-8";"0.96";"Env A";"";"Non"
2022;"20217";"2190198";"soufre pour pulverisation (micronise)";"7704-34-9";"536";"Autre";"";"Non"
2022;"20217";"2190760";"spinosad";"168316-95-8";"0.0011";"Env A";"";"Non"
2022;"20217";"2200059";"huile essentielle d'orange douce";"8028-48-6";"0.006";"Env A";"";"Non"
2022;"20217";"2200526";"acide pelargonique";"112-05-0";"0.4524";"Autre";"";"Non"
2022;"20217";"5100219";"soufre sublime";"7704-34-9";"7128";"Autre";"";"Non"
2022;"20217";"8700111";"huile de ricin";"8001-79-4";"0.3264";"Autre";"";"Non"
2022;"20217";"8700111";"resines (colophane)";"8050-09-7";"0.1632";"Autre";"";"Non"
2022;"20217";"9000222";"soufre";"7704-34-9";"903";"Autre";"";"Non"
2022;"20217";"9300504";"huile de vaseline";"8042-47-5";"49.02";"Autre";"";"Non"
2022;"20217";"9400085";"etofenprox";"80844-07-1";"0.575";"Santé A";"";"Non"
2022;"20217";"9500147";"soufre pour pulverisation (micronise)";"7704-34-9";"1.8";"Autre";"";"Non"
2022;"20217";"9500281";"2,4-mcpa";"94-74-6";"3.15";"Env A";"";"Non"
2022;"20217";"9500281";"dicamba";"1918-00-9";"0.27";"Env B";"";"Non"
2022;"20217";"9500281";"sulfate de fer (sulfate ferreux heptahydrate)";"7782-63-0";"193.5";"Autre";"";"Non"
2022;"20217";"9500341";"soufre";"7704-34-9";"1.2";"Autre";"";"Non"
2022;"20217";"9700070";"flazasulfuron";"104040-78-0";"0.05";"Env A";"";"Non"
2022;"20217";"9800245";"soufre pour pulverisation (micronise)";"7704-34-9";"16";"Autre";"";"Non"
2022;"20217";"9800336";"lambda-cyhalothrine";"91465-08-6";"0.1";"Santé A";"Substitution";"Non"
2022;"20217";"9800420";"spiroxamine";"118134-30-8";"1.5";"CMR";"";"Non"
2022;"20217";"9800474";"cuivre du sulfate de cuivre";"8011-63-0";"39";"Env A";"Substitution";"Non"
2022;"20217";"9800481";"fleur de chaux (chaux eteinte)";"1305-62-0";"3.9";"Autre";"";"Non"
2022;"20217";"9900227";"cuivre de l'hydroxyde de cuivre";"20427-59-2";"90";"Santé A";"Substitution";"Non"
2022;"20217";"9900257";"cuivre du sulfate de cuivre";"8011-63-0";"1.2";"Env A";"Substitution";"Non"
2022;"20218";"1030003";"polymere carboxyl sulfone cationique";"8061-53-8";"0.11808";"Autre";"";"Non"
2022;"20218";"2000125";"cuivre du sulfate de cuivre";"8011-63-0";"0.1";"Env A";"Substitution";"Non"
2022;"20218";"2000510";"fer sous forme de sulfate de fer";"7720-78-7";"4.8";"Autre";"";"Non"
2022;"20218";"2010130";"cuivre de l'oxyde cuivreux";"1317-39-1";"7.5";"Env A";"Substitution";"Non"
2022;"20218";"2090127";"huile essentielle d'orange douce";"8028-48-6";"5.4";"Env A";"";"Non"
2022;"20218";"2090146";"abamectine";"71751-41-2";"0.000011";"CMR";"";"Non"
2022;"20218";"2090146";"pyrethrines";"8003-34-7";"0.00015";"Env A";"";"Non"
2022;"20218";"2110149";"huile de colza";"8002-13-9";"0.004225";"Autre";"";"Non"
2022;"20218";"2110150";"huile de colza";"8002-13-9";"0.58275";"Autre";"";"Non"
2022;"20218";"2110180";"cuivre de l'oxyde cuivreux";"1317-39-1";"7.5";"Env A";"Substitution";"Non"
2022;"20218";"2120158";"kaolin";"1332-58-7";"19.8";"Autre";"";"Non"
2022;"20218";"2140166";"acide decanoique";"334-48-5";"0.11994";"Env B";"";"Non"
2022;"20218";"2140166";"acide octanoique";"124-07-2";"0.17991";"Env B";"";"Non"
2022;"20218";"2140215";"(z)-9-dodecenylacetate";"16974-11-1";"6.9495";"Env A";"";"Non"
2022;"20218";"2140215";"e7,z9-dodecadienylacetate";"54364-62-4";"6.67275";"Env A";"";"Non"
2022;"20218";"2170977";"huile de colza";"8002-13-9";"0.011453";"Autre";"";"Non"
2022;"20218";"2171067";"bicarbonate de potassium";"298-14-6";"0.003188";"Autre";"";"Non"
2022;"20218";"2180829";"cuivre de l'hydroxyde de cuivre";"20427-59-2";"10.88";"Santé A";"Substitution";"Non"
2022;"20218";"2180829";"cuivre de l'oxychlorure de cuivre";"1332-65-6";"10.88";"Santé A";"Substitution";"Non"
2022;"20218";"2180888";"cuivre du sulfate tribasique";"12527-76-3";"0.1425";"Env A";"Substitution";"Non"
2022;"20218";"2189993";"cuivre du sulfate de cuivre";"8011-63-0";"0.08";"Env A";"Substitution";"Non"
2022;"20218";"2190760";"spinosad";"168316-95-8";"0.0011";"Env A";"";"Non"
2022;"20218";"2200526";"acide pelargonique";"112-05-0";"0.4524";"Autre";"";"Non"
2022;"20218";"5100219";"soufre sublime";"7704-34-9";"1014.75";"Autre";"";"Non"
2022;"20218";"9000222";"soufre";"7704-34-9";"1876";"Autre";"";"Non"
2022;"20218";"9000277";"cuivre de l'hydroxyde de cuivre";"20427-59-2";"10";"Santé A";"Substitution";"Non"
2022;"20218";"9300504";"huile de vaseline";"8042-47-5";"98.04";"Autre";"";"Non"
2022;"20218";"9500147";"soufre pour pulverisation (micronise)";"7704-34-9";"0.6";"Autre";"";"Non"
2022;"20218";"9500281";"2,4-mcpa";"94-74-6";"2.016";"Env A";"";"Non"
2022;"20218";"9500281";"dicamba";"1918-00-9";"0.1728";"Env B";"";"Non"
2022;"20218";"9500281";"sulfate de fer (sulfate ferreux heptahydrate)";"7782-63-0";"123.84";"Autre";"";"Non"
2022;"20218";"9500341";"soufre";"7704-34-9";"0.6";"Autre";"";"Non"
2022;"20218";"9800474";"cuivre du sulfate de cuivre";"8011-63-0";"78";"Env A";"Substitution";"Non"
2022;"20218";"9800481";"fleur de chaux (chaux eteinte)";"1305-62-0";"0.65";"Autre";"";"Non"
2022;"20218";"9900227";"cuivre de l'hydroxyde de cuivre";"20427-59-2";"52";"Santé A";"Substitution";"Non"
2022;"20218";"9900257";"cuivre du sulfate de cuivre";"8011-63-0";"2.4";"Env A";"Substitution";"Non"
2022;"20220";"2000018";"soufre pour pulverisation (micronise)";"7704-34-9";"1120";"Autre";"";"Non"
2022;"20220";"2000510";"fer sous forme de sulfate de fer";"7720-78-7";"1.6";"Autre";"";"Non"
2022;"20220";"2010513";"bacillus thuringiensis ssp kurstaki souche abts-351";"68038-71-1";"";"Autre";"";"Non"
2022;"20220";"2020241";"bacillus thuringiensis ssp aizawai souche abts-1857";"68038-71-1";"0.27";"Autre";"";"Non"
2022;"20220";"2090050";"cypermethrine";"52315-07-8";"0.096";"Env A";"";"Non"
2022;"20220";"2090199";"huile de colza";"8002-13-9";"0.206325";"Autre";"";"Non"
2022;"20220";"2090199";"pyrethrines";"8003-34-7";"0.001148";"Env A";"";"Non"
2022;"20220";"2100038";"kaolin";"1332-58-7";"75";"Autre";"";"Non"
2022;"20220";"2100231";"emamectine benzoate";"155569-91-8";"0.095";"Santé A";"";"Non"
2022;"20220";"2110086";"spirotetramat";"203313-25-1";"0.2";"CMR";"";"Non"
2022;"20220";"2110143";"metribuzine";"21087-64-9";"0.6";"Env A";"";"Non"
2022;"20220";"2110150";"huile de colza";"8002-13-9";"0.3108";"Autre";"";"Non"
2022;"20220";"2120158";"kaolin";"1332-58-7";"198";"Autre";"";"Non"
2022;"20220";"2130083";"lambda-cyhalothrine";"91465-08-6";"0.6";"Santé A";"Substitution";"Non"
2022;"20220";"2130115";"deltamethrine";"52918-63-5";"0.00645";"Santé A";"";"Non"
2022;"20220";"2130153";"acide acetique";"64-19-7";"0.3";"Autre";"";"Non"
2022;"20220";"2150140";"glyphosate";"1071-83-6";"64.8";"Env A";"";"Non"
2022;"20220";"2150790";"phosphate ferrique";"10045-86-0";"0.012";"Autre";"";"Non"
2022;"20220";"2150964";"lambda-cyhalothrine";"91465-08-6";"0.04";"Santé A";"Substitution";"Non"
2022;"20220";"2190319";"acide pelargonique";"112-05-0";"0.2153";"Autre";"";"Non"
2022;"20220";"2190594";"(e,z)-3,8-tetradecadien-1-yl acetate";"163041-87-0";"";"Autre";"";"Non"
2022;"20220";"2190594";"(e,z,z)-3,8,11-tetradecatrien-1-yl acetate";"163041-94-9";"";"Autre";"";"Non"
2022;"20220";"5100219";"soufre sublime";"7704-34-9";"49.5";"Autre";"";"Non"
2022;"20220";"9100296";"2,4-d";"94-75-7";"3";"Env B";"";"Non"
2022;"20220";"9500147";"soufre pour pulverisation (micronise)";"7704-34-9";"1.52";"Autre";"";"Non"
2022;"20220";"9500281";"2,4-mcpa";"94-74-6";"0.378";"Env A";"";"Non"
2022;"20220";"9500281";"dicamba";"1918-00-9";"0.0324";"Env B";"";"Non"
2022;"20220";"9500281";"sulfate de fer (sulfate ferreux heptahydrate)";"7782-63-0";"23.22";"Autre";"";"Non"
2022;"20220";"9800336";"lambda-cyhalothrine";"91465-08-6";"0.6";"Santé A";"Substitution";"Non"
2022;"20220";"9800474";"cuivre du sulfate de cuivre";"8011-63-0";"102";"Env A";"Substitution";"Non"
2022;"20220";"9900257";"cuivre du sulfate de cuivre";"8011-63-0";"3.2";"Env A";"Substitution";"Non"
2022;"20221";"2000044";"fluazifop-p-butyl";"79241-46-6";"1.25";"CMR";"";"Non"
2022;"20221";"2000125";"cuivre du sulfate de cuivre";"8011-63-0";"0.3";"Env A";"Substitution";"Non"
2022;"20221";"2000316";"esfenvalerate";"66230-04-4";"0.05";"Santé A";"Substitution";"Non"
2022;"20221";"2000510";"fer sous forme de sulfate de fer";"7720-78-7";"8";"Autre";"";"Non"
2022;"20221";"2010023";"deltamethrine";"52918-63-5";"0.45";"Santé A";"";"Non"
2022;"20221";"2010513";"bacillus thuringiensis ssp kurstaki souche abts-351";"68038-71-1";"";"Autre";"";"Non"
2022;"20221";"2020241";"bacillus thuringiensis ssp aizawai souche abts-1857";"68038-71-1";"3.51";"Autre";"";"Non"
2022;"20221";"2030175";"bacillus thuringiensis ssp kurstaki souche sa-11";"68038-71-1";"0.017";"Autre";"";"Non"
2022;"20221";"2050046";"flonicamide";"158062-67-0";"2";"Autre";"";"Non"
2022;"20221";"2060050";"metrafenone";"220899-03-6";"2.0";"Env A";"";"Non"
2022;"20221";"2060098";"spinosad";"168316-95-8";"1.68";"Env A";"";"Non"
2022;"20221";"2060113";"bifenazate";"149877-41-8";"0.24";"Env A";"";"Non"
2022;"20221";"2060130";"spinosad";"168316-95-8";"0.0060";"Env A";"";"Non"
2022;"20221";"2080060";"pyriproxyfene";"95737-68-1";"0.1";"Env A";"";"Non"
2022;"20221";"2080063";"benalaxyl-m";"98243-83-5";"0.75";"Env A";"";"Non"
2022;"20221";"2080063";"folpel";"133-07-3";"9.6";"CMR";"";"Non"
2022;"20221";"2090001";"proquinazid";"189278-12-4";"0.2";"CMR";"";"Non"
2022;"20221";"2090093";"glyphosate";"1071-83-6";"27";"Env A";"";"Non"
2022;"20221";"2090119";"cuivre du sulfate tribasique";"12527-76-3";"3.8";"Env A";"Substitution";"Non"
2022;"20221";"2090127";"huile essentielle d'orange douce";"8028-48-6";"1.2";"Env A";"";"Non"
2022;"20221";"2090136";"fluopicolide";"239110-15-7";"0.3125";"Env A";"";"Non"
2022;"20221";"2090136";"propamocarbe hcl";"25606-41-1";"3.125";"Autre";"";"Non"
2022;"20221";"2090188";"glyphosate";"1071-83-6";"18";"Env A";"";"Non"
2022;"20221";"2100038";"kaolin";"1332-58-7";"775";"Autre";"";"Non"
2022;"20221";"2100111";"mesotrione";"104206-82-8";"1.875";"CMR";"";"Non"
2022;"20221";"2100111";"nicosulfuron";"111991-09-4";"0.75";"Env A";"";"Non"
2022;"20221";"2100122";"chlorantraniliprole";"500008-45-7";"0.7";"Env A";"";"Non"
2022;"20221";"2100231";"emamectine benzoate";"155569-91-8";"0.285";"Santé A";"";"Non"
2022;"20221";"2110012";"cyazofamide";"120116-88-3";"0.32";"Env A";"";"Non"
2022;"20221";"2110086";"spirotetramat";"203313-25-1";"7.5";"CMR";"";"Non"
2022;"20221";"2110141";"dimethomorphe";"110488-70-5";"2.16";"Env A";"Exclusion";"Non"
2022;"20221";"2110141";"pyraclostrobine";"175013-18-0";"1.2";"Santé A";"";"Non"
2022;"20221";"2110149";"huile de colza";"8002-13-9";"0.070304";"Autre";"";"Non"
2022;"20221";"2110150";"huile de colza";"8002-13-9";"0.81585";"Autre";"";"Non"
2022;"20221";"2110180";"cuivre de l'oxyde cuivreux";"1317-39-1";"0.075";"Env A";"Substitution";"Non"
2022;"20221";"2120048";"aminopyralid";"150114-71-9";"0.12";"Env A";"";"Non"
2022;"20221";"2120048";"triclopyr";"55335-06-3";"0.96";"Env B";"";"Non"
2022;"20221";"2120158";"kaolin";"1332-58-7";"178.2";"Autre";"";"Non"
2022;"20221";"2130067";"cyflufenamid";"180409-60-3";"0.25";"Env A";"";"Non"
2022;"20221";"2130083";"lambda-cyhalothrine";"91465-08-6";"0.9";"Santé A";"Substitution";"Non"
2022;"20221";"2130092";"spiromesifen";"283594-90-1";"0.48";"Autre";"";"Non"
2022;"20221";"2130112";"deltamethrine";"52918-63-5";"0.0000010";"Santé A";"";"Non"
2022;"20221";"2130112";"hydrolysat de proteines";"";"0.00021";"Autre";"";"Non"
2022;"20221";"2130115";"deltamethrine";"52918-63-5";"0.140505";"Santé A";"";"Non"
2022;"20221";"2130152";"fluopyram";"658066-35-4";"0.25";"Env A";"";"Non"
2022;"20221";"2130152";"trifloxystrobine";"141517-21-7";"0.25";"Env A";"";"Non"
2022;"20221";"2140022";"oligomeres terpeniques";"70750-57-1";"118.3";"Autre";"";"Non"
2022;"20221";"2140085";"abamectine";"71751-41-2";"0.27";"CMR";"";"Non"
2022;"20221";"2140121";"acide pelargonique";"112-05-0";"0.593975";"Autre";"";"Non"
2022;"20221";"2140127";"cymoxanil";"57966-95-7";"0.66";"CMR";"";"Non"
2022;"20221";"2140127";"zoxamide";"156052-68-5";"0.66";"Env A";"";"Non"
2022;"20221";"2140166";"acide decanoique";"334-48-5";"0.029985";"Env B";"";"Non"
2022;"20221";"2140166";"acide octanoique";"124-07-2";"0.044978";"Env B";"";"Non"
2022;"20221";"2140167";"acide decanoique";"334-48-5";"0.011994";"Env B";"";"Non"
2022;"20221";"2140167";"acide octanoique";"124-07-2";"0.017991";"Env B";"";"Non"
2022;"20221";"2140201";"cyflufenamid";"180409-60-3";"0.15";"Env A";"";"Non"
2022;"20221";"2140201";"difenoconazole";"119446-68-3";"1.25";"Env A";"";"Non"
2022;"20221";"2150140";"glyphosate";"1071-83-6";"115.2";"Env A";"";"Non"
2022;"20221";"2150387";"ametoctradine";"865318-97-4";"0.6";"Env A";"";"Non"
2022;"20221";"2150387";"dimethomorphe";"110488-70-5";"0.45";"Env A";"Exclusion";"Non"
2022;"20221";"2150483";"lambda-cyhalothrine";"91465-08-6";"0.04";"Santé A";"Substitution";"Non"
2022;"20221";"2150964";"lambda-cyhalothrine";"91465-08-6";"2";"Santé A";"Substitution";"Non"
2022;"20221";"2160114";"maltodextrine";"9050-36-6";"5.978";"Autre";"";"Non"
2022;"20221";"2160383";"acide gibberellique";"77-06-5";"10.2872";"Autre";"";"Non"
2022;"20221";"2160397";"fluopyram";"658066-35-4";"1.2";"Env A";"";"Non"
2022;"20221";"2170243";"acide pelargonique";"112-05-0";"0.9";"Autre";"";"Non"
2022;"20221";"2180124";"metalaxyl";"57837-19-1";"0.036";"Env B";"";"Non"
2022;"20221";"2180124";"prothioconazole";"178928-70-6";"0.18";"Env A";"";"Non"
2022;"20221";"2180319";"cuivre du sulfate tribasique";"12527-76-3";"0.004088";"Env A";"Substitution";"Non"
2022;"20221";"2180858";"huile essentielle de menthe verte";"8008-79-5";"0.02288";"Env A";"";"Non"
2022;"20221";"2180888";"cuivre du sulfate tribasique";"12527-76-3";"0.1425";"Env A";"Substitution";"Non"
2022;"20221";"2189993";"cuivre du sulfate de cuivre";"8011-63-0";"0.32";"Env A";"Substitution";"Non"
2022;"20221";"2189996";"azadirachtine";"11141-17-6";"0.78";"CMR";"";"Non"
2022;"20221";"2190054";"spinosad";"168316-95-8";"0.24";"Env A";"";"Non"
2022;"20221";"2190319";"acide pelargonique";"112-05-0";"0.2153";"Autre";"";"Non"
2022;"20221";"2190441";"spinosad";"168316-95-8";"0.144";"Env A";"";"Non"
2022;"20221";"2190594";"(e,z)-3,8-tetradecadien-1-yl acetate";"163041-87-0";"";"Autre";"";"Non"
2022;"20221";"2190594";"(e,z,z)-3,8,11-tetradecatrien-1-yl acetate";"163041-94-9";"";"Autre";"";"Non"
2022;"20221";"2190893";"folpel";"133-07-3";"20";"CMR";"";"Non"
2022;"20221";"2190893";"mandipropamide";"374726-62-2";"2.5";"Env A";"";"Non"
2022;"20221";"2200197";"paecilomyces lilacinus souche 251";"";"";"Autre";"";"Non"
2022;"20221";"2200526";"acide pelargonique";"112-05-0";"1.8096";"Autre";"";"Non"
2022;"20221";"5100219";"soufre sublime";"7704-34-9";"74.25";"Autre";"";"Non"
2022;"20221";"7200313";"alcools terpeniques";"98-55-5";"3.325";"Autre";"";"Non"
2022;"20221";"7600008";"bupirimate";"41483-43-6";"2";"CMR";"";"Non"
2022;"20221";"8100236";"chlorophacinone";"3691-35-8";"0.000281";"Autre";"";"Non"
2022;"20221";"8700111";"huile de ricin";"8001-79-4";"0.2304";"Autre";"";"Non"
2022;"20221";"8700111";"resines (colophane)";"8050-09-7";"0.1152";"Autre";"";"Non"
2022;"20221";"9000222";"soufre";"7704-34-9";"98";"Autre";"";"Non"
2022;"20221";"9000490";"cycloxydime";"101205-02-1";"4.5";"CMR";"";"Non"
2022;"20221";"9100418";"nicosulfuron";"111991-09-4";"0.08";"Env A";"";"Non"
2022;"20221";"9200235";"huile minerale paraffinique";"8042-47-5";"995.4";"Autre";"";"Non"
2022;"20221";"9300032";"tebufenozide";"112410-23-8";"1.2";"Env A";"";"Non"
2022;"20221";"9300504";"huile de vaseline";"8042-47-5";"2785.97";"Autre";"";"Non"
2022;"20221";"9400485";"cymoxanil";"57966-95-7";"0.8";"CMR";"";"Non"
2022;"20221";"9400485";"folpel";"133-07-3";"6.68";"CMR";"";"Non"
2022;"20221";"9500147";"soufre pour pulverisation (micronise)";"7704-34-9";"1.2";"Autre";"";"Non"
2022;"20221";"9500281";"2,4-mcpa";"94-74-6";"5.544";"Env A";"";"Non"
2022;"20221";"9500281";"dicamba";"1918-00-9";"0.4752";"Env B";"";"Non"
2022;"20221";"9500281";"sulfate de fer (sulfate ferreux heptahydrate)";"7782-63-0";"340.56";"Autre";"";"Non"
2022;"20221";"9500649";"folpel";"133-07-3";"3";"CMR";"";"Non"
2022;"20221";"9500649";"fosetyl-aluminium";"39148-24-8";"6";"Autre";"";"Non"
2022;"20221";"9600025";"fosetyl-aluminium";"39148-24-8";"9.6";"Autre";"";"Non"
2022;"20221";"9800336";"lambda-cyhalothrine";"91465-08-6";"0.73";"Santé A";"Substitution";"Non"
2022;"20221";"9800420";"spiroxamine";"118134-30-8";"11.0";"CMR";"";"Non"
2022;"20221";"9800474";"cuivre du sulfate de cuivre";"8011-63-0";"6";"Env A";"Substitution";"Non"
2022;"20221";"9800481";"fleur de chaux (chaux eteinte)";"1305-62-0";"0.65";"Autre";"";"Non"
2022;"20221";"9900227";"cuivre de l'hydroxyde de cuivre";"20427-59-2";"22";"Santé A";"Substitution";"Non"
2022;"20221";"9900257";"cuivre du sulfate de cuivre";"8011-63-0";"0.2";"Env A";"Substitution";"Non"
2022;"20222";"2000510";"fer sous forme de sulfate de fer";"7720-78-7";"1.6";"Autre";"";"Non"
2022;"20222";"2100038";"kaolin";"1332-58-7";"25";"Autre";"";"Non"
2022;"20222";"2110150";"huile de colza";"8002-13-9";"0.19425";"Autre";"";"Non"
2022;"20224";"1030003";"polymere carboxyl sulfone cationique";"8061-53-8";"0.01968";"Autre";"";"Non"
2022;"20224";"2000018";"soufre pour pulverisation (micronise)";"7704-34-9";"16";"Autre";"";"Non"
2022;"20224";"2000510";"fer sous forme de sulfate de fer";"7720-78-7";"4.8";"Autre";"";"Non"
2022;"20224";"2090146";"abamectine";"71751-41-2";"0.000011";"CMR";"";"Non"
2022;"20224";"2090146";"pyrethrines";"8003-34-7";"0.00015";"Env A";"";"Non"
2022;"20224";"2100038";"kaolin";"1332-58-7";"25";"Autre";"";"Non"
2022;"20224";"2110040";"bacillus subtilis souche qst 713";"68038-70-0";"0.014103";"Autre";"";"Non"
2022;"20224";"2110149";"huile de colza";"8002-13-9";"0.004225";"Autre";"";"Non"
2022;"20224";"2120018";"glyphosate";"1071-83-6";"0.768";"Env A";"";"Non"
2022;"20224";"2150790";"phosphate ferrique";"10045-86-0";"0.012";"Autre";"";"Non"
2022;"20224";"2180858";"huile essentielle de menthe verte";"8008-79-5";"0.02288";"Env A";"";"Non"
2022;"20224";"2190760";"spinosad";"168316-95-8";"0.0006";"Env A";"";"Non"
2022;"20224";"8100236";"chlorophacinone";"3691-35-8";"0.000113";"Autre";"";"Non"
2022;"20224";"9500281";"2,4-mcpa";"94-74-6";"0.63";"Env A";"";"Non"
2022;"20224";"9500281";"dicamba";"1918-00-9";"0.054";"Env B";"";"Non"
2022;"20224";"9500281";"sulfate de fer (sulfate ferreux heptahydrate)";"7782-63-0";"38.7";"Autre";"";"Non"
2022;"20224";"9800474";"cuivre du sulfate de cuivre";"8011-63-0";"6";"Env A";"Substitution";"Non"
2022;"20225";"2010023";"deltamethrine";"52918-63-5";"0.36";"Santé A";"";"Non"
2022;"20225";"2060098";"spinosad";"168316-95-8";"9.6";"Env A";"";"Non"
2022;"20225";"2090093";"glyphosate";"1071-83-6";"9";"Env A";"";"Non"
2022;"20225";"2090119";"cuivre du sulfate tribasique";"12527-76-3";"24.7";"Env A";"Substitution";"Non"
2022;"20225";"2090188";"glyphosate";"1071-83-6";"3.6";"Env A";"";"Non"
2022;"20225";"2110180";"cuivre de l'oxyde cuivreux";"1317-39-1";"0.075";"Env A";"Substitution";"Non"
2022;"20225";"2130083";"lambda-cyhalothrine";"91465-08-6";"0.5";"Santé A";"Substitution";"Non"
2022;"20225";"2130212";"phosmet";"732-11-6";"5";"CMR";"";"Non"
2022;"20225";"2150140";"glyphosate";"1071-83-6";"21.6";"Env A";"";"Non"
2022;"20225";"2171200";"bicarbonate de potassium";"298-14-6";"149.235";"Autre";"";"Non"
2022;"20225";"5100219";"soufre sublime";"7704-34-9";"940.5";"Autre";"";"Non"
2022;"20225";"9000222";"soufre";"7704-34-9";"693";"Autre";"";"Non"
2022;"20225";"9800336";"lambda-cyhalothrine";"91465-08-6";"3.3";"Santé A";"Substitution";"Non"
2022;"20225";"9900227";"cuivre de l'hydroxyde de cuivre";"20427-59-2";"62";"Santé A";"Substitution";"Non"
2022;"20226";"2030175";"bacillus thuringiensis ssp kurstaki souche sa-11";"68038-71-1";"0.017";"Autre";"";"Non"
2022;"20226";"2080105";"glyphosate";"1071-83-6";"5.4";"Env A";"";"Non"
2022;"20226";"2100038";"kaolin";"1332-58-7";"500";"Autre";"";"Non"
2022;"20226";"2110150";"huile de colza";"8002-13-9";"0.19425";"Autre";"";"Non"
2022;"20226";"2150140";"glyphosate";"1071-83-6";"7.2";"Env A";"";"Non"
2022;"20226";"2150790";"phosphate ferrique";"10045-86-0";"0.0045";"Autre";"";"Non"
2022;"20226";"2180334";"difenoconazole";"119446-68-3";"0.2409";"Env A";"";"Non"
2022;"20226";"2180334";"fludioxonil";"131341-86-1";"0.2409";"Env A";"";"Non"
2022;"20226";"2190594";"(e,z)-3,8-tetradecadien-1-yl acetate";"163041-87-0";"";"Autre";"";"Non"
2022;"20226";"2190594";"(e,z,z)-3,8,11-tetradecatrien-1-yl acetate";"163041-94-9";"";"Autre";"";"Non"
2022;"20226";"2190760";"spinosad";"168316-95-8";"0.0011";"Env A";"";"Non"
2022;"20226";"9500281";"2,4-mcpa";"94-74-6";"0.126";"Env A";"";"Non"
2022;"20226";"9500281";"dicamba";"1918-00-9";"0.0108";"Env B";"";"Non"
2022;"20226";"9500281";"sulfate de fer (sulfate ferreux heptahydrate)";"7782-63-0";"7.74";"Autre";"";"Non"
2022;"20226";"9800262";"flazasulfuron";"104040-78-0";"0.05";"Env A";"";"Non"
2022;"20226";"9800336";"lambda-cyhalothrine";"91465-08-6";"0.1";"Santé A";"Substitution";"Non"
2022;"20226";"9800474";"cuivre du sulfate de cuivre";"8011-63-0";"3";"Env A";"Substitution";"Non"
2022;"20227";"2130151";"hydrazide maleique";"123-33-1";"0.096";"Autre";"";"Non"
2022;"20227";"2140193";"sulfate de fer (sulfate ferreux heptahydrate)";"7782-63-0";"1.122";"Autre";"";"Non"
2022;"20227";"2170243";"acide pelargonique";"112-05-0";"0.27";"Autre";"";"Non"
2022;"20227";"2180319";"cuivre du sulfate tribasique";"12527-76-3";"0.004088";"Env A";"Substitution";"Non"
2022;"20227";"9300504";"huile de vaseline";"8042-47-5";"65.36";"Autre";"";"Non"
2022;"20228";"1030003";"polymere carboxyl sulfone cationique";"8061-53-8";"0.01968";"Autre";"";"Non"
2022;"20228";"2000510";"fer sous forme de sulfate de fer";"7720-78-7";"1.6";"Autre";"";"Non"
2022;"20228";"2010023";"deltamethrine";"52918-63-5";"0.03";"Santé A";"";"Non"
2022;"20228";"2010513";"bacillus thuringiensis ssp kurstaki souche abts-351";"68038-71-1";"";"Autre";"";"Non"
2022;"20228";"2050046";"flonicamide";"158062-67-0";"0.25";"Autre";"";"Non"
2022;"20228";"2060098";"spinosad";"168316-95-8";"4.8";"Env A";"";"Non"
2022;"20228";"2060130";"spinosad";"168316-95-8";"0.00144";"Env A";"";"Non"
2022;"20228";"2060172";"tetraconazole";"112281-77-3";"0.5";"Env A";"";"Non"
2022;"20228";"2090001";"proquinazid";"189278-12-4";"0.6";"CMR";"";"Non"
2022;"20228";"2090045";"acetamipride";"135410-20-7";"0.000012";"Env B";"";"Non"
2022;"20228";"2090093";"glyphosate";"1071-83-6";"9";"Env A";"";"Non"
2022;"20228";"2090119";"cuivre du sulfate tribasique";"12527-76-3";"3.8";"Env A";"Substitution";"Non"
2022;"20228";"2090126";"cyazofamide";"120116-88-3";"1.5";"Env A";"";"Non"
2022;"20228";"2090126";"phosphonate de disodium";"13708-85-5";"15";"Autre";"";"Non"
2022;"20228";"2090127";"huile essentielle d'orange douce";"8028-48-6";"3.9";"Env A";"";"Non"
2022;"20228";"2100122";"chlorantraniliprole";"500008-45-7";"0.35";"Env A";"";"Non"
2022;"20228";"2100181";"fluopicolide";"239110-15-7";"1.5984";"Env A";"";"Non"
2022;"20228";"2100181";"fosetyl-aluminium";"39148-24-8";"24.0012";"Autre";"";"Non"
2022;"20228";"2110149";"huile de colza";"8002-13-9";"0.00845";"Autre";"";"Non"
2022;"20228";"2130115";"deltamethrine";"52918-63-5";"0.00369";"Santé A";"";"Non"
2022;"20228";"2130152";"fluopyram";"658066-35-4";"0.75";"Env A";"";"Non"
2022;"20228";"2130152";"trifloxystrobine";"141517-21-7";"0.75";"Env A";"";"Non"
2022;"20228";"2140090";"azadirachtine";"11141-17-6";"0.049";"CMR";"";"Non"
2022;"20228";"2150067";"phosphonate de disodium";"13708-85-5";"15";"Autre";"";"Non"
2022;"20228";"2150387";"ametoctradine";"865318-97-4";"3.3";"Env A";"";"Non"
2022;"20228";"2150387";"dimethomorphe";"110488-70-5";"2.475";"Env A";"Exclusion";"Non"
2022;"20228";"2160713";"spinetoram";"935545-74-7";"0.36";"CMR";"";"Non"
2022;"20228";"2171119";"mandipropamide";"374726-62-2";"1";"Env A";"";"Non"
2022;"20228";"2171119";"zoxamide";"156052-68-5";"0.96";"Env A";"";"Non"
2022;"20228";"2189996";"azadirachtine";"11141-17-6";"0.026";"CMR";"";"Non"
2022;"20228";"2190198";"soufre pour pulverisation (micronise)";"7704-34-9";"32";"Autre";"";"Non"
2022;"20228";"2190730";"cos-oga";"";"0.125";"Autre";"";"Non"
2022;"20228";"8500321";"acide malique";"6915-15-7";"1";"Autre";"";"Non"
2022;"20228";"8500321";"acide sulfamique";"5329-14-6";"0.5";"Autre";"";"Non"
2022;"20228";"8500321";"pentapotassium bis(peroxymonosulfate) bis(sulfate)";"70693-62-8";"2.25";"Autre";"";"Non"
2022;"20228";"9000222";"soufre";"7704-34-9";"154";"Autre";"";"Non"
2022;"20228";"9200235";"huile minerale paraffinique";"8042-47-5";"79";"Autre";"";"Non"
2022;"20228";"9300504";"huile de vaseline";"8042-47-5";"179.74";"Autre";"";"Non"
2022;"20228";"9500147";"soufre pour pulverisation (micronise)";"7704-34-9";"1.8";"Autre";"";"Non"
2022;"20228";"9500281";"2,4-mcpa";"94-74-6";"0.378";"Env A";"";"Non"
2022;"20228";"9500281";"dicamba";"1918-00-9";"0.0324";"Env B";"";"Non"
2022;"20228";"9500281";"sulfate de fer (sulfate ferreux heptahydrate)";"7782-63-0";"23.22";"Autre";"";"Non"
2022;"20228";"9800420";"spiroxamine";"118134-30-8";"1.5";"CMR";"";"Non"
2022;"20228";"9900227";"cuivre de l'hydroxyde de cuivre";"20427-59-2";"26";"Santé A";"Substitution";"Non"
2022;"20228";"9900257";"cuivre du sulfate de cuivre";"8011-63-0";"2";"Env A";"Substitution";"Non"
2022;"20229";"2000125";"cuivre du sulfate de cuivre";"8011-63-0";"0.2";"Env A";"Substitution";"Non"
2022;"20229";"2000510";"fer sous forme de sulfate de fer";"7720-78-7";"1.6";"Autre";"";"Non"
2022;"20229";"2030175";"bacillus thuringiensis ssp kurstaki souche sa-11";"68038-71-1";"0.034";"Autre";"";"Non"
2022;"20229";"2120018";"glyphosate";"1071-83-6";"0.768";"Env A";"";"Non"
2022;"20229";"2160115";"acide pelargonique";"112-05-0";"0.055782";"Autre";"";"Non"
2022;"20229";"2170978";"huile de colza";"8002-13-9";"0.42412";"Autre";"";"Non"
2022;"20229";"2190760";"spinosad";"168316-95-8";"0.0011";"Env A";"";"Non"
2022;"20229";"9500281";"2,4-mcpa";"94-74-6";"0.252";"Env A";"";"Non"
2022;"20229";"9500281";"dicamba";"1918-00-9";"0.0216";"Env B";"";"Non"
2022;"20229";"9500281";"sulfate de fer (sulfate ferreux heptahydrate)";"7782-63-0";"15.48";"Autre";"";"Non"
2022;"20229";"9500341";"soufre";"7704-34-9";"0.28";"Autre";"";"Non"
2022;"20230";"1030003";"polymere carboxyl sulfone cationique";"8061-53-8";"0.07872";"Autre";"";"Non"
2022;"20230";"2000018";"soufre pour pulverisation (micronise)";"7704-34-9";"224";"Autre";"";"Non"
2022;"20230";"2000044";"fluazifop-p-butyl";"79241-46-6";"16.875";"CMR";"";"Non"
2022;"20230";"2000125";"cuivre du sulfate de cuivre";"8011-63-0";"0.2";"Env A";"Substitution";"Non"
2022;"20230";"2000128";"diflufenicanil";"83164-33-4";"0.00696";"Env B";"";"Non"
2022;"20230";"2000128";"glyphosate";"1071-83-6";"0.116";"Env A";"";"Non"
2022;"20230";"2000128";"oxadiazon";"19666-30-9";"0.116";"Env A";"";"Non"
2022;"20230";"2000316";"esfenvalerate";"66230-04-4";"0.55";"Santé A";"Substitution";"Non"
2022;"20230";"2000327";"carfentrazone ethyl";"128639-02-1";"4.5";"Env A";"";"Non"
2022;"20230";"2000510";"fer sous forme de sulfate de fer";"7720-78-7";"33.6";"Autre";"";"Non"
2022;"20230";"2000517";"cuivre de l'hydroxyde de cuivre";"20427-59-2";"50.4";"Santé A";"Substitution";"Non"
2022;"20230";"2010023";"deltamethrine";"52918-63-5";"7.14";"Santé A";"";"Non"
2022;"20230";"2010130";"cuivre de l'oxyde cuivreux";"1317-39-1";"835.5";"Env A";"Substitution";"Non"
2022;"20230";"2010398";"folpel";"133-07-3";"6.4";"CMR";"";"Non"
2022;"20230";"2010398";"metalaxyl-m";"70630-17-0";"0.776";"Autre";"";"Non"
2022;"20230";"2010513";"bacillus thuringiensis ssp kurstaki souche abts-351";"68038-71-1";"";"Autre";"";"Non"
2022;"20230";"2020241";"bacillus thuringiensis ssp aizawai souche abts-1857";"68038-71-1";"0.81";"Autre";"";"Non"
2022;"20230";"2030175";"bacillus thuringiensis ssp kurstaki souche sa-11";"68038-71-1";"0.102";"Autre";"";"Non"
2022;"20230";"2030337";"dichlorprop-p";"15165-67-0";"0.875";"Autre";"";"Non"
2022;"20230";"2050046";"flonicamide";"158062-67-0";"31.50";"Autre";"";"Non"
2022;"20230";"2060034";"kaolin";"1332-58-7";"261.25";"Autre";"";"Non"
2022;"20230";"2060050";"metrafenone";"220899-03-6";"3.655";"Env A";"";"Non"
2022;"20230";"2060084";"boscalid";"188425-85-6";"32.307";"Env A";"";"Non"
2022;"20230";"2060084";"pyraclostrobine";"175013-18-0";"8.107";"Santé A";"";"Non"
2022;"20230";"2060085";"boscalid";"188425-85-6";"6.4";"Env A";"";"Non"
2022;"20230";"2060085";"kresoxim-methyl";"143390-89-0";"3.2";"CMR";"";"Non"
2022;"20230";"2060098";"spinosad";"168316-95-8";"23.04";"Env A";"";"Non"
2022;"20230";"2060113";"bifenazate";"149877-41-8";"1.44";"Env A";"";"Non"
2022;"20230";"2060130";"spinosad";"168316-95-8";"0.08328";"Env A";"";"Non"
2022;"20230";"2070107";"fosetyl";"15845-66-6";"1.86";"Autre";"";"Non"
2022;"20230";"2070107";"propamocarbe";"24579-73-5";"3.18";"Autre";"";"Non"
2022;"20230";"2070133";"napropamide";"15299-99-7";"56.25";"Env A";"";"Non"
2022;"20230";"2080060";"pyriproxyfene";"95737-68-1";"9.9";"Env A";"";"Non"
2022;"20230";"2080063";"benalaxyl-m";"98243-83-5";"17.25";"Env A";"";"Non"
2022;"20230";"2080063";"folpel";"133-07-3";"220.8";"CMR";"";"Non"
2022;"20230";"2090001";"proquinazid";"189278-12-4";"5.6";"CMR";"";"Non"
2022;"20230";"2090019";"6-benzyladenine";"1214-39-7";"1.5";"CMR";"";"Non"
2022;"20230";"2090063";"tebuconazole";"107534-96-3";"2.4";"CMR";"";"Non"
2022;"20230";"2090063";"trifloxystrobine";"141517-21-7";"1.2";"Env A";"";"Non"
2022;"20230";"2090093";"glyphosate";"1071-83-6";"315";"Env A";"";"Non"
2022;"20230";"2090119";"cuivre du sulfate tribasique";"12527-76-3";"85.5";"Env A";"Substitution";"Non"
2022;"20230";"2090126";"cyazofamide";"120116-88-3";"0.45";"Env A";"";"Non"
2022;"20230";"2090126";"phosphonate de disodium";"13708-85-5";"4.5";"Autre";"";"Non"
2022;"20230";"2090127";"huile essentielle d'orange douce";"8028-48-6";"21.3";"Env A";"";"Non"
2022;"20230";"2090132";"cuivre du sulfate tribasique";"12527-76-3";"1.991502";"Env A";"Substitution";"Non"
2022;"20230";"2090132";"zoxamide";"156052-68-5";"0.2988";"Env A";"";"Non"
2022;"20230";"2090137";"cuivre du sulfate de cuivre";"8011-63-0";"4";"Env A";"Substitution";"Non"
2022;"20230";"2090146";"abamectine";"71751-41-2";"0.000017";"CMR";"";"Non"
2022;"20230";"2090146";"pyrethrines";"8003-34-7";"0.00023";"Env A";"";"Non"
2022;"20230";"2090188";"glyphosate";"1071-83-6";"32.4";"Env A";"";"Non"
2022;"20230";"2090199";"huile de colza";"8002-13-9";"1.6506";"Autre";"";"Non"
2022;"20230";"2090199";"pyrethrines";"8003-34-7";"0.00918";"Env A";"";"Non"
2022;"20230";"2100015";"thifensulfuron-methyle";"79277-27-3";"8";"Env A";"";"Non"
2022;"20230";"2100030";"phosphate ferrique";"10045-86-0";"0.1485";"Autre";"";"Non"
2022;"20230";"2100038";"kaolin";"1332-58-7";"2550";"Autre";"";"Non"
2022;"20230";"2100041";"phosphonate de potassium";"13492-26-7";"90.6";"Autre";"";"Non"
2022;"20230";"2100162";"bacillus subtilis souche qst 713";"68038-70-0";"0.7835";"Autre";"";"Non"
2022;"20230";"2100181";"fluopicolide";"239110-15-7";"3.7296";"Env A";"";"Non"
2022;"20230";"2100181";"fosetyl-aluminium";"39148-24-8";"56.0028";"Autre";"";"Non"
2022;"20230";"2100221";"ametoctradine";"865318-97-4";"24";"Env A";"";"Non"
2022;"20230";"2100221";"metirame";"9006-42-2";"88";"Env A";"";"Non"
2022;"20230";"2100231";"emamectine benzoate";"155569-91-8";"7.961";"Santé A";"";"Non"
2022;"20230";"2110059";"bicarbonate de potassium";"298-14-6";"97.9115";"Autre";"";"Non"
2022;"20230";"2110073";"indoxacarbe";"173584-44-6";"2.55";"Santé A";"";"Non"
2022;"20230";"2110086";"spirotetramat";"203313-25-1";"37.7";"CMR";"";"Non"
2022;"20230";"2110101";"pyraflufen-ethyl";"129630-19-9";"1.6165";"Env A";"";"Non"
2022;"20230";"2110149";"huile de colza";"8002-13-9";"0.061009";"Autre";"";"Non"
2022;"20230";"2110150";"huile de colza";"8002-13-9";"1.2432";"Autre";"";"Non"
2022;"20230";"2110179";"(z)-8-dodecenol";"40642-40-8";"0.066";"Env A";"";"Non"
2022;"20230";"2110179";"1-dodecanol";"112-53-8";"3.102";"Env A";"";"Non"
2022;"20230";"2110179";"1-tetradecanol";"112-72-1";"0.561";"Env A";"";"Non"
2022;"20230";"2110179";"acetate de e-8-dodecenyle";"38363-29-0";"0.363";"Autre";"";"Non"
2022;"20230";"2110179";"acetate de z-8-dodecenyle";"28079-04-1";"6.996";"Autre";"";"Non"
2022;"20230";"2110179";"e8,e10-dodecadiene-1-ol";"33956-49-9";"19.008";"Env A";"";"Non"
2022;"20230";"2110180";"cuivre de l'oxyde cuivreux";"1317-39-1";"0.4875";"Env A";"Substitution";"Non"
2022;"20230";"2110196";"bicarbonate de potassium";"298-14-6";"0.085";"Autre";"";"Non"
2022;"20230";"2120018";"glyphosate";"1071-83-6";"0.768";"Env A";"";"Non"
2022;"20230";"2120048";"aminopyralid";"150114-71-9";"0.24";"Env A";"";"Non"
2022;"20230";"2120048";"triclopyr";"55335-06-3";"1.92";"Env B";"";"Non"
2022;"20230";"2120074";"forchlorfenuron";"68157-60-8";"0.12";"CMR";"";"Non"
2022;"20230";"2120087";"spinetoram";"935545-74-7";"0.25";"CMR";"";"Non"
2022;"20230";"2120130";"(z)-8-dodecenol";"40642-40-8";"0.47";"Env A";"";"Non"
2022;"20230";"2120130";"acetate de e-8-dodecenyle";"38363-29-0";"2.82";"Autre";"";"Non"
2022;"20230";"2120130";"acetate de z-8-dodecenyle";"28079-04-1";"43.71";"Autre";"";"Non"
2022;"20230";"2120132";"dimethomorphe";"110488-70-5";"18";"Env A";"Exclusion";"Non"
2022;"20230";"2120132";"metirame";"9006-42-2";"88";"Env A";"";"Non"
2022;"20230";"2120158";"kaolin";"1332-58-7";"336.6";"Autre";"";"Non"
2022;"20230";"2120177";"clonostachys rosea j1446 (anciennement gliocladium catenulatum)";"";"";"Autre";"";"Non"
2022;"20230";"2120179";"folpel";"133-07-3";"129";"CMR";"";"Non"
2022;"20230";"2120179";"fosetyl-aluminium";"39148-24-8";"258";"Autre";"";"Non"
2022;"20230";"2130049";"cyflufenamid";"180409-60-3";"3.3";"Env A";"";"Non"
2022;"20230";"2130049";"difenoconazole";"119446-68-3";"6.6";"Env A";"";"Non"
2022;"20230";"2130067";"cyflufenamid";"180409-60-3";"5.5";"Env A";"";"Non"
2022;"20230";"2130083";"lambda-cyhalothrine";"91465-08-6";"10.4";"Santé A";"Substitution";"Non"
2022;"20230";"2130112";"deltamethrine";"52918-63-5";"0.000016";"Santé A";"";"Non"
2022;"20230";"2130112";"hydrolysat de proteines";"";"0.00273";"Autre";"";"Non"
2022;"20230";"2130115";"deltamethrine";"52918-63-5";"0.21006";"Santé A";"";"Non"
2022;"20230";"2130126";"fer sous forme de sulfate de fer";"7720-78-7";"2.856";"Autre";"";"Non"
2022;"20230";"2130152";"fluopyram";"658066-35-4";"11.50";"Env A";"";"Non"
2022;"20230";"2130152";"trifloxystrobine";"141517-21-7";"11.50";"Env A";"";"Non"
2022;"20230";"2130153";"acide acetique";"64-19-7";"0.18";"Autre";"";"Non"
2022;"20230";"2130212";"phosmet";"732-11-6";"100";"CMR";"";"Non"
2022;"20230";"2140001";"acide gibberellique";"77-06-5";"0.04";"Autre";"";"Non"
2022;"20230";"2140022";"oligomeres terpeniques";"70750-57-1";"172.9";"Autre";"";"Non"
2022;"20230";"2140084";"polysulfure de calcium";"1344-81-6";"30.4";"Env A";"";"Non"
2022;"20230";"2140085";"abamectine";"71751-41-2";"6.984";"CMR";"";"Non"
2022;"20230";"2140106";"huile minerale paraffinique";"8042-47-5";"4.345";"Autre";"";"Non"
2022;"20230";"2140147";"deltamethrine";"52918-63-5";"0.075";"Santé A";"";"Non"
2022;"20230";"2140166";"acide decanoique";"334-48-5";"0.188906";"Env B";"";"Non"
2022;"20230";"2140166";"acide octanoique";"124-07-2";"0.283358";"Env B";"";"Non"
2022;"20230";"2140177";"pyriofenone";"688046-61-9";"13.2";"CMR";"";"Non"
2022;"20230";"2140252";"phosphate ferrique";"10045-86-0";"0.018750";"Autre";"";"Non"
2022;"20230";"2150067";"phosphonate de disodium";"13708-85-5";"12.08";"Autre";"";"Non"
2022;"20230";"2150140";"glyphosate";"1071-83-6";"1202.4";"Env A";"";"Non"
2022;"20230";"2150387";"ametoctradine";"865318-97-4";"9";"Env A";"";"Non"
2022;"20230";"2150387";"dimethomorphe";"110488-70-5";"6.75";"Env A";"Exclusion";"Non"
2022;"20230";"2150417";"bacillus thuringiensis ssp kurstaki souche abts-351";"68038-71-1";"0.63855";"Autre";"";"Non"
2022;"20230";"2150790";"phosphate ferrique";"10045-86-0";"0.036";"Autre";"";"Non"
2022;"20230";"2150914";"fosetyl-aluminium";"39148-24-8";"320";"Autre";"";"Non"
2022;"20230";"2150969";"phosphate ferrique";"10045-86-0";"0.021789";"Autre";"";"Non"
2022;"20230";"2160008";"fluopyram";"658066-35-4";"0.6";"Env A";"";"Non"
2022;"20230";"2160008";"tebuconazole";"107534-96-3";"0.6";"CMR";"";"Non"
2022;"20230";"2160115";"acide pelargonique";"112-05-0";"0.46485";"Autre";"";"Non"
2022;"20230";"2160383";"acide gibberellique";"77-06-5";"38.46678";"Autre";"";"Non"
2022;"20230";"2160409";"phosphate ferrique";"10045-86-0";"0.0495";"Autre";"";"Non"
2022;"20230";"2160527";"sels de potassium d'acides gras";"10124-65-9";"4.798";"Autre";"";"Non"
2022;"20230";"2160615";"soufre triture ventile";"7704-34-9";"0.394";"Autre";"";"Non"
2022;"20230";"2160694";"cuivre du sulfate tribasique";"12527-76-3";"57.6";"Env A";"Substitution";"Non"
2022;"20230";"2160713";"spinetoram";"935545-74-7";"0.72";"CMR";"";"Non"
2022;"20230";"2160756";"dodine";"2439-10-3";"100.64";"Env A";"";"Non"
2022;"20230";"2160962";"fluxapyroxad";"907204-31-3";"9";"Santé A";"";"Non"
2022;"20230";"2160963";"fluxapyroxad";"907204-31-3";"0.3";"Santé A";"";"Non"
2022;"20230";"2170085";"dithianon";"3347-22-6";"38.75";"Env A";"";"Non"
2022;"20230";"2170085";"phosphonate de potassium";"13492-26-7";"173.972";"Autre";"";"Non"
2022;"20230";"2170243";"acide pelargonique";"112-05-0";"0.6";"Autre";"";"Non"
2022;"20230";"2170428";"flazasulfuron";"104040-78-0";"0.375";"Env A";"";"Non"
2022;"20230";"2170462";"huile minerale blanche";"8042-47-5";"19.75";"Autre";"";"Non"
2022;"20230";"2170547";"flazasulfuron";"104040-78-0";"0.25";"Env A";"";"Non"
2022;"20230";"2170685";"acide acetique";"64-19-7";"0.3";"Autre";"";"Non"
2022;"20230";"2170691";"diflufenicanil";"83164-33-4";"0.0625";"Env B";"";"Non"
2022;"20230";"2170691";"metribuzine";"21087-64-9";"0.25";"Env A";"";"Non"
2022;"20230";"2170977";"huile de colza";"8002-13-9";"0.011453";"Autre";"";"Non"
2022;"20230";"2170978";"huile de colza";"8002-13-9";"0.678592";"Autre";"";"Non"
2022;"20230";"2171067";"bicarbonate de potassium";"298-14-6";"0.006375";"Autre";"";"Non"
2022;"20230";"2171073";"flazasulfuron";"104040-78-0";"0.5";"Env A";"";"Non"
2022;"20230";"2171086";"pyriproxyfene";"95737-68-1";"4";"Env A";"";"Non"
2022;"20230";"2171119";"mandipropamide";"374726-62-2";"15";"Env A";"";"Non"
2022;"20230";"2171119";"zoxamide";"156052-68-5";"14.4";"Env A";"";"Non"
2022;"20230";"2171200";"bicarbonate de potassium";"298-14-6";"74.6175";"Autre";"";"Non"
2022;"20230";"2180319";"cuivre du sulfate tribasique";"12527-76-3";"0.016352";"Env A";"Substitution";"Non"
2022;"20230";"2180380";"oxathiapiproline";"1003318-67-9";"6.3";"Env A";"";"Non"
2022;"20230";"2180408";"huile de paraffine";"64742-46-7";"1.6";"Autre";"";"Non"
2022;"20230";"2180829";"cuivre de l'hydroxyde de cuivre";"20427-59-2";"9.52";"Santé A";"Substitution";"Non"
2022;"20230";"2180829";"cuivre de l'oxychlorure de cuivre";"1332-65-6";"9.52";"Santé A";"Substitution";"Non"
2022;"20230";"2180888";"cuivre du sulfate tribasique";"12527-76-3";"0.1425";"Env A";"Substitution";"Non"
2022;"20230";"2189993";"cuivre du sulfate de cuivre";"8011-63-0";"0.08";"Env A";"Substitution";"Non"
2022;"20230";"2189996";"azadirachtine";"11141-17-6";"5.33";"CMR";"";"Non"
2022;"20230";"2190054";"spinosad";"168316-95-8";"0.96";"Env A";"";"Non"
2022;"20230";"2190319";"acide pelargonique";"112-05-0";"0.68896";"Autre";"";"Non"
2022;"20230";"2190441";"spinosad";"168316-95-8";"0.072";"Env A";"";"Non"
2022;"20230";"2190499";"soufre";"7704-34-9";"10.171";"Autre";"";"Non"
2022;"20230";"2190594";"(e,z)-3,8-tetradecadien-1-yl acetate";"163041-87-0";"";"Autre";"";"Non"
2022;"20230";"2190594";"(e,z,z)-3,8,11-tetradecatrien-1-yl acetate";"163041-94-9";"";"Autre";"";"Non"
2022;"20230";"2190730";"cos-oga";"";"0.625";"Autre";"";"Non"
2022;"20230";"2190760";"spinosad";"168316-95-8";"0.0017";"Env A";"";"Non"
2022;"20230";"2190808";"huile de colza";"8002-13-9";"0.021";"Autre";"";"Non"
2022;"20230";"2190808";"pyrethrines";"8003-34-7";"0.00021";"Env A";"";"Non"
2022;"20230";"2190811";"sels de potassium d'acides gras (c8-c18)";"67701-09-1";"0.008";"Autre";"";"Non"
2022;"20230";"2190811";"soufre";"7704-34-9";"0.0032";"Autre";"";"Non"
2022;"20230";"2190893";"folpel";"133-07-3";"44";"CMR";"";"Non"
2022;"20230";"2190893";"mandipropamide";"374726-62-2";"5.5";"Env A";"";"Non"
2022;"20230";"2200059";"huile essentielle d'orange douce";"8028-48-6";"0.012";"Env A";"";"Non"
2022;"20230";"2200526";"acide pelargonique";"112-05-0";"0.9048";"Autre";"";"Non"
2022;"20230";"5100219";"soufre sublime";"7704-34-9";"74.25";"Autre";"";"Non"
2022;"20230";"7200313";"alcools terpeniques";"98-55-5";"478.8";"Autre";"";"Non"
2022;"20230";"7400755";"acide alpha naphtylacetique (ana)";"86-87-3";"0.4";"CMR";"";"Non"
2022;"20230";"7600008";"bupirimate";"41483-43-6";"14.0";"CMR";"";"Non"
2022;"20230";"8100236";"chlorophacinone";"3691-35-8";"0.000056";"Autre";"";"Non"
2022;"20230";"8400528";"isoxaben";"82558-50-7";"6.875";"Env B";"";"Non"
2022;"20230";"8700111";"huile de ricin";"8001-79-4";"0.3264";"Autre";"";"Non"
2022;"20230";"8700111";"resines (colophane)";"8050-09-7";"0.1632";"Autre";"";"Non"
2022;"20230";"8800841";"difenoconazole";"119446-68-3";"14.875";"Env A";"";"Non"
2022;"20230";"8900564";"tau-fluvalinate";"102851-06-9";"2.4";"Env A";"";"Non"
2022;"20230";"8900685";"e/z8 acetate de dodecenyle";"37338-40-2";"21.4839";"Autre";"";"Non"
2022;"20230";"9000222";"soufre";"7704-34-9";"2387";"Autre";"";"Non"
2022;"20230";"9000490";"cycloxydime";"101205-02-1";"87";"CMR";"";"Non"
2022;"20230";"9100296";"2,4-d";"94-75-7";"129";"Env B";"";"Non"
2022;"20230";"9100525";"tebufenpyrad";"119168-77-3";"0.6";"Santé A";"";"Non"
2022;"20230";"9200235";"huile minerale paraffinique";"8042-47-5";"7757.8";"Autre";"";"Non"
2022;"20230";"9300108";"captane";"133-06-2";"576";"CMR";"";"Non"
2022;"20230";"9300186";"tebuconazole";"107534-96-3";"18";"CMR";"";"Non"
2022;"20230";"9300504";"huile de vaseline";"8042-47-5";"10424.92";"Autre";"";"Non"
2022;"20230";"9400012";"tetraconazole";"112281-77-3";"5";"Env A";"";"Non"
2022;"20230";"9400085";"etofenprox";"80844-07-1";"1.4375";"Santé A";"";"Non"
2022;"20230";"9400280";"flumioxazine";"103361-09-7";"1.5";"CMR";"";"Non"
2022;"20230";"9400485";"cymoxanil";"57966-95-7";"16.8";"CMR";"";"Non"
2022;"20230";"9400485";"folpel";"133-07-3";"140.28";"CMR";"";"Non"
2022;"20230";"9500147";"soufre pour pulverisation (micronise)";"7704-34-9";"19.92";"Autre";"";"Non"
2022;"20230";"9500281";"2,4-mcpa";"94-74-6";"8.694";"Env A";"";"Non"
2022;"20230";"9500281";"dicamba";"1918-00-9";"0.7452";"Env B";"";"Non"
2022;"20230";"9500281";"sulfate de fer (sulfate ferreux heptahydrate)";"7782-63-0";"534.06";"Autre";"";"Non"
2022;"20230";"9500568";"cyprodinyl";"121552-61-2";"53.25";"Env A";"";"Non"
2022;"20230";"9500568";"fludioxonil";"131341-86-1";"35.5";"Env A";"";"Non"
2022;"20230";"9500595";"2,4-d";"94-75-7";"0.15";"Env B";"";"Non"
2022;"20230";"9500595";"2,4-mcpa";"94-74-6";"0.175";"Env A";"";"Non"
2022;"20230";"9500595";"clopyralid";"1702-17-6";"0.035";"Autre";"";"Non"
2022;"20230";"9500649";"folpel";"133-07-3";"183";"CMR";"";"Non"
2022;"20230";"9500649";"fosetyl-aluminium";"39148-24-8";"366";"Autre";"";"Non"
2022;"20230";"9600001";"cymoxanil";"57966-95-7";"3.36";"CMR";"";"Non"
2022;"20230";"9600001";"folpel";"133-07-3";"21";"CMR";"";"Non"
2022;"20230";"9600001";"fosetyl-aluminium";"39148-24-8";"42";"Autre";"";"Non"
2022;"20230";"9600025";"fosetyl-aluminium";"39148-24-8";"163.2";"Autre";"";"Non"
2022;"20230";"9600116";"zirame";"137-30-4";"509.2";"Santé A";"";"Non"
2022;"20230";"9600488";"cypermethrine";"52315-07-8";"0.00075";"Env A";"";"Non"
2022;"20230";"9700070";"flazasulfuron";"104040-78-0";"3.25";"Env A";"";"Non"
2022;"20230";"9700332";"azoxystrobine";"131860-33-8";"0.25";"Santé A";"";"Non"
2022;"20230";"9800245";"soufre pour pulverisation (micronise)";"7704-34-9";"16";"Autre";"";"Non"
2022;"20230";"9800336";"lambda-cyhalothrine";"91465-08-6";"17.7";"Santé A";"Substitution";"Non"
2022;"20230";"9800420";"spiroxamine";"118134-30-8";"128.5";"CMR";"";"Non"
2022;"20230";"9800474";"cuivre du sulfate de cuivre";"8011-63-0";"66";"Env A";"Substitution";"Non"
2022;"20230";"9800481";"fleur de chaux (chaux eteinte)";"1305-62-0";"0.65";"Autre";"";"Non"
2022;"20230";"9900227";"cuivre de l'hydroxyde de cuivre";"20427-59-2";"574";"Santé A";"Substitution";"Non"
2022;"20230";"9900257";"cuivre du sulfate de cuivre";"8011-63-0";"6.48";"Env A";"Substitution";"Non"
2022;"20231";"2000510";"fer sous forme de sulfate de fer";"7720-78-7";"1.6";"Autre";"";"Non"
2022;"20231";"2090199";"huile de colza";"8002-13-9";"0.206325";"Autre";"";"Non"
2022;"20231";"2090199";"pyrethrines";"8003-34-7";"0.001148";"Env A";"";"Non"
2022;"20231";"2150417";"bacillus thuringiensis ssp kurstaki souche abts-351";"68038-71-1";"0.12771";"Autre";"";"Non"
2022;"20231";"8500351";"acide b-indole butyrique (aib)";"133-32-4";"0.0002";"CMR";"";"Non"
2022;"20231";"9500281";"2,4-mcpa";"94-74-6";"0.126";"Env A";"";"Non"
2022;"20231";"9500281";"dicamba";"1918-00-9";"0.0108";"Env B";"";"Non"
2022;"20231";"9500281";"sulfate de fer (sulfate ferreux heptahydrate)";"7782-63-0";"7.74";"Autre";"";"Non"
2022;"20232";"1030003";"polymere carboxyl sulfone cationique";"8061-53-8";"0.01968";"Autre";"";"Non"
2022;"20232";"2000018";"soufre pour pulverisation (micronise)";"7704-34-9";"212.288";"Autre";"";"Non"
2022;"20232";"2000128";"diflufenicanil";"83164-33-4";"0.00696";"Env B";"";"Non"
2022;"20232";"2000128";"glyphosate";"1071-83-6";"0.116";"Env A";"";"Non"
2022;"20232";"2000128";"oxadiazon";"19666-30-9";"0.116";"Env A";"";"Non"
2022;"20232";"2000510";"fer sous forme de sulfate de fer";"7720-78-7";"9.6";"Autre";"";"Non"
2022;"20232";"2000517";"cuivre de l'hydroxyde de cuivre";"20427-59-2";"19.8";"Santé A";"Substitution";"Non"
2022;"20232";"2010023";"deltamethrine";"52918-63-5";"0.525";"Santé A";"";"Non"
2022;"20232";"2010513";"bacillus thuringiensis ssp kurstaki souche abts-351";"68038-71-1";"";"Autre";"";"Non"
2022;"20232";"2020241";"bacillus thuringiensis ssp aizawai souche abts-1857";"68038-71-1";"1.89";"Autre";"";"Non"
2022;"20232";"2030175";"bacillus thuringiensis ssp kurstaki souche sa-11";"68038-71-1";"0.017";"Autre";"";"Non"
2022;"20232";"2060034";"kaolin";"1332-58-7";"570";"Autre";"";"Non"
2022;"20232";"2060050";"metrafenone";"220899-03-6";"0.02";"Env A";"";"Non"
2022;"20232";"2060098";"spinosad";"168316-95-8";"1.44";"Env A";"";"Non"
2022;"20232";"2060130";"spinosad";"168316-95-8";"0.00432";"Env A";"";"Non"
2022;"20232";"2070133";"napropamide";"15299-99-7";"6.75";"Env A";"";"Non"
2022;"20232";"2080038";"pyrethrines";"8003-34-7";"0.744";"Env A";"";"Non"
2022;"20232";"2090093";"glyphosate";"1071-83-6";"0.0945";"Env A";"";"Non"
2022;"20232";"2090119";"cuivre du sulfate tribasique";"12527-76-3";"30.4";"Env A";"Substitution";"Non"
2022;"20232";"2090127";"huile essentielle d'orange douce";"8028-48-6";"1.5";"Env A";"";"Non"
2022;"20232";"2090132";"cuivre du sulfate tribasique";"12527-76-3";"0.127968";"Env A";"Substitution";"Non"
2022;"20232";"2090132";"zoxamide";"156052-68-5";"0.0192";"Env A";"";"Non"
2022;"20232";"2100038";"kaolin";"1332-58-7";"1975";"Autre";"";"Non"
2022;"20232";"2100181";"fluopicolide";"239110-15-7";"0.027528";"Env A";"";"Non"
2022;"20232";"2100181";"fosetyl-aluminium";"39148-24-8";"0.413354";"Autre";"";"Non"
2022;"20232";"2110059";"bicarbonate de potassium";"298-14-6";"17.544";"Autre";"";"Non"
2022;"20232";"2110147";"fludioxonil";"131341-86-1";"0.105";"Env A";"";"Non"
2022;"20232";"2110149";"huile de colza";"8002-13-9";"0.020449";"Autre";"";"Non"
2022;"20232";"2110150";"huile de colza";"8002-13-9";"1.12665";"Autre";"";"Non"
2022;"20232";"2110173";"cuivre de l'oxychlorure de cuivre";"1332-65-6";"0.14508";"Santé A";"Substitution";"Non"
2022;"20232";"2110173";"mandipropamide";"374726-62-2";"0.026";"Env A";"";"Non"
2022;"20232";"2110196";"bicarbonate de potassium";"298-14-6";"0.255";"Autre";"";"Non"
2022;"20232";"2130049";"cyflufenamid";"180409-60-3";"0.0033";"Env A";"";"Non"
2022;"20232";"2130049";"difenoconazole";"119446-68-3";"0.0066";"Env A";"";"Non"
2022;"20232";"2130152";"fluopyram";"658066-35-4";"0.01";"Env A";"";"Non"
2022;"20232";"2130152";"trifloxystrobine";"141517-21-7";"0.01";"Env A";"";"Non"
2022;"20232";"2130212";"phosmet";"732-11-6";"15";"CMR";"";"Non"
2022;"20232";"2140022";"oligomeres terpeniques";"70750-57-1";"45.5";"Autre";"";"Non"
2022;"20232";"2140084";"polysulfure de calcium";"1344-81-6";"30.4";"Env A";"";"Non"
2022;"20232";"2140147";"deltamethrine";"52918-63-5";"0.015";"Santé A";"";"Non"
2022;"20232";"2140166";"acide decanoique";"334-48-5";"0.029985";"Env B";"";"Non"
2022;"20232";"2140166";"acide octanoique";"124-07-2";"0.044978";"Env B";"";"Non"
2022;"20232";"2140215";"(z)-9-dodecenylacetate";"16974-11-1";"5.80255";"Env A";"";"Non"
2022;"20232";"2140215";"e7,z9-dodecadienylacetate";"54364-62-4";"5.571475";"Env A";"";"Non"
2022;"20232";"2140270";"ametoctradine";"865318-97-4";"0.08";"Env A";"";"Non"
2022;"20232";"2150067";"phosphonate de disodium";"13708-85-5";"0.215";"Autre";"";"Non"
2022;"20232";"2150074";"phosphonate de disodium";"13708-85-5";"0.06";"Autre";"";"Non"
2022;"20232";"2150140";"glyphosate";"1071-83-6";"21.6";"Env A";"";"Non"
2022;"20232";"2150417";"bacillus thuringiensis ssp kurstaki souche abts-351";"68038-71-1";"0.12771";"Autre";"";"Non"
2022;"20232";"2160115";"acide pelargonique";"112-05-0";"0.182841";"Autre";"";"Non"
2022;"20232";"2170243";"acide pelargonique";"112-05-0";"1.3";"Autre";"";"Non"
2022;"20232";"2170501";"cyprodinyl";"121552-61-2";"0.075";"Env A";"";"Non"
2022;"20232";"2170977";"huile de colza";"8002-13-9";"0.011453";"Autre";"";"Non"
2022;"20232";"2170978";"huile de colza";"8002-13-9";"0.84824";"Autre";"";"Non"
2022;"20232";"2171200";"bicarbonate de potassium";"298-14-6";"24.8725";"Autre";"";"Non"
2022;"20232";"2180380";"oxathiapiproline";"1003318-67-9";"0.004";"Env A";"";"Non"
2022;"20232";"2180408";"huile de paraffine";"64742-46-7";"0.8";"Autre";"";"Non"
2022;"20232";"2180651";"bacillus amyloliquefaciens souche fzb24";"NC";"";"Autre";"";"Non"
2022;"20232";"2180858";"huile essentielle de menthe verte";"8008-79-5";"0.02288";"Env A";"";"Non"
2022;"20232";"2180888";"cuivre du sulfate tribasique";"12527-76-3";"0.1425";"Env A";"Substitution";"Non"
2022;"20232";"2190054";"spinosad";"168316-95-8";"2.16";"Env A";"";"Non"
2022;"20232";"2190198";"soufre pour pulverisation (micronise)";"7704-34-9";"224";"Autre";"";"Non"
2022;"20232";"2190319";"acide pelargonique";"112-05-0";"0.25836";"Autre";"";"Non"
2022;"20232";"2190346";"bacillus amyloliquefaciens subsp plantarum d747";"";"";"Autre";"";"Non"
2022;"20232";"2190594";"(e,z)-3,8-tetradecadien-1-yl acetate";"163041-87-0";"";"Autre";"";"Non"
2022;"20232";"2190594";"(e,z,z)-3,8,11-tetradecatrien-1-yl acetate";"163041-94-9";"";"Autre";"";"Non"
2022;"20232";"2190760";"spinosad";"168316-95-8";"0.0011";"Env A";"";"Non"
2022;"20232";"2200059";"huile essentielle d'orange douce";"8028-48-6";"0.012";"Env A";"";"Non"
2022;"20232";"2200526";"acide pelargonique";"112-05-0";"2.262";"Autre";"";"Non"
2022;"20232";"5100219";"soufre sublime";"7704-34-9";"2475.0";"Autre";"";"Non"
2022;"20232";"8100236";"chlorophacinone";"3691-35-8";"0.000113";"Autre";"";"Non"
2022;"20232";"8400528";"isoxaben";"82558-50-7";"0.625";"Env B";"";"Non"
2022;"20232";"8700107";"metirame";"9006-42-2";"0.434";"Env A";"";"Non"
2022;"20232";"9000222";"soufre";"7704-34-9";"2023.434";"Autre";"";"Non"
2022;"20232";"9000277";"cuivre de l'hydroxyde de cuivre";"20427-59-2";"10";"Santé A";"Substitution";"Non"
2022;"20232";"9300504";"huile de vaseline";"8042-47-5";"16.34";"Autre";"";"Non"
2022;"20232";"9500147";"soufre pour pulverisation (micronise)";"7704-34-9";"0.6";"Autre";"";"Non"
2022;"20232";"9500281";"2,4-mcpa";"94-74-6";"2.52";"Env A";"";"Non"
2022;"20232";"9500281";"dicamba";"1918-00-9";"0.216";"Env B";"";"Non"
2022;"20232";"9500281";"sulfate de fer (sulfate ferreux heptahydrate)";"7782-63-0";"154.8";"Autre";"";"Non"
2022;"20232";"9500649";"folpel";"133-07-3";"0.205";"CMR";"";"Non"
2022;"20232";"9500649";"fosetyl-aluminium";"39148-24-8";"0.41";"Autre";"";"Non"
2022;"20232";"9700070";"flazasulfuron";"104040-78-0";"0.0025";"Env A";"";"Non"
2022;"20232";"9800336";"lambda-cyhalothrine";"91465-08-6";"0.5";"Santé A";"Substitution";"Non"
2022;"20232";"9800474";"cuivre du sulfate de cuivre";"8011-63-0";"24";"Env A";"Substitution";"Non"
2022;"20232";"9800481";"fleur de chaux (chaux eteinte)";"1305-62-0";"0.65";"Autre";"";"Non"
2022;"20232";"9900227";"cuivre de l'hydroxyde de cuivre";"20427-59-2";"170";"Santé A";"Substitution";"Non"
2022;"20232";"9900257";"cuivre du sulfate de cuivre";"8011-63-0";"2.76";"Env A";"Substitution";"Non"
2022;"20233";"1030003";"polymere carboxyl sulfone cationique";"8061-53-8";"0.01968";"Autre";"";"Non"
2022;"20233";"2000510";"fer sous forme de sulfate de fer";"7720-78-7";"1.6";"Autre";"";"Non"
2022;"20233";"2010023";"deltamethrine";"52918-63-5";"0.03";"Santé A";"";"Non"
2022;"20233";"2090188";"glyphosate";"1071-83-6";"3.6";"Env A";"";"Non"
2022;"20233";"2140167";"acide decanoique";"334-48-5";"0.011994";"Env B";"";"Non"
2022;"20233";"2140167";"acide octanoique";"124-07-2";"0.017991";"Env B";"";"Non"
2022;"20233";"2150140";"glyphosate";"1071-83-6";"7.2";"Env A";"";"Non"
2022;"20233";"8900685";"e/z8 acetate de dodecenyle";"37338-40-2";"0.1962";"Autre";"";"Non"
2022;"20233";"9500281";"2,4-mcpa";"94-74-6";"0.252";"Env A";"";"Non"
2022;"20233";"9500281";"dicamba";"1918-00-9";"0.0216";"Env B";"";"Non"
2022;"20233";"9500281";"sulfate de fer (sulfate ferreux heptahydrate)";"7782-63-0";"15.48";"Autre";"";"Non"
2022;"20233";"9500568";"cyprodinyl";"121552-61-2";"0.75";"Env A";"";"Non"
2022;"20233";"9500568";"fludioxonil";"131341-86-1";"0.5";"Env A";"";"Non"
2022;"20233";"9800336";"lambda-cyhalothrine";"91465-08-6";"0.2";"Santé A";"Substitution";"Non"
2022;"20233";"9900257";"cuivre du sulfate de cuivre";"8011-63-0";"0.2";"Env A";"Substitution";"Non"
2022;"20234";"1030003";"polymere carboxyl sulfone cationique";"8061-53-8";"0.01968";"Autre";"";"Non"
2022;"20234";"2090146";"abamectine";"71751-41-2";"0.000011";"CMR";"";"Non"
2022;"20234";"2090146";"pyrethrines";"8003-34-7";"0.00015";"Env A";"";"Non"
2022;"20234";"2130115";"deltamethrine";"52918-63-5";"0.0015";"Santé A";"";"Non"
2022;"20234";"2140255";"acide pelargonique";"112-05-0";"6.8";"Autre";"";"Non"
2022;"20234";"2150417";"bacillus thuringiensis ssp kurstaki souche abts-351";"68038-71-1";"0.12771";"Autre";"";"Non"
2022;"20234";"2150790";"phosphate ferrique";"10045-86-0";"0.012";"Autre";"";"Non"
2022;"20234";"2160615";"soufre triture ventile";"7704-34-9";"1.4775";"Autre";"";"Non"
2022;"20234";"2180319";"cuivre du sulfate tribasique";"12527-76-3";"0.012264";"Env A";"Substitution";"Non"
2022;"20234";"2190760";"spinosad";"168316-95-8";"0.0006";"Env A";"";"Non"
2022;"20234";"9500341";"soufre";"7704-34-9";"0.28";"Autre";"";"Non"
2022;"20235";"1030003";"polymere carboxyl sulfone cationique";"8061-53-8";"0.01968";"Autre";"";"Non"
2022;"20235";"2000125";"cuivre du sulfate de cuivre";"8011-63-0";"0.1";"Env A";"Substitution";"Non"
2022;"20235";"2000510";"fer sous forme de sulfate de fer";"7720-78-7";"4.8";"Autre";"";"Non"
2022;"20235";"2000517";"cuivre de l'hydroxyde de cuivre";"20427-59-2";"1.8";"Santé A";"Substitution";"Non"
2022;"20235";"2010023";"deltamethrine";"52918-63-5";"0.03";"Santé A";"";"Non"
2022;"20235";"2030175";"bacillus thuringiensis ssp kurstaki souche sa-11";"68038-71-1";"0.017";"Autre";"";"Non"
2022;"20235";"2110149";"huile de colza";"8002-13-9";"0.043264";"Autre";"";"Non"
2022;"20235";"2110180";"cuivre de l'oxyde cuivreux";"1317-39-1";"0.075";"Env A";"Substitution";"Non"
2022;"20235";"2130112";"deltamethrine";"52918-63-5";"0.0000080";"Santé A";"";"Non"
2022;"20235";"2130112";"hydrolysat de proteines";"";"0.00126";"Autre";"";"Non"
2022;"20235";"2130152";"fluopyram";"658066-35-4";"0.25";"Env A";"";"Non"
2022;"20235";"2130152";"trifloxystrobine";"141517-21-7";"0.25";"Env A";"";"Non"
2022;"20235";"2140085";"abamectine";"71751-41-2";"0.09";"CMR";"";"Non"
2022;"20235";"2140177";"pyriofenone";"688046-61-9";"0.3";"CMR";"";"Non"
2022;"20235";"2150140";"glyphosate";"1071-83-6";"14.4";"Env A";"";"Non"
2022;"20235";"2170085";"dithianon";"3347-22-6";"1.25";"Env A";"";"Non"
2022;"20235";"2170085";"phosphonate de potassium";"13492-26-7";"5.612";"Autre";"";"Non"
2022;"20235";"2189993";"cuivre du sulfate de cuivre";"8011-63-0";"0.24";"Env A";"Substitution";"Non"
2022;"20235";"2190893";"folpel";"133-07-3";"4";"CMR";"";"Non"
2022;"20235";"2190893";"mandipropamide";"374726-62-2";"0.5";"Env A";"";"Non"
2022;"20235";"2200059";"huile essentielle d'orange douce";"8028-48-6";"0.006";"Env A";"";"Non"
2022;"20235";"2200526";"acide pelargonique";"112-05-0";"0.141375";"Autre";"";"Non"
2022;"20235";"5100219";"soufre sublime";"7704-34-9";"49.5";"Autre";"";"Non"
2022;"20235";"8700111";"huile de ricin";"8001-79-4";"0.096";"Autre";"";"Non"
2022;"20235";"8700111";"resines (colophane)";"8050-09-7";"0.048";"Autre";"";"Non"
2022;"20235";"9000222";"soufre";"7704-34-9";"7";"Autre";"";"Non"
2022;"20235";"9300504";"huile de vaseline";"8042-47-5";"16.34";"Autre";"";"Non"
2022;"20235";"9500147";"soufre pour pulverisation (micronise)";"7704-34-9";"0.6";"Autre";"";"Non"
2022;"20235";"9500281";"2,4-mcpa";"94-74-6";"3.15";"Env A";"";"Non"
2022;"20235";"9500281";"dicamba";"1918-00-9";"0.27";"Env B";"";"Non"
2022;"20235";"9500281";"sulfate de fer (sulfate ferreux heptahydrate)";"7782-63-0";"193.5";"Autre";"";"Non"
2022;"20235";"9500341";"soufre";"7704-34-9";"0.88";"Autre";"";"Non"
2022;"20235";"9900257";"cuivre du sulfate de cuivre";"8011-63-0";"0.56";"Env A";"Substitution";"Non"
2022;"20236";"2090146";"abamectine";"71751-41-2";"0.000011";"CMR";"";"Non"
2022;"20236";"2090146";"pyrethrines";"8003-34-7";"0.00015";"Env A";"";"Non"
2022;"20236";"2110150";"huile de colza";"8002-13-9";"0.3108";"Autre";"";"Non"
2022;"20236";"2120018";"glyphosate";"1071-83-6";"0.384";"Env A";"";"Non"
2022;"20236";"2160115";"acide pelargonique";"112-05-0";"0.027891";"Autre";"";"Non"
2022;"20236";"5100219";"soufre sublime";"7704-34-9";"49.5";"Autre";"";"Non"
2022;"20236";"8100236";"chlorophacinone";"3691-35-8";"0.000056";"Autre";"";"Non"
2022;"20236";"9500147";"soufre pour pulverisation (micronise)";"7704-34-9";"0.6";"Autre";"";"Non"
2022;"20237";"2100038";"kaolin";"1332-58-7";"50";"Autre";"";"Non"
2022;"20237";"2130112";"deltamethrine";"52918-63-5";"0.000013";"Santé A";"";"Non"
2022;"20237";"2130112";"hydrolysat de proteines";"";"0.0021";"Autre";"";"Non"
2022;"20237";"2140167";"acide decanoique";"334-48-5";"0.029985";"Env B";"";"Non"
2022;"20237";"2140167";"acide octanoique";"124-07-2";"0.044978";"Env B";"";"Non"
2022;"20237";"2171067";"bicarbonate de potassium";"298-14-6";"0.003188";"Autre";"";"Non"
2022;"20237";"2190808";"huile de colza";"8002-13-9";"0.007";"Autre";"";"Non"
2022;"20237";"2190808";"pyrethrines";"8003-34-7";"0.000070";"Env A";"";"Non"
2022;"20237";"9300504";"huile de vaseline";"8042-47-5";"16.34";"Autre";"";"Non"
2022;"20237";"9500147";"soufre pour pulverisation (micronise)";"7704-34-9";"0.32";"Autre";"";"Non"
2022;"20237";"9500281";"2,4-mcpa";"94-74-6";"0.126";"Env A";"";"Non"
2022;"20237";"9500281";"dicamba";"1918-00-9";"0.0108";"Env B";"";"Non"
2022;"20237";"9500281";"sulfate de fer (sulfate ferreux heptahydrate)";"7782-63-0";"7.74";"Autre";"";"Non"
2022;"20237";"9500341";"soufre";"7704-34-9";"0.6";"Autre";"";"Non"
2022;"20237";"9900257";"cuivre du sulfate de cuivre";"8011-63-0";"0.36";"Env A";"Substitution";"Non"
2022;"20238";"2010023";"deltamethrine";"52918-63-5";"0.135";"Santé A";"";"Non"
2022;"20238";"2090188";"glyphosate";"1071-83-6";"3.6";"Env A";"";"Non"
2022;"20238";"2150790";"phosphate ferrique";"10045-86-0";"0.012";"Autre";"";"Non"
2022;"20238";"9000222";"soufre";"7704-34-9";"42";"Autre";"";"Non"
2022;"20238";"9800474";"cuivre du sulfate de cuivre";"8011-63-0";"9";"Env A";"Substitution";"Non"
2022;"20238";"9800481";"fleur de chaux (chaux eteinte)";"1305-62-0";"1.3";"Autre";"";"Non"
2022;"20239";"2150140";"glyphosate";"1071-83-6";"7.2";"Env A";"";"Non"
2022;"20239";"2170243";"acide pelargonique";"112-05-0";"0.4";"Autre";"";"Non"
2022;"20239";"2170978";"huile de colza";"8002-13-9";"0.169648";"Autre";"";"Non"
2022;"20239";"8500351";"acide b-indole butyrique (aib)";"133-32-4";"0.000125";"CMR";"";"Non"
2022;"20239";"9500281";"2,4-mcpa";"94-74-6";"0.378";"Env A";"";"Non"
2022;"20239";"9500281";"dicamba";"1918-00-9";"0.0324";"Env B";"";"Non"
2022;"20239";"9500281";"sulfate de fer (sulfate ferreux heptahydrate)";"7782-63-0";"23.22";"Autre";"";"Non"
2022;"20239";"9500341";"soufre";"7704-34-9";"0.28";"Autre";"";"Non"
2022;"20239";"9600025";"fosetyl-aluminium";"39148-24-8";"4.8";"Autre";"";"Non"
2022;"20239";"9800336";"lambda-cyhalothrine";"91465-08-6";"0.2";"Santé A";"Substitution";"Non"
2022;"20239";"9800474";"cuivre du sulfate de cuivre";"8011-63-0";"15";"Env A";"Substitution";"Non"
2022;"20239";"9900257";"cuivre du sulfate de cuivre";"8011-63-0";"1";"Env A";"Substitution";"Non"
2022;"20240";"1030003";"polymere carboxyl sulfone cationique";"8061-53-8";"0.27552";"Autre";"";"Non"
2022;"20240";"2000018";"soufre pour pulverisation (micronise)";"7704-34-9";"112";"Autre";"";"Non"
2022;"20240";"2000044";"fluazifop-p-butyl";"79241-46-6";"69.375";"CMR";"";"Oui"
2022;"20240";"2000125";"cuivre du sulfate de cuivre";"8011-63-0";"1.7";"Env A";"Substitution";"Non"
2022;"20240";"2000128";"diflufenicanil";"83164-33-4";"0.01380";"Env B";"";"Non"
2022;"20240";"2000128";"glyphosate";"1071-83-6";"0.230";"Env A";"";"Non"
2022;"20240";"2000128";"oxadiazon";"19666-30-9";"0.230";"Env A";"";"Non"
2022;"20240";"2000316";"esfenvalerate";"66230-04-4";"4.6";"Santé A";"Substitution";"Non"
2022;"20240";"2000327";"carfentrazone ethyl";"128639-02-1";"6.3";"Env A";"";"Non"
2022;"20240";"2000336";"metirame";"9006-42-2";"134.75";"Env A";"";"Non"
2022;"20240";"2000336";"pyraclostrobine";"175013-18-0";"12.25";"Santé A";"";"Non"
2022;"20240";"2000517";"cuivre de l'hydroxyde de cuivre";"20427-59-2";"70.2";"Santé A";"Substitution";"Non"
2022;"20240";"2010023";"deltamethrine";"52918-63-5";"13.17";"Santé A";"";"Non"
2022;"20240";"2010130";"cuivre de l'oxyde cuivreux";"1317-39-1";"109.5";"Env A";"Substitution";"Non"
2022;"20240";"2010321";"glyphosate";"1071-83-6";"0.0072";"Env A";"";"Non"
2022;"20240";"2010398";"folpel";"133-07-3";"304";"CMR";"";"Non"
2022;"20240";"2010398";"metalaxyl-m";"70630-17-0";"36.86";"Autre";"";"Non"
2022;"20240";"2010513";"bacillus thuringiensis ssp kurstaki souche abts-351";"68038-71-1";"";"Autre";"";"Non"
2022;"20240";"2020241";"bacillus thuringiensis ssp aizawai souche abts-1857";"68038-71-1";"4.59";"Autre";"";"Non"
2022;"20240";"2030175";"bacillus thuringiensis ssp kurstaki souche sa-11";"68038-71-1";"0.1785";"Autre";"";"Non"
2022;"20240";"2030337";"dichlorprop-p";"15165-67-0";"2.875";"Autre";"";"Non"
2022;"20240";"2050046";"flonicamide";"158062-67-0";"2.75";"Autre";"";"Non"
2022;"20240";"2060050";"metrafenone";"220899-03-6";"88.5";"Env A";"";"Non"
2022;"20240";"2060084";"boscalid";"188425-85-6";"15.753";"Env A";"";"Non"
2022;"20240";"2060084";"pyraclostrobine";"175013-18-0";"3.953";"Santé A";"";"Non"
2022;"20240";"2060085";"boscalid";"188425-85-6";"0.8";"Env A";"";"Non"
2022;"20240";"2060085";"kresoxim-methyl";"143390-89-0";"0.4";"CMR";"";"Non"
2022;"20240";"2060098";"spinosad";"168316-95-8";"9.36";"Env A";"";"Non"
2022;"20240";"2060113";"bifenazate";"149877-41-8";"0.06";"Env A";"";"Non"
2022;"20240";"2060119";"metsulfuron-methyl";"74223-64-6";"0.8";"Env A";"Substitution";"Non"
2022;"20240";"2060130";"spinosad";"168316-95-8";"0.12384";"Env A";"";"Non"
2022;"20240";"2060172";"tetraconazole";"112281-77-3";"14.5";"Env A";"";"Non"
2022;"20240";"2070133";"napropamide";"15299-99-7";"330.75";"Env A";"";"Non"
2022;"20240";"2080029";"penoxsulame";"219714-96-2";"0.008";"Env A";"";"Non"
2022;"20240";"2080038";"pyrethrines";"8003-34-7";"2.418";"Env A";"";"Non"
2022;"20240";"2080060";"pyriproxyfene";"95737-68-1";"24.2";"Env A";"";"Non"
2022;"20240";"2080063";"benalaxyl-m";"98243-83-5";"30.75";"Env A";"";"Non"
2022;"20240";"2080063";"folpel";"133-07-3";"393.6";"CMR";"";"Non"
2022;"20240";"2090001";"proquinazid";"189278-12-4";"40.0";"CMR";"";"Non"
2022;"20240";"2090016";"imazamox";"114311-32-9";"0.501";"Env A";"Substitution";"Non"
2022;"20240";"2090016";"pendimethaline";"40487-42-1";"7.5";"Env A";"Substitution";"Non"
2022;"20240";"2090050";"cypermethrine";"52315-07-8";"3.072";"Env A";"";"Non"
2022;"20240";"2090063";"tebuconazole";"107534-96-3";"0.8";"CMR";"";"Non"
2022;"20240";"2090063";"trifloxystrobine";"141517-21-7";"0.4";"Env A";"";"Non"
2022;"20240";"2090080";"sulcotrione";"99105-77-8";"1.5";"CMR";"";"Non"
2022;"20240";"2090101";"nicosulfuron";"111991-09-4";"0.2";"Env A";"";"Non"
2022;"20240";"2090119";"cuivre du sulfate tribasique";"12527-76-3";"332.5";"Env A";"Substitution";"Non"
2022;"20240";"2090126";"cyazofamide";"120116-88-3";"13.5";"Env A";"";"Non"
2022;"20240";"2090126";"phosphonate de disodium";"13708-85-5";"135";"Autre";"";"Non"
2022;"20240";"2090127";"huile essentielle d'orange douce";"8028-48-6";"85.800";"Env A";"";"Oui"
2022;"20240";"2090132";"cuivre du sulfate tribasique";"12527-76-3";"300.7248";"Env A";"Substitution";"Non"
2022;"20240";"2090132";"zoxamide";"156052-68-5";"45.12";"Env A";"";"Non"
2022;"20240";"2090137";"cuivre du sulfate de cuivre";"8011-63-0";"12";"Env A";"Substitution";"Non"
2022;"20240";"2090146";"abamectine";"71751-41-2";"0.000118";"CMR";"";"Non"
2022;"20240";"2090146";"pyrethrines";"8003-34-7";"0.00157";"Env A";"";"Non"
2022;"20240";"2090188";"glyphosate";"1071-83-6";"1202.4";"Env A";"";"Non"
2022;"20240";"2090199";"huile de colza";"8002-13-9";"2.88855";"Autre";"";"Non"
2022;"20240";"2090199";"pyrethrines";"8003-34-7";"0.016065";"Env A";"";"Non"
2022;"20240";"2100038";"kaolin";"1332-58-7";"2325";"Autre";"";"Non"
2022;"20240";"2100060";"phosphonate de potassium";"13492-26-7";"356.24";"Autre";"";"Non"
2022;"20240";"2100111";"mesotrione";"104206-82-8";"1.125";"CMR";"";"Non"
2022;"20240";"2100111";"nicosulfuron";"111991-09-4";"0.45";"Env A";"";"Non"
2022;"20240";"2100181";"fluopicolide";"239110-15-7";"107.0928";"Env A";"";"Non"
2022;"20240";"2100181";"fosetyl-aluminium";"39148-24-8";"1608.0804";"Autre";"";"Non"
2022;"20240";"2100186";"glyphosate";"1071-83-6";"180.000";"Env A";"";"Oui"
2022;"20240";"2100221";"ametoctradine";"865318-97-4";"59.4";"Env A";"";"Non"
2022;"20240";"2100221";"metirame";"9006-42-2";"217.8";"Env A";"";"Non"
2022;"20240";"2100231";"emamectine benzoate";"155569-91-8";"18.6675";"Santé A";"";"Non"
2022;"20240";"2110059";"bicarbonate de potassium";"298-14-6";"25.5";"Autre";"";"Non"
2022;"20240";"2110073";"indoxacarbe";"173584-44-6";"37.50";"Santé A";"";"Non"
2022;"20240";"2110086";"spirotetramat";"203313-25-1";"55.3";"CMR";"";"Non"
2022;"20240";"2110095";"cloquintocet-mexyl";"99607-70-2";"0.225";"Autre";"";"Non"
2022;"20240";"2110095";"florasulame";"145701-23-1";"0.1";"Env A";"";"Non"
2022;"20240";"2110095";"pinoxaden";"243973-20-8";"0.9";"CMR";"";"Non"
2022;"20240";"2110101";"pyraflufen-ethyl";"129630-19-9";"25.97";"Env A";"";"Non"
2022;"20240";"2110115";"cypermethrine";"52315-07-8";"5.000";"Env A";"";"Oui"
2022;"20240";"2110141";"dimethomorphe";"110488-70-5";"0.72";"Env A";"Exclusion";"Non"
2022;"20240";"2110141";"pyraclostrobine";"175013-18-0";"0.4";"Santé A";"";"Non"
2022;"20240";"2110149";"huile de colza";"8002-13-9";"0.35152";"Autre";"";"Non"
2022;"20240";"2110150";"huile de colza";"8002-13-9";"4.58430";"Autre";"";"Non"
2022;"20240";"2110180";"cuivre de l'oxyde cuivreux";"1317-39-1";"1.0425";"Env A";"Substitution";"Non"
2022;"20240";"2120018";"glyphosate";"1071-83-6";"0.384";"Env A";"";"Non"
2022;"20240";"2120048";"aminopyralid";"150114-71-9";"0.12";"Env A";"";"Non"
2022;"20240";"2120048";"triclopyr";"55335-06-3";"0.96";"Env B";"";"Non"
2022;"20240";"2120132";"dimethomorphe";"110488-70-5";"43.2";"Env A";"Exclusion";"Non"
2022;"20240";"2120132";"metirame";"9006-42-2";"211.2";"Env A";"";"Non"
2022;"20240";"2120158";"kaolin";"1332-58-7";"9484.2";"Autre";"";"Non"
2022;"20240";"2130049";"cyflufenamid";"180409-60-3";"17.58";"Env A";"";"Non"
2022;"20240";"2130049";"difenoconazole";"119446-68-3";"35.16";"Env A";"";"Non"
2022;"20240";"2130059";"lambda-cyhalothrine";"91465-08-6";"3.5";"Santé A";"Substitution";"Non"
2022;"20240";"2130067";"cyflufenamid";"180409-60-3";"0.25";"Env A";"";"Non"
2022;"20240";"2130083";"lambda-cyhalothrine";"91465-08-6";"6.600";"Santé A";"Substitution";"Oui"
2022;"20240";"2130092";"spiromesifen";"283594-90-1";"0.24";"Autre";"";"Non"
2022;"20240";"2130115";"deltamethrine";"52918-63-5";"0.116685";"Santé A";"";"Non"
2022;"20240";"2130151";"hydrazide maleique";"123-33-1";"0.048";"Autre";"";"Non"
2022;"20240";"2130152";"fluopyram";"658066-35-4";"49.0";"Env A";"";"Non"
2022;"20240";"2130152";"trifloxystrobine";"141517-21-7";"49.0";"Env A";"";"Non"
2022;"20240";"2130212";"phosmet";"732-11-6";"10";"CMR";"";"Non"
2022;"20240";"2140001";"acide gibberellique";"77-06-5";"1.32";"Autre";"";"Non"
2022;"20240";"2140022";"oligomeres terpeniques";"70750-57-1";"227.5";"Autre";"";"Non"
2022;"20240";"2140035";"abamectine";"71751-41-2";"0.900";"CMR";"";"Oui"
2022;"20240";"2140084";"polysulfure de calcium";"1344-81-6";"60.8";"Env A";"";"Non"
2022;"20240";"2140085";"abamectine";"71751-41-2";"16.236";"CMR";"";"Oui"
2022;"20240";"2140127";"cymoxanil";"57966-95-7";"60.39";"CMR";"";"Non"
2022;"20240";"2140127";"zoxamide";"156052-68-5";"60.39";"Env A";"";"Non"
2022;"20240";"2140133";"fluopicolide";"239110-15-7";"2.22";"Env A";"";"Non"
2022;"20240";"2140133";"fosetyl-aluminium";"39148-24-8";"33.335";"Autre";"";"Non"
2022;"20240";"2140166";"acide decanoique";"334-48-5";"0.011994";"Env B";"";"Non"
2022;"20240";"2140166";"acide octanoique";"124-07-2";"0.017991";"Env B";"";"Non"
2022;"20240";"2140177";"pyriofenone";"688046-61-9";"18";"CMR";"";"Non"
2022;"20240";"2140215";"(z)-9-dodecenylacetate";"16974-11-1";"6.60485";"Env A";"";"Non"
2022;"20240";"2140215";"e7,z9-dodecadienylacetate";"54364-62-4";"6.341825";"Env A";"";"Non"
2022;"20240";"2140252";"phosphate ferrique";"10045-86-0";"0.1475";"Autre";"";"Non"
2022;"20240";"2140255";"acide pelargonique";"112-05-0";"54.4";"Autre";"";"Non"
2022;"20240";"2140270";"ametoctradine";"865318-97-4";"73.2";"Env A";"";"Non"
2022;"20240";"2150067";"phosphonate de disodium";"13708-85-5";"1000";"Autre";"";"Non"
2022;"20240";"2150140";"glyphosate";"1071-83-6";"1346.4";"Env A";"";"Non"
2022;"20240";"2150387";"ametoctradine";"865318-97-4";"241.2";"Env A";"";"Non"
2022;"20240";"2150387";"dimethomorphe";"110488-70-5";"180.9";"Env A";"Exclusion";"Non"
2022;"20240";"2150417";"bacillus thuringiensis ssp kurstaki souche abts-351";"68038-71-1";"0.408672";"Autre";"";"Non"
2022;"20240";"2150790";"phosphate ferrique";"10045-86-0";"0.012";"Autre";"";"Non"
2022;"20240";"2150914";"fosetyl-aluminium";"39148-24-8";"1136";"Autre";"";"Non"
2022;"20240";"2160114";"maltodextrine";"9050-36-6";"5.978";"Autre";"";"Non"
2022;"20240";"2160115";"acide pelargonique";"112-05-0";"0.811938";"Autre";"";"Non"
2022;"20240";"2160383";"acide gibberellique";"77-06-5";"24.57906";"Autre";"";"Non"
2022;"20240";"2160395";"fenbuconazole";"114369-43-6";"4.25";"Env A";"";"Non"
2022;"20240";"2160395";"tetraconazole";"112281-77-3";"4.25";"Env A";"";"Non"
2022;"20240";"2160527";"sels de potassium d'acides gras";"10124-65-9";"4.798";"Autre";"";"Non"
2022;"20240";"2160615";"soufre triture ventile";"7704-34-9";"1.576";"Autre";"";"Non"
2022;"20240";"2160694";"cuivre du sulfate tribasique";"12527-76-3";"2.4";"Env A";"Substitution";"Non"
2022;"20240";"2160713";"spinetoram";"935545-74-7";"32.76";"CMR";"";"Non"
2022;"20240";"2160963";"fluxapyroxad";"907204-31-3";"21.3";"Santé A";"";"Non"
2022;"20240";"2170085";"dithianon";"3347-22-6";"103.75";"Env A";"";"Non"
2022;"20240";"2170085";"phosphonate de potassium";"13492-26-7";"465.796";"Autre";"";"Non"
2022;"20240";"2170243";"acide pelargonique";"112-05-0";"4.31";"Autre";"";"Non"
2022;"20240";"2170335";"abamectine";"71751-41-2";"15.84";"CMR";"";"Non"
2022;"20240";"2170428";"flazasulfuron";"104040-78-0";"3.125";"Env A";"";"Non"
2022;"20240";"2170462";"huile minerale blanche";"8042-47-5";"177.75";"Autre";"";"Non"
2022;"20240";"2170547";"flazasulfuron";"104040-78-0";"0.5";"Env A";"";"Non"
2022;"20240";"2170654";"cerevisane";"68876-77-7";"28.23";"Autre";"";"Non"
2022;"20240";"2170691";"diflufenicanil";"83164-33-4";"1.25";"Env B";"";"Non"
2022;"20240";"2170691";"metribuzine";"21087-64-9";"5";"Env A";"";"Non"
2022;"20240";"2170977";"huile de colza";"8002-13-9";"0.04581";"Autre";"";"Non"
2022;"20240";"2170978";"huile de colza";"8002-13-9";"2.205424";"Autre";"";"Non"
2022;"20240";"2171067";"bicarbonate de potassium";"298-14-6";"0.009563";"Autre";"";"Non"
2022;"20240";"2171073";"flazasulfuron";"104040-78-0";"5.6";"Env A";"";"Non"
2022;"20240";"2171086";"pyriproxyfene";"95737-68-1";"18.7";"Env A";"";"Non"
2022;"20240";"2171119";"mandipropamide";"374726-62-2";"123";"Env A";"";"Non"
2022;"20240";"2171119";"zoxamide";"156052-68-5";"118.08";"Env A";"";"Non"
2022;"20240";"2171140";"dithianon";"3347-22-6";"35";"Env A";"";"Non"
2022;"20240";"2171200";"bicarbonate de potassium";"298-14-6";"323.3425";"Autre";"";"Non"
2022;"20240";"2180319";"cuivre du sulfate tribasique";"12527-76-3";"0.004088";"Env A";"Substitution";"Non"
2022;"20240";"2180380";"oxathiapiproline";"1003318-67-9";"14.76";"Env A";"";"Non"
2022;"20240";"2180670";"cuivre de l'hydroxyde de cuivre";"20427-59-2";"25.2";"Santé A";"Substitution";"Non"
2022;"20240";"2180670";"cuivre de l'oxychlorure de cuivre";"1332-65-6";"25.2";"Santé A";"Substitution";"Non"
2022;"20240";"2180690";"huile minerale blanche";"8042-47-5";"553.000";"Autre";"";"Oui"
2022;"20240";"2180858";"huile essentielle de menthe verte";"8008-79-5";"0.04576";"Env A";"";"Non"
2022;"20240";"2180888";"cuivre du sulfate tribasique";"12527-76-3";"0.1425";"Env A";"Substitution";"Non"
2022;"20240";"2189993";"cuivre du sulfate de cuivre";"8011-63-0";"0.32";"Env A";"Substitution";"Non"
2022;"20240";"2189996";"azadirachtine";"11141-17-6";"2.912";"CMR";"";"Non"
2022;"20240";"2190054";"spinosad";"168316-95-8";"3.84";"Env A";"";"Non"
2022;"20240";"2190088";"spinosad";"168316-95-8";"0.00624";"Env A";"";"Non"
2022;"20240";"2190198";"soufre pour pulverisation (micronise)";"7704-34-9";"520";"Autre";"";"Non"
2022;"20240";"2190319";"acide pelargonique";"112-05-0";"0.2153";"Autre";"";"Non"
2022;"20240";"2190594";"(e,z)-3,8-tetradecadien-1-yl acetate";"163041-87-0";"";"Autre";"";"Non"
2022;"20240";"2190594";"(e,z,z)-3,8,11-tetradecatrien-1-yl acetate";"163041-94-9";"";"Autre";"";"Non"
2022;"20240";"2190730";"cos-oga";"";"1.375";"Autre";"";"Non"
2022;"20240";"2190760";"spinosad";"168316-95-8";"0.0178";"Env A";"";"Non"
2022;"20240";"2190893";"folpel";"133-07-3";"16";"CMR";"";"Non"
2022;"20240";"2190893";"mandipropamide";"374726-62-2";"2";"Env A";"";"Non"
2022;"20240";"2200059";"huile essentielle d'orange douce";"8028-48-6";"0.06";"Env A";"";"Non"
2022;"20240";"2200526";"acide pelargonique";"112-05-0";"0.15834";"Autre";"";"Non"
2022;"20240";"5100219";"soufre sublime";"7704-34-9";"3143.25";"Autre";"";"Non"
2022;"20240";"7200313";"alcools terpeniques";"98-55-5";"352.45";"Autre";"";"Non"
2022;"20240";"8400528";"isoxaben";"82558-50-7";"79.375";"Env B";"";"Non"
2022;"20240";"8400574";"propyzamide";"23950-58-5";"68";"CMR";"Substitution";"Non"
2022;"20240";"8700111";"huile de ricin";"8001-79-4";"2.5344";"Autre";"";"Non"
2022;"20240";"8700111";"resines (colophane)";"8050-09-7";"1.2672";"Autre";"";"Non"
2022;"20240";"8800841";"difenoconazole";"119446-68-3";"25";"Env A";"";"Non"
2022;"20240";"8900564";"tau-fluvalinate";"102851-06-9";"69.6";"Env A";"";"Non"
2022;"20240";"9000222";"soufre";"7704-34-9";"4991";"Autre";"";"Non"
2022;"20240";"9000490";"cycloxydime";"101205-02-1";"240";"CMR";"";"Non"
2022;"20240";"9100296";"2,4-d";"94-75-7";"252";"Env B";"";"Non"
2022;"20240";"9100525";"tebufenpyrad";"119168-77-3";"0.6";"Santé A";"";"Non"
2022;"20240";"9200235";"huile minerale paraffinique";"8042-47-5";"13035.0";"Autre";"";"Non"
2022;"20240";"9300032";"tebufenozide";"112410-23-8";"9.6";"Env A";"";"Non"
2022;"20240";"9300143";"folpel";"133-07-3";"272";"CMR";"";"Non"
2022;"20240";"9300186";"tebuconazole";"107534-96-3";"8.0";"CMR";"";"Non"
2022;"20240";"9300504";"huile de vaseline";"8042-47-5";"10702.70";"Autre";"";"Non"
2022;"20240";"9400012";"tetraconazole";"112281-77-3";"7.5";"Env A";"";"Non"
2022;"20240";"9400085";"etofenprox";"80844-07-1";"43.125";"Santé A";"";"Non"
2022;"20240";"9400280";"flumioxazine";"103361-09-7";"102";"CMR";"";"Non"
2022;"20240";"9400485";"cymoxanil";"57966-95-7";"26.8";"CMR";"";"Non"
2022;"20240";"9400485";"folpel";"133-07-3";"223.78";"CMR";"";"Non"
2022;"20240";"9500147";"soufre pour pulverisation (micronise)";"7704-34-9";"7.2";"Autre";"";"Non"
2022;"20240";"9500595";"2,4-d";"94-75-7";"1.95";"Env B";"";"Non"
2022;"20240";"9500595";"2,4-mcpa";"94-74-6";"2.275";"Env A";"";"Non"
2022;"20240";"9500595";"clopyralid";"1702-17-6";"0.455";"Autre";"";"Non"
2022;"20240";"9500649";"folpel";"133-07-3";"30";"CMR";"";"Non"
2022;"20240";"9500649";"fosetyl-aluminium";"39148-24-8";"60";"Autre";"";"Non"
2022;"20240";"9600001";"cymoxanil";"57966-95-7";"13.68";"CMR";"";"Non"
2022;"20240";"9600001";"folpel";"133-07-3";"85.5";"CMR";"";"Non"
2022;"20240";"9600001";"fosetyl-aluminium";"39148-24-8";"171";"Autre";"";"Non"
2022;"20240";"9600025";"fosetyl-aluminium";"39148-24-8";"4.8";"Autre";"";"Non"
2022;"20240";"9600229";"fenpropidine";"67306-00-7";"11.25";"Env A";"";"Non"
2022;"20240";"9600395";"dithianon";"3347-22-6";"28";"Env A";"";"Non"
2022;"20240";"9600512";"folpel";"133-07-3";"177.6";"CMR";"";"Non"
2022;"20240";"9600512";"fosetyl-aluminium";"39148-24-8";"177.6";"Autre";"";"Non"
2022;"20240";"9700070";"flazasulfuron";"104040-78-0";"0.5";"Env A";"";"Non"
2022;"20240";"9700214";"kresoxim-methyl";"143390-89-0";"0.9";"CMR";"";"Non"
2022;"20240";"9700332";"azoxystrobine";"131860-33-8";"0.5";"Santé A";"";"Non"
2022;"20240";"9800304";"cuivre de l'hydroxyde de cuivre";"20427-59-2";"33";"Santé A";"Substitution";"Non"
2022;"20240";"9800336";"lambda-cyhalothrine";"91465-08-6";"15.08";"Santé A";"Substitution";"Non"
2022;"20240";"9800420";"spiroxamine";"118134-30-8";"425.5";"CMR";"";"Non"
2022;"20240";"9800474";"cuivre du sulfate de cuivre";"8011-63-0";"18";"Env A";"Substitution";"Non"
2022;"20240";"9800481";"fleur de chaux (chaux eteinte)";"1305-62-0";"1.3";"Autre";"";"Non"
2022;"20240";"9800484";"etoxazole";"153233-91-1";"3.85";"Env A";"Substitution";"Non"
2022;"20240";"9900227";"cuivre de l'hydroxyde de cuivre";"20427-59-2";"768";"Santé A";"Substitution";"Non"
2022;"20240";"9900257";"cuivre du sulfate de cuivre";"8011-63-0";"7.0";"Env A";"Substitution";"Non"
2022;"20242";"1030003";"polymere carboxyl sulfone cationique";"8061-53-8";"0.05904";"Autre";"";"Non"
2022;"20242";"2000510";"fer sous forme de sulfate de fer";"7720-78-7";"1.6";"Autre";"";"Non"
2022;"20242";"2110180";"cuivre de l'oxyde cuivreux";"1317-39-1";"0.15";"Env A";"Substitution";"Non"
2022;"20242";"2120018";"glyphosate";"1071-83-6";"0.768";"Env A";"";"Non"
2022;"20242";"2130151";"hydrazide maleique";"123-33-1";"0.048";"Autre";"";"Non"
2022;"20242";"2140252";"phosphate ferrique";"10045-86-0";"0.005";"Autre";"";"Non"
2022;"20242";"2160115";"acide pelargonique";"112-05-0";"0.027891";"Autre";"";"Non"
2022;"20242";"2170978";"huile de colza";"8002-13-9";"0.169648";"Autre";"";"Non"
2022;"20242";"2200059";"huile essentielle d'orange douce";"8028-48-6";"0.006";"Env A";"";"Non"
2022;"20242";"9500281";"2,4-mcpa";"94-74-6";"0.126";"Env A";"";"Non"
2022;"20242";"9500281";"dicamba";"1918-00-9";"0.0108";"Env B";"";"Non"
2022;"20242";"9500281";"sulfate de fer (sulfate ferreux heptahydrate)";"7782-63-0";"7.74";"Autre";"";"Non"
2022;"20242";"9800481";"fleur de chaux (chaux eteinte)";"1305-62-0";"0.65";"Autre";"";"Non"
2022;"20242";"9900257";"cuivre du sulfate de cuivre";"8011-63-0";"0.2";"Env A";"Substitution";"Non"
2022;"20243";"1030003";"polymere carboxyl sulfone cationique";"8061-53-8";"0.21648";"Autre";"";"Non"
2022;"20243";"2000044";"fluazifop-p-butyl";"79241-46-6";"11.25";"CMR";"";"Non"
2022;"20243";"2000125";"cuivre du sulfate de cuivre";"8011-63-0";"1.2";"Env A";"Substitution";"Non"
2022;"20243";"2000128";"diflufenicanil";"83164-33-4";"0.00228";"Env B";"";"Non"
2022;"20243";"2000128";"glyphosate";"1071-83-6";"0.038";"Env A";"";"Non"
2022;"20243";"2000128";"oxadiazon";"19666-30-9";"0.038";"Env A";"";"Non"
2022;"20243";"2000316";"esfenvalerate";"66230-04-4";"0.1";"Santé A";"Substitution";"Non"
2022;"20243";"2010023";"deltamethrine";"52918-63-5";"0.33";"Santé A";"";"Non"
2022;"20243";"2010513";"bacillus thuringiensis ssp kurstaki souche abts-351";"68038-71-1";"";"Autre";"";"Non"
2022;"20243";"2030175";"bacillus thuringiensis ssp kurstaki souche sa-11";"68038-71-1";"0.2465";"Autre";"";"Non"
2022;"20243";"2030337";"dichlorprop-p";"15165-67-0";"0.375";"Autre";"";"Non"
2022;"20243";"2060034";"kaolin";"1332-58-7";"11.875";"Autre";"";"Non"
2022;"20243";"2060050";"metrafenone";"220899-03-6";"2.5";"Env A";"";"Non"
2022;"20243";"2060098";"spinosad";"168316-95-8";"0.96";"Env A";"";"Non"
2022;"20243";"2060130";"spinosad";"168316-95-8";"0.02136";"Env A";"";"Non"
2022;"20243";"2060172";"tetraconazole";"112281-77-3";"1.3";"Env A";"";"Non"
2022;"20243";"2070133";"napropamide";"15299-99-7";"47.25";"Env A";"";"Non"
2022;"20243";"2080060";"pyriproxyfene";"95737-68-1";"4";"Env A";"";"Non"
2022;"20243";"2090001";"proquinazid";"189278-12-4";"1.6";"CMR";"";"Non"
2022;"20243";"2090050";"cypermethrine";"52315-07-8";"4.704";"Env A";"";"Non"
2022;"20243";"2090119";"cuivre du sulfate tribasique";"12527-76-3";"32.3";"Env A";"Substitution";"Non"
2022;"20243";"2090126";"cyazofamide";"120116-88-3";"3";"Env A";"";"Non"
2022;"20243";"2090126";"phosphonate de disodium";"13708-85-5";"30";"Autre";"";"Non"
2022;"20243";"2090127";"huile essentielle d'orange douce";"8028-48-6";"4.8";"Env A";"";"Non"
2022;"20243";"2090132";"cuivre du sulfate tribasique";"12527-76-3";"23.994";"Env A";"Substitution";"Non"
2022;"20243";"2090132";"zoxamide";"156052-68-5";"3.6";"Env A";"";"Non"
2022;"20243";"2090146";"abamectine";"71751-41-2";"0.000079";"CMR";"";"Non"
2022;"20243";"2090146";"pyrethrines";"8003-34-7";"0.00105";"Env A";"";"Non"
2022;"20243";"2090188";"glyphosate";"1071-83-6";"43.2";"Env A";"";"Non"
2022;"20243";"2090199";"huile de colza";"8002-13-9";"1.444275";"Autre";"";"Non"
2022;"20243";"2090199";"pyrethrines";"8003-34-7";"0.008033";"Env A";"";"Non"
2022;"20243";"2100060";"phosphonate de potassium";"13492-26-7";"11.68";"Autre";"";"Non"
2022;"20243";"2100111";"mesotrione";"104206-82-8";"7.125";"CMR";"";"Non"
2022;"20243";"2100111";"nicosulfuron";"111991-09-4";"2.85";"Env A";"";"Non"
2022;"20243";"2100181";"fluopicolide";"239110-15-7";"4.2624";"Env A";"";"Non"
2022;"20243";"2100181";"fosetyl-aluminium";"39148-24-8";"64.0032";"Autre";"";"Non"
2022;"20243";"2100231";"emamectine benzoate";"155569-91-8";"0.57";"Santé A";"";"Non"
2022;"20243";"2110073";"indoxacarbe";"173584-44-6";"0.9";"Santé A";"";"Non"
2022;"20243";"2110086";"spirotetramat";"203313-25-1";"3.8";"CMR";"";"Non"
2022;"20243";"2110101";"pyraflufen-ethyl";"129630-19-9";"1.8285";"Env A";"";"Non"
2022;"20243";"2110149";"huile de colza";"8002-13-9";"0.1352";"Autre";"";"Non"
2022;"20243";"2110150";"huile de colza";"8002-13-9";"5.16705";"Autre";"";"Non"
2022;"20243";"2110180";"cuivre de l'oxyde cuivreux";"1317-39-1";"0.72";"Env A";"Substitution";"Non"
2022;"20243";"2110196";"bicarbonate de potassium";"298-14-6";"0.085";"Autre";"";"Non"
2022;"20243";"2120018";"glyphosate";"1071-83-6";"0.384";"Env A";"";"Non"
2022;"20243";"2120048";"aminopyralid";"150114-71-9";"0.18";"Env A";"";"Non"
2022;"20243";"2120048";"triclopyr";"55335-06-3";"1.44";"Env B";"";"Non"
2022;"20243";"2130049";"cyflufenamid";"180409-60-3";"0.69";"Env A";"";"Non"
2022;"20243";"2130049";"difenoconazole";"119446-68-3";"1.38";"Env A";"";"Non"
2022;"20243";"2130059";"lambda-cyhalothrine";"91465-08-6";"0.5";"Santé A";"Substitution";"Non"
2022;"20243";"2130115";"deltamethrine";"52918-63-5";"0.00243";"Santé A";"";"Non"
2022;"20243";"2130151";"hydrazide maleique";"123-33-1";"0.048";"Autre";"";"Non"
2022;"20243";"2130152";"fluopyram";"658066-35-4";"1.5";"Env A";"";"Non"
2022;"20243";"2130152";"trifloxystrobine";"141517-21-7";"1.5";"Env A";"";"Non"
2022;"20243";"2140001";"acide gibberellique";"77-06-5";"0.28";"Autre";"";"Non"
2022;"20243";"2140022";"oligomeres terpeniques";"70750-57-1";"54.6";"Autre";"";"Non"
2022;"20243";"2140085";"abamectine";"71751-41-2";"0.378";"CMR";"";"Non"
2022;"20243";"2140127";"cymoxanil";"57966-95-7";"1.65";"CMR";"";"Non"
2022;"20243";"2140127";"zoxamide";"156052-68-5";"1.65";"Env A";"";"Non"
2022;"20243";"2140166";"acide decanoique";"334-48-5";"0.032984";"Env B";"";"Non"
2022;"20243";"2140166";"acide octanoique";"124-07-2";"0.049475";"Env B";"";"Non"
2022;"20243";"2140193";"sulfate de fer (sulfate ferreux heptahydrate)";"7782-63-0";"0.187";"Autre";"";"Non"
2022;"20243";"2140252";"phosphate ferrique";"10045-86-0";"0.1375";"Autre";"";"Non"
2022;"20243";"2140270";"ametoctradine";"865318-97-4";"2.4";"Env A";"";"Non"
2022;"20243";"2150067";"phosphonate de disodium";"13708-85-5";"55";"Autre";"";"Non"
2022;"20243";"2150140";"glyphosate";"1071-83-6";"100.8";"Env A";"";"Non"
2022;"20243";"2150387";"ametoctradine";"865318-97-4";"7.5";"Env A";"";"Non"
2022;"20243";"2150387";"dimethomorphe";"110488-70-5";"5.625";"Env A";"Exclusion";"Non"
2022;"20243";"2150417";"bacillus thuringiensis ssp kurstaki souche abts-351";"68038-71-1";"0.38313";"Autre";"";"Non"
2022;"20243";"2150790";"phosphate ferrique";"10045-86-0";"0.024";"Autre";"";"Non"
2022;"20243";"2150914";"fosetyl-aluminium";"39148-24-8";"128";"Autre";"";"Non"
2022;"20243";"2160115";"acide pelargonique";"112-05-0";"0.616701";"Autre";"";"Non"
2022;"20243";"2160383";"acide gibberellique";"77-06-5";"0.29392";"Autre";"";"Non"
2022;"20243";"2160615";"soufre triture ventile";"7704-34-9";"3.349";"Autre";"";"Non"
2022;"20243";"2160713";"spinetoram";"935545-74-7";"1.44";"CMR";"";"Non"
2022;"20243";"2170243";"acide pelargonique";"112-05-0";"2.69";"Autre";"";"Non"
2022;"20243";"2170335";"abamectine";"71751-41-2";"0.45";"CMR";"";"Non"
2022;"20243";"2170977";"huile de colza";"8002-13-9";"0.034358";"Autre";"";"Non"
2022;"20243";"2170978";"huile de colza";"8002-13-9";"3.39296";"Autre";"";"Non"
2022;"20243";"2171067";"bicarbonate de potassium";"298-14-6";"0.003188";"Autre";"";"Non"
2022;"20243";"2171073";"flazasulfuron";"104040-78-0";"0.2";"Env A";"";"Non"
2022;"20243";"2171086";"pyriproxyfene";"95737-68-1";"0.2";"Env A";"";"Non"
2022;"20243";"2171119";"mandipropamide";"374726-62-2";"4";"Env A";"";"Non"
2022;"20243";"2171119";"zoxamide";"156052-68-5";"3.84";"Env A";"";"Non"
2022;"20243";"2180124";"metalaxyl";"57837-19-1";"0.209";"Env B";"";"Non"
2022;"20243";"2180124";"prothioconazole";"178928-70-6";"1.045";"Env A";"";"Non"
2022;"20243";"2180275";"cerevisane";"68876-77-7";"0.02823";"Autre";"";"Non"
2022;"20243";"2180319";"cuivre du sulfate tribasique";"12527-76-3";"0.028616";"Env A";"Substitution";"Non"
2022;"20243";"2180380";"oxathiapiproline";"1003318-67-9";"0.16";"Env A";"";"Non"
2022;"20243";"2189993";"cuivre du sulfate de cuivre";"8011-63-0";"0.08";"Env A";"Substitution";"Non"
2022;"20243";"2189996";"azadirachtine";"11141-17-6";"0.182";"CMR";"";"Non"
2022;"20243";"2190088";"spinosad";"168316-95-8";"0.00624";"Env A";"";"Non"
2022;"20243";"2190319";"acide pelargonique";"112-05-0";"0.6459";"Autre";"";"Non"
2022;"20243";"2190441";"spinosad";"168316-95-8";"0.048";"Env A";"";"Non"
2022;"20243";"2190594";"(e,z)-3,8-tetradecadien-1-yl acetate";"163041-87-0";"";"Autre";"";"Non"
2022;"20243";"2190594";"(e,z,z)-3,8,11-tetradecatrien-1-yl acetate";"163041-94-9";"";"Autre";"";"Non"
2022;"20243";"2190760";"spinosad";"168316-95-8";"0.0078";"Env A";"";"Non"
2022;"20243";"2190808";"huile de colza";"8002-13-9";"0.014";"Autre";"";"Non"
2022;"20243";"2190808";"pyrethrines";"8003-34-7";"0.00014";"Env A";"";"Non"
2022;"20243";"2200059";"huile essentielle d'orange douce";"8028-48-6";"0.096";"Env A";"";"Non"
2022;"20243";"5100219";"soufre sublime";"7704-34-9";"24.75";"Autre";"";"Non"
2022;"20243";"7200313";"alcools terpeniques";"98-55-5";"29.925";"Autre";"";"Non"
2022;"20243";"7700216";"soufre pour pulverisation (micronise)";"7704-34-9";"16.5";"Autre";"";"Non"
2022;"20243";"8400528";"isoxaben";"82558-50-7";"10.625";"Env B";"";"Non"
2022;"20243";"8700111";"huile de ricin";"8001-79-4";"0.9216";"Autre";"";"Non"
2022;"20243";"8700111";"resines (colophane)";"8050-09-7";"0.4608";"Autre";"";"Non"
2022;"20243";"8900564";"tau-fluvalinate";"102851-06-9";"2.4";"Env A";"";"Non"
2022;"20243";"9000222";"soufre";"7704-34-9";"196";"Autre";"";"Non"
2022;"20243";"9000490";"cycloxydime";"101205-02-1";"5.5";"CMR";"";"Non"
2022;"20243";"9100296";"2,4-d";"94-75-7";"48";"Env B";"";"Non"
2022;"20243";"9200235";"huile minerale paraffinique";"8042-47-5";"869";"Autre";"";"Non"
2022;"20243";"9300143";"folpel";"133-07-3";"8";"CMR";"";"Non"
2022;"20243";"9300504";"huile de vaseline";"8042-47-5";"604.58";"Autre";"";"Non"
2022;"20243";"9500147";"soufre pour pulverisation (micronise)";"7704-34-9";"5.16";"Autre";"";"Non"
2022;"20243";"9500281";"2,4-mcpa";"94-74-6";"0.126";"Env A";"";"Non"
2022;"20243";"9500281";"dicamba";"1918-00-9";"0.0108";"Env B";"";"Non"
2022;"20243";"9500281";"sulfate de fer (sulfate ferreux heptahydrate)";"7782-63-0";"7.74";"Autre";"";"Non"
2022;"20243";"9600512";"folpel";"133-07-3";"9.6";"CMR";"";"Non"
2022;"20243";"9600512";"fosetyl-aluminium";"39148-24-8";"9.6";"Autre";"";"Non"
2022;"20243";"9800336";"lambda-cyhalothrine";"91465-08-6";"0.6";"Santé A";"Substitution";"Non"
2022;"20243";"9800420";"spiroxamine";"118134-30-8";"17.5";"CMR";"";"Non"
2022;"20243";"9800474";"cuivre du sulfate de cuivre";"8011-63-0";"6";"Env A";"Substitution";"Non"
2022;"20243";"9800481";"fleur de chaux (chaux eteinte)";"1305-62-0";"3.9";"Autre";"";"Non"
2022;"20243";"9900227";"cuivre de l'hydroxyde de cuivre";"20427-59-2";"40";"Santé A";"Substitution";"Non"
2022;"20243";"9900257";"cuivre du sulfate de cuivre";"8011-63-0";"4.8";"Env A";"Substitution";"Non"
2022;"20244";"1030003";"polymere carboxyl sulfone cationique";"8061-53-8";"0.01968";"Autre";"";"Non"
2022;"20244";"2110150";"huile de colza";"8002-13-9";"0.19425";"Autre";"";"Non"
2022;"20244";"8700111";"huile de ricin";"8001-79-4";"0.096";"Autre";"";"Non"
2022;"20244";"8700111";"resines (colophane)";"8050-09-7";"0.048";"Autre";"";"Non"
2022;"20244";"9500281";"2,4-mcpa";"94-74-6";"0.126";"Env A";"";"Non"
2022;"20244";"9500281";"dicamba";"1918-00-9";"0.0108";"Env B";"";"Non"
2022;"20244";"9500281";"sulfate de fer (sulfate ferreux heptahydrate)";"7782-63-0";"7.74";"Autre";"";"Non"
2022;"20244";"9500341";"soufre";"7704-34-9";"0.28";"Autre";"";"Non"
2022;"20244";"9800481";"fleur de chaux (chaux eteinte)";"1305-62-0";"0.65";"Autre";"";"Non"
2022;"20245";"2010513";"bacillus thuringiensis ssp kurstaki souche abts-351";"68038-71-1";"";"Autre";"";"Non"
2022;"20245";"2020241";"bacillus thuringiensis ssp aizawai souche abts-1857";"68038-71-1";"0.27";"Autre";"";"Non"
2022;"20245";"2090127";"huile essentielle d'orange douce";"8028-48-6";"0.3";"Env A";"";"Non"
2022;"20245";"8700111";"huile de ricin";"8001-79-4";"0.2304";"Autre";"";"Non"
2022;"20245";"8700111";"resines (colophane)";"8050-09-7";"0.1152";"Autre";"";"Non"
2022;"20246";"1030003";"polymere carboxyl sulfone cationique";"8061-53-8";"0.01968";"Autre";"";"Non"
2022;"20246";"2000044";"fluazifop-p-butyl";"79241-46-6";"0.625";"CMR";"";"Non"
2022;"20246";"2000125";"cuivre du sulfate de cuivre";"8011-63-0";"0.1";"Env A";"Substitution";"Non"
2022;"20246";"2000510";"fer sous forme de sulfate de fer";"7720-78-7";"4.8";"Autre";"";"Non"
2022;"20246";"2000517";"cuivre de l'hydroxyde de cuivre";"20427-59-2";"7.2";"Santé A";"Substitution";"Non"
2022;"20246";"2010130";"cuivre de l'oxyde cuivreux";"1317-39-1";"45";"Env A";"Substitution";"Non"
2022;"20246";"2010513";"bacillus thuringiensis ssp kurstaki souche abts-351";"68038-71-1";"";"Autre";"";"Non"
2022;"20246";"2080060";"pyriproxyfene";"95737-68-1";"0.6";"Env A";"";"Non"
2022;"20246";"2100038";"kaolin";"1332-58-7";"25";"Autre";"";"Non"
2022;"20246";"2100231";"emamectine benzoate";"155569-91-8";"0.095";"Santé A";"";"Non"
2022;"20246";"2110149";"huile de colza";"8002-13-9";"0.00845";"Autre";"";"Non"
2022;"20246";"2110150";"huile de colza";"8002-13-9";"0.19425";"Autre";"";"Non"
2022;"20246";"2120048";"aminopyralid";"150114-71-9";"0.12";"Env A";"";"Non"
2022;"20246";"2120048";"triclopyr";"55335-06-3";"0.96";"Env B";"";"Non"
2022;"20246";"2130083";"lambda-cyhalothrine";"91465-08-6";"1.2";"Santé A";"Substitution";"Non"
2022;"20246";"2140085";"abamectine";"71751-41-2";"0.09";"CMR";"";"Non"
2022;"20246";"2150140";"glyphosate";"1071-83-6";"79.2";"Env A";"";"Non"
2022;"20246";"2150790";"phosphate ferrique";"10045-86-0";"0.0045";"Autre";"";"Non"
2022;"20246";"2171067";"bicarbonate de potassium";"298-14-6";"0.003188";"Autre";"";"Non"
2022;"20246";"2190198";"soufre pour pulverisation (micronise)";"7704-34-9";"120";"Autre";"";"Non"
2022;"20246";"5100219";"soufre sublime";"7704-34-9";"1980.00";"Autre";"";"Non"
2022;"20246";"8700111";"huile de ricin";"8001-79-4";"0.2304";"Autre";"";"Non"
2022;"20246";"8700111";"resines (colophane)";"8050-09-7";"0.1152";"Autre";"";"Non"
2022;"20246";"8900685";"e/z8 acetate de dodecenyle";"37338-40-2";"0.0981";"Autre";"";"Non"
2022;"20246";"9000222";"soufre";"7704-34-9";"105";"Autre";"";"Non"
2022;"20246";"9000490";"cycloxydime";"101205-02-1";"4";"CMR";"";"Non"
2022;"20246";"9100296";"2,4-d";"94-75-7";"30";"Env B";"";"Non"
2022;"20246";"9500281";"2,4-mcpa";"94-74-6";"0.63";"Env A";"";"Non"
2022;"20246";"9500281";"dicamba";"1918-00-9";"0.054";"Env B";"";"Non"
2022;"20246";"9500281";"sulfate de fer (sulfate ferreux heptahydrate)";"7782-63-0";"38.7";"Autre";"";"Non"
2022;"20246";"9800336";"lambda-cyhalothrine";"91465-08-6";"0.4";"Santé A";"Substitution";"Non"
2022;"20246";"9800474";"cuivre du sulfate de cuivre";"8011-63-0";"3";"Env A";"Substitution";"Non"
2022;"20246";"9900227";"cuivre de l'hydroxyde de cuivre";"20427-59-2";"24";"Santé A";"Substitution";"Non"
2022;"20246";"9900257";"cuivre du sulfate de cuivre";"8011-63-0";"2";"Env A";"Substitution";"Non"
2022;"20250";"1030003";"polymere carboxyl sulfone cationique";"8061-53-8";"0.01968";"Autre";"";"Non"
2022;"20250";"2000018";"soufre pour pulverisation (micronise)";"7704-34-9";"16";"Autre";"";"Non"
2022;"20250";"2000125";"cuivre du sulfate de cuivre";"8011-63-0";"0.1";"Env A";"Substitution";"Non"
2022;"20250";"2000510";"fer sous forme de sulfate de fer";"7720-78-7";"6.4";"Autre";"";"Non"
2022;"20250";"2060084";"boscalid";"188425-85-6";"2.67";"Env A";"";"Non"
2022;"20250";"2060084";"pyraclostrobine";"175013-18-0";"0.67";"Santé A";"";"Non"
2022;"20250";"2110086";"spirotetramat";"203313-25-1";"1";"CMR";"";"Non"
2022;"20250";"2110149";"huile de colza";"8002-13-9";"0.031265";"Autre";"";"Non"
2022;"20250";"2110150";"huile de colza";"8002-13-9";"0.9324";"Autre";"";"Non"
2022;"20250";"2110180";"cuivre de l'oxyde cuivreux";"1317-39-1";"0.075";"Env A";"Substitution";"Non"
2022;"20250";"2120018";"glyphosate";"1071-83-6";"0.384";"Env A";"";"Non"
2022;"20250";"2140001";"acide gibberellique";"77-06-5";"0.12";"Autre";"";"Non"
2022;"20250";"2140085";"abamectine";"71751-41-2";"0.09";"CMR";"";"Non"
2022;"20250";"2150417";"bacillus thuringiensis ssp kurstaki souche abts-351";"68038-71-1";"0.12771";"Autre";"";"Non"
2022;"20250";"2170243";"acide pelargonique";"112-05-0";"0.8";"Autre";"";"Non"
2022;"20250";"2171086";"pyriproxyfene";"95737-68-1";"0.5";"Env A";"";"Non"
2022;"20250";"2180256";"sulfate de fer monohydrate";"17375-41-6";"0.4864";"Autre";"";"Non"
2022;"20250";"2180858";"huile essentielle de menthe verte";"8008-79-5";"0.02288";"Env A";"";"Non"
2022;"20250";"2190198";"soufre pour pulverisation (micronise)";"7704-34-9";"80";"Autre";"";"Non"
2022;"20250";"2190319";"acide pelargonique";"112-05-0";"0.04306";"Autre";"";"Non"
2022;"20250";"2190808";"huile de colza";"8002-13-9";"0.007";"Autre";"";"Non"
2022;"20250";"2190808";"pyrethrines";"8003-34-7";"0.000070";"Env A";"";"Non"
2022;"20250";"8500351";"acide b-indole butyrique (aib)";"133-32-4";"0.0002";"CMR";"";"Non"
2022;"20250";"9300186";"tebuconazole";"107534-96-3";"1.75";"CMR";"";"Non"
2022;"20250";"9500147";"soufre pour pulverisation (micronise)";"7704-34-9";"0.92";"Autre";"";"Non"
2022;"20250";"9500281";"2,4-mcpa";"94-74-6";"1.008";"Env A";"";"Non"
2022;"20250";"9500281";"dicamba";"1918-00-9";"0.0864";"Env B";"";"Non"
2022;"20250";"9500281";"sulfate de fer (sulfate ferreux heptahydrate)";"7782-63-0";"61.92";"Autre";"";"Non"
2022;"20250";"9800336";"lambda-cyhalothrine";"91465-08-6";"2";"Santé A";"Substitution";"Non"
2022;"20250";"9800474";"cuivre du sulfate de cuivre";"8011-63-0";"6";"Env A";"Substitution";"Non"
2022;"20250";"9800481";"fleur de chaux (chaux eteinte)";"1305-62-0";"1.3";"Autre";"";"Non"
2022;"20250";"9900227";"cuivre de l'hydroxyde de cuivre";"20427-59-2";"12";"Santé A";"Substitution";"Non"
2022;"20250";"9900257";"cuivre du sulfate de cuivre";"8011-63-0";"0.32";"Env A";"Substitution";"Non"
2022;"20251";"2090199";"huile de colza";"8002-13-9";"0.206325";"Autre";"";"Non"
2022;"20251";"2090199";"pyrethrines";"8003-34-7";"0.001148";"Env A";"";"Non"
2022;"20251";"9500147";"soufre pour pulverisation (micronise)";"7704-34-9";"0.6";"Autre";"";"Non"
2022;"20251";"9500281";"2,4-mcpa";"94-74-6";"0.252";"Env A";"";"Non"
2022;"20251";"9500281";"dicamba";"1918-00-9";"0.0216";"Env B";"";"Non"
2022;"20251";"9500281";"sulfate de fer (sulfate ferreux heptahydrate)";"7782-63-0";"15.48";"Autre";"";"Non"
2022;"20252";"2000510";"fer sous forme de sulfate de fer";"7720-78-7";"1.6";"Autre";"";"Non"
2022;"20252";"2189993";"cuivre du sulfate de cuivre";"8011-63-0";"0.08";"Env A";"Substitution";"Non"
2022;"20252";"2190808";"huile de colza";"8002-13-9";"0.007";"Autre";"";"Non"
2022;"20252";"2190808";"pyrethrines";"8003-34-7";"0.000070";"Env A";"";"Non"
2022;"20252";"9500281";"2,4-mcpa";"94-74-6";"0.126";"Env A";"";"Non"
2022;"20252";"9500281";"dicamba";"1918-00-9";"0.0108";"Env B";"";"Non"
2022;"20252";"9500281";"sulfate de fer (sulfate ferreux heptahydrate)";"7782-63-0";"7.74";"Autre";"";"Non"
2022;"20252";"9900257";"cuivre du sulfate de cuivre";"8011-63-0";"0.2";"Env A";"Substitution";"Non"
2022;"20253";"1030003";"polymere carboxyl sulfone cationique";"8061-53-8";"0.01968";"Autre";"";"Non"
2022;"20253";"2000018";"soufre pour pulverisation (micronise)";"7704-34-9";"752";"Autre";"";"Non"
2022;"20253";"2000510";"fer sous forme de sulfate de fer";"7720-78-7";"3.2";"Autre";"";"Non"
2022;"20253";"2010023";"deltamethrine";"52918-63-5";"0.15";"Santé A";"";"Non"
2022;"20253";"2010513";"bacillus thuringiensis ssp kurstaki souche abts-351";"68038-71-1";"";"Autre";"";"Non"
2022;"20253";"2080038";"pyrethrines";"8003-34-7";"2.697";"Env A";"";"Non"
2022;"20253";"2080063";"benalaxyl-m";"98243-83-5";"2.25";"Env A";"";"Non"
2022;"20253";"2080063";"folpel";"133-07-3";"28.8";"CMR";"";"Non"
2022;"20253";"2090127";"huile essentielle d'orange douce";"8028-48-6";"10.5";"Env A";"";"Non"
2022;"20253";"2090188";"glyphosate";"1071-83-6";"3.6";"Env A";"";"Non"
2022;"20253";"2100038";"kaolin";"1332-58-7";"175";"Autre";"";"Non"
2022;"20253";"2110059";"bicarbonate de potassium";"298-14-6";"539.75";"Autre";"";"Non"
2022;"20253";"2110149";"huile de colza";"8002-13-9";"0.029744";"Autre";"";"Non"
2022;"20253";"2140215";"(z)-9-dodecenylacetate";"16974-11-1";"4.2714";"Env A";"";"Non"
2022;"20253";"2140215";"e7,z9-dodecadienylacetate";"54364-62-4";"4.1013";"Env A";"";"Non"
2022;"20253";"2160694";"cuivre du sulfate tribasique";"12527-76-3";"16.8";"Env A";"Substitution";"Non"
2022;"20253";"2180651";"bacillus amyloliquefaciens souche fzb24";"NC";"";"Autre";"";"Non"
2022;"20253";"2190054";"spinosad";"168316-95-8";"7.2";"Env A";"";"Non"
2022;"20253";"2190198";"soufre pour pulverisation (micronise)";"7704-34-9";"264";"Autre";"";"Non"
2022;"20253";"2190760";"spinosad";"168316-95-8";"0.0011";"Env A";"";"Non"
2022;"20253";"2190893";"folpel";"133-07-3";"32";"CMR";"";"Non"
2022;"20253";"2190893";"mandipropamide";"374726-62-2";"4";"Env A";"";"Non"
2022;"20253";"2200526";"acide pelargonique";"112-05-0";"0.4524";"Autre";"";"Non"
2022;"20253";"5100219";"soufre sublime";"7704-34-9";"17102.25";"Autre";"";"Non"
2022;"20253";"7700216";"soufre pour pulverisation (micronise)";"7704-34-9";"99";"Autre";"";"Non"
2022;"20253";"9000222";"soufre";"7704-34-9";"3388";"Autre";"";"Non"
2022;"20253";"9300504";"huile de vaseline";"8042-47-5";"130.72";"Autre";"";"Non"
2022;"20253";"9500281";"2,4-mcpa";"94-74-6";"1.512";"Env A";"";"Non"
2022;"20253";"9500281";"dicamba";"1918-00-9";"0.1296";"Env B";"";"Non"
2022;"20253";"9500281";"sulfate de fer (sulfate ferreux heptahydrate)";"7782-63-0";"92.88";"Autre";"";"Non"
2022;"20253";"9500341";"soufre";"7704-34-9";"0.6";"Autre";"";"Non"
2022;"20253";"9600488";"cypermethrine";"52315-07-8";"0.0015";"Env A";"";"Non"
2022;"20253";"9800420";"spiroxamine";"118134-30-8";"9";"CMR";"";"Non"
2022;"20253";"9800474";"cuivre du sulfate de cuivre";"8011-63-0";"201";"Env A";"Substitution";"Non"
2022;"20253";"9900227";"cuivre de l'hydroxyde de cuivre";"20427-59-2";"278";"Santé A";"Substitution";"Non"
2022;"20256";"2060113";"bifenazate";"149877-41-8";"0.06";"Env A";"";"Non"
2022;"20256";"9500281";"2,4-mcpa";"94-74-6";"0.126";"Env A";"";"Non"
2022;"20256";"9500281";"dicamba";"1918-00-9";"0.0108";"Env B";"";"Non"
2022;"20256";"9500281";"sulfate de fer (sulfate ferreux heptahydrate)";"7782-63-0";"7.74";"Autre";"";"Non"
2022;"20256";"9900257";"cuivre du sulfate de cuivre";"8011-63-0";"1";"Env A";"Substitution";"Non"
2022;"20259";"9500281";"2,4-mcpa";"94-74-6";"0.126";"Env A";"";"Non"
2022;"20259";"9500281";"dicamba";"1918-00-9";"0.0108";"Env B";"";"Non"
2022;"20259";"9500281";"sulfate de fer (sulfate ferreux heptahydrate)";"7782-63-0";"7.74";"Autre";"";"Non"
2022;"20260";"1030003";"polymere carboxyl sulfone cationique";"8061-53-8";"0.01968";"Autre";"";"Non"
2022;"20260";"2000018";"soufre pour pulverisation (micronise)";"7704-34-9";"320";"Autre";"";"Non"
2022;"20260";"2000517";"cuivre de l'hydroxyde de cuivre";"20427-59-2";"50.4";"Santé A";"Substitution";"Non"
2022;"20260";"2010023";"deltamethrine";"52918-63-5";"0.3";"Santé A";"";"Non"
2022;"20260";"2010513";"bacillus thuringiensis ssp kurstaki souche abts-351";"68038-71-1";"";"Autre";"";"Non"
2022;"20260";"2060098";"spinosad";"168316-95-8";"0.24";"Env A";"";"Non"
2022;"20260";"2110180";"cuivre de l'oxyde cuivreux";"1317-39-1";"0.075";"Env A";"Substitution";"Non"
2022;"20260";"2120048";"aminopyralid";"150114-71-9";"0.06";"Env A";"";"Non"
2022;"20260";"2120048";"triclopyr";"55335-06-3";"0.48";"Env B";"";"Non"
2022;"20260";"2130059";"lambda-cyhalothrine";"91465-08-6";"0.5";"Santé A";"Substitution";"Non"
2022;"20260";"2130115";"deltamethrine";"52918-63-5";"0.00075";"Santé A";"";"Non"
2022;"20260";"2150140";"glyphosate";"1071-83-6";"43.2";"Env A";"";"Non"
2022;"20260";"2150790";"phosphate ferrique";"10045-86-0";"0.0045";"Autre";"";"Non"
2022;"20260";"2190198";"soufre pour pulverisation (micronise)";"7704-34-9";"3120";"Autre";"";"Non"
2022;"20260";"5100219";"soufre sublime";"7704-34-9";"5296.5";"Autre";"";"Non"
2022;"20260";"9000222";"soufre";"7704-34-9";"14";"Autre";"";"Non"
2022;"20260";"9500281";"2,4-mcpa";"94-74-6";"0.252";"Env A";"";"Non"
2022;"20260";"9500281";"dicamba";"1918-00-9";"0.0216";"Env B";"";"Non"
2022;"20260";"9500281";"sulfate de fer (sulfate ferreux heptahydrate)";"7782-63-0";"15.48";"Autre";"";"Non"
2022;"20260";"9800245";"soufre pour pulverisation (micronise)";"7704-34-9";"144";"Autre";"";"Non"
2022;"20260";"9800336";"lambda-cyhalothrine";"91465-08-6";"0.1";"Santé A";"Substitution";"Non"
2022;"20260";"9800474";"cuivre du sulfate de cuivre";"8011-63-0";"72";"Env A";"Substitution";"Non"
2022;"20260";"9900227";"cuivre de l'hydroxyde de cuivre";"20427-59-2";"6";"Santé A";"Substitution";"Non"
2022;"20270";"1030003";"polymere carboxyl sulfone cationique";"8061-53-8";"0.05904";"Autre";"";"Non"
2022;"20270";"2000018";"soufre pour pulverisation (micronise)";"7704-34-9";"1392";"Autre";"";"Non"
2022;"20270";"2000044";"fluazifop-p-butyl";"79241-46-6";"35.625";"CMR";"";"Oui"
2022;"20270";"2000125";"cuivre du sulfate de cuivre";"8011-63-0";"1.1";"Env A";"Substitution";"Non"
2022;"20270";"2000316";"esfenvalerate";"66230-04-4";"6.35";"Santé A";"Substitution";"Non"
2022;"20270";"2000327";"carfentrazone ethyl";"128639-02-1";"15.000";"Env A";"";"Oui"
2022;"20270";"2000336";"metirame";"9006-42-2";"96.25";"Env A";"";"Non"
2022;"20270";"2000336";"pyraclostrobine";"175013-18-0";"8.75";"Santé A";"";"Non"
2022;"20270";"2000510";"fer sous forme de sulfate de fer";"7720-78-7";"3.2";"Autre";"";"Non"
2022;"20270";"2000517";"cuivre de l'hydroxyde de cuivre";"20427-59-2";"649.8";"Santé A";"Substitution";"Non"
2022;"20270";"2010023";"deltamethrine";"52918-63-5";"13.830";"Santé A";"";"Non"
2022;"20270";"2010130";"cuivre de l'oxyde cuivreux";"1317-39-1";"126";"Env A";"Substitution";"Non"
2022;"20270";"2010398";"folpel";"133-07-3";"108.8";"CMR";"";"Non"
2022;"20270";"2010398";"metalaxyl-m";"70630-17-0";"13.192";"Autre";"";"Non"
2022;"20270";"2010513";"bacillus thuringiensis ssp kurstaki souche abts-351";"68038-71-1";"";"Autre";"";"Non"
2022;"20270";"2020241";"bacillus thuringiensis ssp aizawai souche abts-1857";"68038-71-1";"9.18";"Autre";"";"Non"
2022;"20270";"2030175";"bacillus thuringiensis ssp kurstaki souche sa-11";"68038-71-1";"0.085";"Autre";"";"Non"
2022;"20270";"2030337";"dichlorprop-p";"15165-67-0";"5.625";"Autre";"";"Non"
2022;"20270";"2030342";"chlormequat chlorure";"999-81-5";"9.2";"Autre";"";"Non"
2022;"20270";"2040146";"tefluthrine";"79538-32-2";"0.06";"Santé A";"";"Non"
2022;"20270";"2050046";"flonicamide";"158062-67-0";"14.5";"Autre";"";"Non"
2022;"20270";"2060002";"difenoconazole";"119446-68-3";"3.750";"Env A";"";"Oui"
2022;"20270";"2060050";"metrafenone";"220899-03-6";"55";"Env A";"";"Non"
2022;"20270";"2060084";"boscalid";"188425-85-6";"5.607";"Env A";"";"Non"
2022;"20270";"2060084";"pyraclostrobine";"175013-18-0";"1.407";"Santé A";"";"Non"
2022;"20270";"2060085";"boscalid";"188425-85-6";"8.200";"Env A";"";"Oui"
2022;"20270";"2060085";"kresoxim-methyl";"143390-89-0";"4.100";"CMR";"";"Oui"
2022;"20270";"2060086";"pyraclostrobine";"175013-18-0";"1";"Santé A";"";"Non"
2022;"20270";"2060088";"benoxacor";"98730-04-2";"2.8";"Autre";"";"Non"
2022;"20270";"2060088";"mesotrione";"104206-82-8";"5.6";"CMR";"";"Non"
2022;"20270";"2060088";"s-metolachlore";"87392-12-9";"56";"Env A";"";"Non"
2022;"20270";"2060098";"spinosad";"168316-95-8";"40.56";"Env A";"";"Non"
2022;"20270";"2060119";"metsulfuron-methyl";"74223-64-6";"0.8";"Env A";"Substitution";"Non"
2022;"20270";"2060130";"spinosad";"168316-95-8";"0.18288";"Env A";"";"Non"
2022;"20270";"2060172";"tetraconazole";"112281-77-3";"13.900";"Env A";"";"Oui"
2022;"20270";"2070133";"napropamide";"15299-99-7";"153.00";"Env A";"";"Non"
2022;"20270";"2080026";"nicosulfuron";"111991-09-4";"1.2";"Env A";"";"Non"
2022;"20270";"2080029";"penoxsulame";"219714-96-2";"0.442";"Env A";"";"Non"
2022;"20270";"2080038";"pyrethrines";"8003-34-7";"5.208";"Env A";"";"Non"
2022;"20270";"2080060";"pyriproxyfene";"95737-68-1";"13.1";"Env A";"";"Non"
2022;"20270";"2080063";"benalaxyl-m";"98243-83-5";"54";"Env A";"";"Non"
2022;"20270";"2080063";"folpel";"133-07-3";"691.2";"CMR";"";"Non"
2022;"20270";"2080104";"benalaxyl-m";"98243-83-5";"16.5";"Env A";"";"Non"
2022;"20270";"2080104";"folpel";"133-07-3";"211.2";"CMR";"";"Non"
2022;"20270";"2080105";"glyphosate";"1071-83-6";"1.8";"Env A";"";"Non"
2022;"20270";"2090001";"proquinazid";"189278-12-4";"64.400";"CMR";"";"Oui"
2022;"20270";"2090016";"imazamox";"114311-32-9";"1.336";"Env A";"Substitution";"Non"
2022;"20270";"2090016";"pendimethaline";"40487-42-1";"20";"Env A";"Substitution";"Non"
2022;"20270";"2090050";"cypermethrine";"52315-07-8";"0.384";"Env A";"";"Non"
2022;"20270";"2090063";"tebuconazole";"107534-96-3";"52.8";"CMR";"";"Non"
2022;"20270";"2090063";"trifloxystrobine";"141517-21-7";"26.4";"Env A";"";"Non"
2022;"20270";"2090068";"mepiquat-chlorure";"24307-26-4";"4.2";"Env B";"";"Non"
2022;"20270";"2090068";"metconazole";"125116-23-6";"0.6";"CMR";"";"Non"
2022;"20270";"2090093";"glyphosate";"1071-83-6";"90";"Env A";"";"Non"
2022;"20270";"2090119";"cuivre du sulfate tribasique";"12527-76-3";"381.9";"Env A";"Substitution";"Non"
2022;"20270";"2090126";"cyazofamide";"120116-88-3";"16.125";"Env A";"";"Non"
2022;"20270";"2090126";"phosphonate de disodium";"13708-85-5";"161.25";"Autre";"";"Non"
2022;"20270";"2090127";"huile essentielle d'orange douce";"8028-48-6";"142.5";"Env A";"";"Non"
2022;"20270";"2090132";"cuivre du sulfate tribasique";"12527-76-3";"265.5336";"Env A";"Substitution";"Non"
2022;"20270";"2090132";"zoxamide";"156052-68-5";"39.84";"Env A";"";"Non"
2022;"20270";"2090136";"fluopicolide";"239110-15-7";"0.625";"Env A";"";"Non"
2022;"20270";"2090136";"propamocarbe hcl";"25606-41-1";"6.25";"Autre";"";"Non"
2022;"20270";"2090137";"cuivre du sulfate de cuivre";"8011-63-0";"8";"Env A";"Substitution";"Non"
2022;"20270";"2090146";"abamectine";"71751-41-2";"0.000011";"CMR";"";"Non"
2022;"20270";"2090146";"pyrethrines";"8003-34-7";"0.00015";"Env A";"";"Non"
2022;"20270";"2090186";"prosulfocarbe";"52888-80-9";"80";"Env A";"";"Non"
2022;"20270";"2090188";"glyphosate";"1071-83-6";"806.4";"Env A";"";"Non"
2022;"20270";"2090199";"huile de colza";"8002-13-9";"0.618975";"Autre";"";"Non"
2022;"20270";"2090199";"pyrethrines";"8003-34-7";"0.003443";"Env A";"";"Non"
2022;"20270";"2100018";"tebuconazole";"107534-96-3";"3.75";"CMR";"";"Non"
2022;"20270";"2100021";"folpel";"133-07-3";"48";"CMR";"";"Non"
2022;"20270";"2100023";"flazasulfuron";"104040-78-0";"14.850";"Env A";"";"Oui"
2022;"20270";"2100038";"kaolin";"1332-58-7";"4375";"Autre";"";"Non"
2022;"20270";"2100041";"phosphonate de potassium";"13492-26-7";"913.55";"Autre";"";"Non"
2022;"20270";"2100052";"cyprodinyl";"121552-61-2";"4.5";"Env A";"";"Non"
2022;"20270";"2100060";"phosphonate de potassium";"13492-26-7";"531.44";"Autre";"";"Non"
2022;"20270";"2100086";"metirame";"9006-42-2";"175.000";"Env A";"";"Oui"
2022;"20270";"2100121";"chlorantraniliprole";"500008-45-7";"0.4";"Env A";"";"Non"
2022;"20270";"2100138";"cloquintocet-mexyl";"99607-70-2";"2.5";"Autre";"";"Non"
2022;"20270";"2100138";"pinoxaden";"243973-20-8";"10";"CMR";"";"Non"
2022;"20270";"2100151";"pyraclostrobine";"175013-18-0";"4";"Santé A";"";"Non"
2022;"20270";"2100181";"fluopicolide";"239110-15-7";"73.6596";"Env A";"";"Non"
2022;"20270";"2100181";"fosetyl-aluminium";"39148-24-8";"1106.0553";"Autre";"";"Non"
2022;"20270";"2100186";"glyphosate";"1071-83-6";"50.400";"Env A";"";"Oui"
2022;"20270";"2100191";"diflufenicanil";"83164-33-4";"0.6";"Env B";"";"Non"
2022;"20270";"2100191";"flufenacet";"142459-58-3";"1.2";"Env A";"";"Non"
2022;"20270";"2100221";"ametoctradine";"865318-97-4";"250.8";"Env A";"";"Non"
2022;"20270";"2100221";"metirame";"9006-42-2";"919.6";"Env A";"";"Non"
2022;"20270";"2100227";"propaquizafop";"111479-05-1";"1";"Env A";"";"Non"
2022;"20270";"2100231";"emamectine benzoate";"155569-91-8";"28.7565";"Santé A";"";"Non"
2022;"20270";"2110005";"fluazinam";"79622-59-6";"2.5";"CMR";"";"Non"
2022;"20270";"2110054";"indoxacarbe";"173584-44-6";"3.900";"Santé A";"";"Oui"
2022;"20270";"2110059";"bicarbonate de potassium";"298-14-6";"352.75";"Autre";"";"Non"
2022;"20270";"2110073";"indoxacarbe";"173584-44-6";"24.45";"Santé A";"";"Non"
2022;"20270";"2110086";"spirotetramat";"203313-25-1";"52.9";"CMR";"";"Non"
2022;"20270";"2110095";"cloquintocet-mexyl";"99607-70-2";"0.1125";"Autre";"";"Non"
2022;"20270";"2110095";"florasulame";"145701-23-1";"0.05";"Env A";"";"Non"
2022;"20270";"2110095";"pinoxaden";"243973-20-8";"0.45";"CMR";"";"Non"
2022;"20270";"2110101";"pyraflufen-ethyl";"129630-19-9";"20.5375";"Env A";"";"Non"
2022;"20270";"2110102";"difenoconazole";"119446-68-3";"0.085";"Env A";"";"Non"
2022;"20270";"2110102";"fludioxonil";"131341-86-1";"0.085";"Env A";"";"Non"
2022;"20270";"2110102";"sedaxane";"874967-67-6";"0.17";"CMR";"";"Non"
2022;"20270";"2110115";"cypermethrine";"52315-07-8";"5.000";"Env A";"";"Oui"
2022;"20270";"2110149";"huile de colza";"8002-13-9";"0.06760";"Autre";"";"Non"
2022;"20270";"2110150";"huile de colza";"8002-13-9";"1.4763";"Autre";"";"Non"
2022;"20270";"2110167";"tebuconazole";"107534-96-3";"17.2";"CMR";"";"Non"
2022;"20270";"2110180";"cuivre de l'oxyde cuivreux";"1317-39-1";"0.54";"Env A";"Substitution";"Non"
2022;"20270";"2110196";"bicarbonate de potassium";"298-14-6";"0.085";"Autre";"";"Non"
2022;"20270";"2110197";"spiroxamine";"118134-30-8";"30.000";"CMR";"";"Oui"
2022;"20270";"2120041";"zirame";"137-30-4";"0.4074";"Santé A";"";"Non"
2022;"20270";"2120048";"aminopyralid";"150114-71-9";"0.75";"Env A";"";"Non"
2022;"20270";"2120048";"triclopyr";"55335-06-3";"6";"Env B";"";"Non"
2022;"20270";"2120087";"spinetoram";"935545-74-7";"0.50";"CMR";"";"Non"
2022;"20270";"2120132";"dimethomorphe";"110488-70-5";"51.3";"Env A";"Exclusion";"Non"
2022;"20270";"2120132";"metirame";"9006-42-2";"250.8";"Env A";"";"Non"
2022;"20270";"2120158";"kaolin";"1332-58-7";"12969";"Autre";"";"Non"
2022;"20270";"2120179";"folpel";"133-07-3";"297";"CMR";"";"Non"
2022;"20270";"2120179";"fosetyl-aluminium";"39148-24-8";"594";"Autre";"";"Non"
2022;"20270";"2130049";"cyflufenamid";"180409-60-3";"20.67";"Env A";"";"Non"
2022;"20270";"2130049";"difenoconazole";"119446-68-3";"41.34";"Env A";"";"Non"
2022;"20270";"2130059";"lambda-cyhalothrine";"91465-08-6";"3";"Santé A";"Substitution";"Non"
2022;"20270";"2130067";"cyflufenamid";"180409-60-3";"4";"Env A";"";"Non"
2022;"20270";"2130083";"lambda-cyhalothrine";"91465-08-6";"10.200";"Santé A";"Substitution";"Oui"
2022;"20270";"2130115";"deltamethrine";"52918-63-5";"0.294405";"Santé A";"";"Non"
2022;"20270";"2130152";"fluopyram";"658066-35-4";"84.5";"Env A";"";"Non"
2022;"20270";"2130152";"trifloxystrobine";"141517-21-7";"84.5";"Env A";"";"Non"
2022;"20270";"2130212";"phosmet";"732-11-6";"12.5";"CMR";"";"Non"
2022;"20270";"2130251";"lambda-cyhalothrine";"91465-08-6";"3.5";"Santé A";"Substitution";"Non"
2022;"20270";"2130255";"dimethomorphe";"110488-70-5";"1.695";"Env A";"Exclusion";"Non"
2022;"20270";"2130255";"folpel";"133-07-3";"9";"CMR";"";"Non"
2022;"20270";"2140001";"acide gibberellique";"77-06-5";"3.56";"Autre";"";"Non"
2022;"20270";"2140018";"trinexapac-ethyl";"95266-40-3";"3.75";"Env A";"";"Non"
2022;"20270";"2140022";"oligomeres terpeniques";"70750-57-1";"72.8";"Autre";"";"Non"
2022;"20270";"2140084";"polysulfure de calcium";"1344-81-6";"91.2";"Env A";"";"Non"
2022;"20270";"2140085";"abamectine";"71751-41-2";"12.258";"CMR";"";"Non"
2022;"20270";"2140106";"huile minerale paraffinique";"8042-47-5";"0.395";"Autre";"";"Non"
2022;"20270";"2140127";"cymoxanil";"57966-95-7";"59.73";"CMR";"";"Non"
2022;"20270";"2140127";"zoxamide";"156052-68-5";"59.73";"Env A";"";"Non"
2022;"20270";"2140133";"fluopicolide";"239110-15-7";"15.54";"Env A";"";"Non"
2022;"20270";"2140133";"fosetyl-aluminium";"39148-24-8";"233.345";"Autre";"";"Non"
2022;"20270";"2140143";"(z)-8-dodecenol";"40642-40-8";"0.00065";"Env A";"";"Non"
2022;"20270";"2140143";"acetate de e-8-dodecenyle";"38363-29-0";"0.0039";"Autre";"";"Non"
2022;"20270";"2140143";"acetate de z-8-dodecenyle";"28079-04-1";"0.06045";"Autre";"";"Non"
2022;"20270";"2140147";"deltamethrine";"52918-63-5";"6.675";"Santé A";"";"Oui"
2022;"20270";"2140177";"pyriofenone";"688046-61-9";"69.3";"CMR";"";"Non"
2022;"20270";"2140215";"(z)-9-dodecenylacetate";"16974-11-1";"13.78035";"Env A";"";"Non"
2022;"20270";"2140215";"e7,z9-dodecadienylacetate";"54364-62-4";"13.231575";"Env A";"";"Non"
2022;"20270";"2140252";"phosphate ferrique";"10045-86-0";"0.085";"Autre";"";"Non"
2022;"20270";"2140255";"acide pelargonique";"112-05-0";"13.6";"Autre";"";"Non"
2022;"20270";"2140270";"ametoctradine";"865318-97-4";"109.2";"Env A";"";"Non"
2022;"20270";"2150028";"metobromuron";"3060-89-7";"2.5";"CMR";"";"Non"
2022;"20270";"2150067";"phosphonate de disodium";"13708-85-5";"505";"Autre";"";"Non"
2022;"20270";"2150118";"soufre";"7704-34-9";"24.75";"Autre";"";"Non"
2022;"20270";"2150140";"glyphosate";"1071-83-6";"3247.200";"Env A";"";"Oui"
2022;"20270";"2150245";"alphamethrine";"67375-30-8";"0.5";"Santé A";"Substitution";"Non"
2022;"20270";"2150277";"pyrimethanil";"53112-28-0";"6.000";"Env A";"";"Oui"
2022;"20270";"2150387";"ametoctradine";"865318-97-4";"162.6";"Env A";"";"Non"
2022;"20270";"2150387";"dimethomorphe";"110488-70-5";"121.95";"Env A";"Exclusion";"Non"
2022;"20270";"2150451";"difenoconazole";"119446-68-3";"7.250";"Env A";"";"Oui"
2022;"20270";"2150456";"cymoxanil";"57966-95-7";"9.900";"CMR";"";"Oui"
2022;"20270";"2150456";"zoxamide";"156052-68-5";"9.900";"Env A";"";"Oui"
2022;"20270";"2150483";"lambda-cyhalothrine";"91465-08-6";"0.04";"Santé A";"Substitution";"Non"
2022;"20270";"2150646";"fluopyram";"658066-35-4";"9.250";"Env A";"";"Oui"
2022;"20270";"2150646";"trifloxystrobine";"141517-21-7";"9.250";"Env A";"";"Oui"
2022;"20270";"2150752";"prosulfocarbe";"52888-80-9";"96";"Env A";"";"Non"
2022;"20270";"2150753";"fluopyram";"658066-35-4";"3.75";"Env A";"";"Non"
2022;"20270";"2150753";"prothioconazole";"178928-70-6";"3.75";"Env A";"";"Non"
2022;"20270";"2150893";"folpel";"133-07-3";"352.000";"CMR";"";"Oui"
2022;"20270";"2150914";"fosetyl-aluminium";"39148-24-8";"968";"Autre";"";"Non"
2022;"20270";"2150964";"lambda-cyhalothrine";"91465-08-6";"4";"Santé A";"Substitution";"Non"
2022;"20270";"2160008";"fluopyram";"658066-35-4";"0.6";"Env A";"";"Non"
2022;"20270";"2160008";"tebuconazole";"107534-96-3";"0.6";"CMR";"";"Non"
2022;"20270";"2160260";"metconazole";"125116-23-6";"0.9";"CMR";"";"Non"
2022;"20270";"2160383";"acide gibberellique";"77-06-5";"30.65953";"Autre";"";"Non"
2022;"20270";"2160395";"fenbuconazole";"114369-43-6";"0.12";"Env A";"";"Non"
2022;"20270";"2160395";"tetraconazole";"112281-77-3";"0.12";"Env A";"";"Non"
2022;"20270";"2160615";"soufre triture ventile";"7704-34-9";"0.788";"Autre";"";"Non"
2022;"20270";"2160693";"cyprosulfamide";"221667-31-8";"0.9";"Autre";"";"Non"
2022;"20270";"2160693";"isoxaflutole";"141112-29-0";"1.35";"CMR";"";"Non"
2022;"20270";"2160693";"thiencarbazone-methyl";"317815-83-1";"0.54";"Env A";"";"Non"
2022;"20270";"2160694";"cuivre du sulfate tribasique";"12527-76-3";"208.8";"Env A";"Substitution";"Non"
2022;"20270";"2160713";"spinetoram";"935545-74-7";"14.4";"CMR";"";"Non"
2022;"20270";"2160756";"dodine";"2439-10-3";"24.48";"Env A";"";"Non"
2022;"20270";"2160824";"dimethomorphe";"110488-70-5";"27.000";"Env A";"Exclusion";"Oui"
2022;"20270";"2160824";"metirame";"9006-42-2";"132.000";"Env A";"";"Oui"
2022;"20270";"2160963";"fluxapyroxad";"907204-31-3";"11.7";"Santé A";"";"Non"
2022;"20270";"2170085";"dithianon";"3347-22-6";"365.00";"Env A";"";"Non"
2022;"20270";"2170085";"phosphonate de potassium";"13492-26-7";"1638.704";"Autre";"";"Non"
2022;"20270";"2170243";"acide pelargonique";"112-05-0";"0.4";"Autre";"";"Non"
2022;"20270";"2170263";"cypermethrine";"52315-07-8";"3.000";"Env A";"";"Oui"
2022;"20270";"2170335";"abamectine";"71751-41-2";"0.63";"CMR";"";"Non"
2022;"20270";"2170462";"huile minerale blanche";"8042-47-5";"39.5";"Autre";"";"Non"
2022;"20270";"2170547";"flazasulfuron";"104040-78-0";"7.125";"Env A";"";"Non"
2022;"20270";"2170654";"cerevisane";"68876-77-7";"92.218";"Autre";"";"Non"
2022;"20270";"2170691";"diflufenicanil";"83164-33-4";"26.625";"Env B";"";"Non"
2022;"20270";"2170691";"metribuzine";"21087-64-9";"106.5";"Env A";"";"Non"
2022;"20270";"2170769";"cyflufenamid";"180409-60-3";"1.800";"Env A";"";"Oui"
2022;"20270";"2170769";"difenoconazole";"119446-68-3";"3.600";"Env A";"";"Oui"
2022;"20270";"2170796";"tebuconazole";"107534-96-3";"4.300";"CMR";"";"Oui"
2022;"20270";"2170839";"cyazofamide";"120116-88-3";"1.6";"Env A";"";"Non"
2022;"20270";"2170977";"huile de colza";"8002-13-9";"0.011453";"Autre";"";"Non"
2022;"20270";"2170978";"huile de colza";"8002-13-9";"1.357184";"Autre";"";"Non"
2022;"20270";"2171067";"bicarbonate de potassium";"298-14-6";"0.003188";"Autre";"";"Non"
2022;"20270";"2171073";"flazasulfuron";"104040-78-0";"10.200";"Env A";"";"Oui"
2022;"20270";"2171086";"pyriproxyfene";"95737-68-1";"13.9";"Env A";"";"Non"
2022;"20270";"2171119";"mandipropamide";"374726-62-2";"102.000";"Env A";"";"Oui"
2022;"20270";"2171119";"zoxamide";"156052-68-5";"97.920";"Env A";"";"Oui"
2022;"20270";"2171140";"dithianon";"3347-22-6";"3.5";"Env A";"";"Non"
2022;"20270";"2171200";"bicarbonate de potassium";"298-14-6";"24.8725";"Autre";"";"Non"
2022;"20270";"2171243";"fosetyl-aluminium";"39148-24-8";"16.000";"Autre";"";"Oui"
2022;"20270";"2180124";"metalaxyl";"57837-19-1";"0.3248";"Env B";"";"Non"
2022;"20270";"2180124";"prothioconazole";"178928-70-6";"1.624";"Env A";"";"Non"
2022;"20270";"2180319";"cuivre du sulfate tribasique";"12527-76-3";"0.004088";"Env A";"Substitution";"Non"
2022;"20270";"2180355";"fluopicolide";"239110-15-7";"5.772";"Env A";"";"Oui"
2022;"20270";"2180355";"fosetyl-aluminium";"39148-24-8";"86.671";"Autre";"";"Oui"
2022;"20270";"2180380";"oxathiapiproline";"1003318-67-9";"15.36";"Env A";"";"Non"
2022;"20270";"2180401";"diflufenicanil";"83164-33-4";"15";"Env B";"";"Non"
2022;"20270";"2180408";"huile de paraffine";"64742-46-7";"0.8";"Autre";"";"Non"
2022;"20270";"2180625";"pyraflufen-ethyl";"129630-19-9";"10.732";"Env A";"";"Oui"
2022;"20270";"2180670";"cuivre de l'hydroxyde de cuivre";"20427-59-2";"36.4";"Santé A";"Substitution";"Non"
2022;"20270";"2180670";"cuivre de l'oxychlorure de cuivre";"1332-65-6";"36.4";"Santé A";"Substitution";"Non"
2022;"20270";"2189993";"cuivre du sulfate de cuivre";"8011-63-0";"0.16";"Env A";"Substitution";"Non"
2022;"20270";"2189996";"azadirachtine";"11141-17-6";"0.468";"CMR";"";"Non"
2022;"20270";"2190054";"spinosad";"168316-95-8";"4.8";"Env A";"";"Non"
2022;"20270";"2190062";"halauxifen-methyl";"943831-98-9";"0.21";"Env A";"";"Non"
2022;"20270";"2190062";"piclorame";"1918-02-1";"1.008";"Env A";"";"Non"
2022;"20270";"2190160";"phosphonate de potassium";"13492-26-7";"158.000";"Autre";"";"Oui"
2022;"20270";"2190198";"soufre pour pulverisation (micronise)";"7704-34-9";"1176";"Autre";"";"Non"
2022;"20270";"2190441";"spinosad";"168316-95-8";"0.024";"Env A";"";"Non"
2022;"20270";"2190686";"fluxapyroxad";"907204-31-3";"2";"Santé A";"";"Non"
2022;"20270";"2190686";"mefentrifluconazole";"1417782-03-6";"4";"Env A";"";"Non"
2022;"20270";"2190730";"cos-oga";"";"0.5";"Autre";"";"Non"
2022;"20270";"2190738";"cuivre du sulfate de cuivre";"8011-63-0";"20.000";"Env A";"Substitution";"Oui"
2022;"20270";"2190760";"spinosad";"168316-95-8";"0.0017";"Env A";"";"Non"
2022;"20270";"2190893";"folpel";"133-07-3";"1284";"CMR";"";"Non"
2022;"20270";"2190893";"mandipropamide";"374726-62-2";"160.5";"Env A";"";"Non"
2022;"20270";"2200017";"fosetyl-aluminium";"39148-24-8";"216.000";"Autre";"";"Oui"
2022;"20270";"2200019";"flufenacet";"142459-58-3";"18";"Env A";"";"Non"
2022;"20270";"2200059";"huile essentielle d'orange douce";"8028-48-6";"0.006";"Env A";"";"Non"
2022;"20270";"2200215";"clethodime";"99129-21-2";"4.8";"Env B";"";"Non"
2022;"20270";"2200518";"prothioconazole";"178928-70-6";"10";"Env A";"";"Non"
2022;"20270";"2200526";"acide pelargonique";"112-05-0";"0.4524";"Autre";"";"Non"
2022;"20270";"2210128";"phosphonate de potassium";"13492-26-7";"7.55";"Autre";"";"Non"
2022;"20270";"5100219";"soufre sublime";"7704-34-9";"17176.5";"Autre";"";"Non"
2022;"20270";"7200313";"alcools terpeniques";"98-55-5";"186.2";"Autre";"";"Non"
2022;"20270";"7700216";"soufre pour pulverisation (micronise)";"7704-34-9";"239.25";"Autre";"";"Non"
2022;"20270";"8100291";"metazachlore";"67129-08-2";"2.5";"CMR";"";"Non"
2022;"20270";"8300488";"soufre pour pulverisation (micronise)";"7704-34-9";"400";"Autre";"";"Non"
2022;"20270";"8400528";"isoxaben";"82558-50-7";"36.25";"Env B";"";"Non"
2022;"20270";"8400574";"propyzamide";"23950-58-5";"60.000";"CMR";"Substitution";"Oui"
2022;"20270";"8700002";"chlorotoluron";"15545-48-9";"40";"CMR";"";"Non"
2022;"20270";"8700107";"metirame";"9006-42-2";"105.000";"Env A";"";"Oui"
2022;"20270";"8700111";"huile de ricin";"8001-79-4";"1.152";"Autre";"";"Non"
2022;"20270";"8700111";"resines (colophane)";"8050-09-7";"0.576";"Autre";"";"Non"
2022;"20270";"8700462";"prosulfocarbe";"52888-80-9";"4";"Env A";"";"Non"
2022;"20270";"8800395";"lambda-cyhalothrine";"91465-08-6";"0.2";"Santé A";"Substitution";"Non"
2022;"20270";"8800395";"pyrimicarbe";"23103-98-2";"4";"CMR";"";"Non"
2022;"20270";"8800841";"difenoconazole";"119446-68-3";"43.5";"Env A";"";"Non"
2022;"20270";"8900564";"tau-fluvalinate";"102851-06-9";"51.6";"Env A";"";"Non"
2022;"20270";"9000222";"soufre";"7704-34-9";"15407";"Autre";"";"Non"
2022;"20270";"9000277";"cuivre de l'hydroxyde de cuivre";"20427-59-2";"70";"Santé A";"Substitution";"Non"
2022;"20270";"9000490";"cycloxydime";"101205-02-1";"199.5";"CMR";"";"Non"
2022;"20270";"9100034";"chlormequat chlorure";"999-81-5";"156.4";"Autre";"";"Non"
2022;"20270";"9100296";"2,4-d";"94-75-7";"81";"Env B";"";"Non"
2022;"20270";"9100418";"nicosulfuron";"111991-09-4";"0.2";"Env A";"";"Non"
2022;"20270";"9100525";"tebufenpyrad";"119168-77-3";"1.0";"Santé A";"";"Non"
2022;"20270";"9200235";"huile minerale paraffinique";"8042-47-5";"16511.0";"Autre";"";"Non"
2022;"20270";"9200436";"cuivre de l'oxychlorure de cuivre";"1332-40-7";"48";"Santé A";"Substitution";"Non"
2022;"20270";"9200436";"cymoxanil";"57966-95-7";"4.8";"CMR";"";"Non"
2022;"20270";"9300032";"tebufenozide";"112410-23-8";"2.4";"Env A";"";"Non"
2022;"20270";"9300143";"folpel";"133-07-3";"36";"CMR";"";"Non"
2022;"20270";"9300186";"tebuconazole";"107534-96-3";"3.5";"CMR";"";"Non"
2022;"20270";"9300504";"huile de vaseline";"8042-47-5";"18480.54";"Autre";"";"Non"
2022;"20270";"9400012";"tetraconazole";"112281-77-3";"14.6";"Env A";"";"Non"
2022;"20270";"9400085";"etofenprox";"80844-07-1";"18.6875";"Santé A";"";"Non"
2022;"20270";"9400280";"flumioxazine";"103361-09-7";"115";"CMR";"";"Non"
2022;"20270";"9400485";"cymoxanil";"57966-95-7";"37.6";"CMR";"";"Non"
2022;"20270";"9400485";"folpel";"133-07-3";"313.96";"CMR";"";"Non"
2022;"20270";"9500147";"soufre pour pulverisation (micronise)";"7704-34-9";"3.32";"Autre";"";"Non"
2022;"20270";"9500281";"2,4-mcpa";"94-74-6";"0.378";"Env A";"";"Non"
2022;"20270";"9500281";"dicamba";"1918-00-9";"0.0324";"Env B";"";"Non"
2022;"20270";"9500281";"sulfate de fer (sulfate ferreux heptahydrate)";"7782-63-0";"23.22";"Autre";"";"Non"
2022;"20270";"9500568";"cyprodinyl";"121552-61-2";"33.000";"Env A";"";"Non"
2022;"20270";"9500568";"fludioxonil";"131341-86-1";"22.00";"Env A";"";"Non"
2022;"20270";"9500629";"cyprodinyl";"121552-61-2";"1.5";"Env A";"";"Non"
2022;"20270";"9500649";"folpel";"133-07-3";"1188";"CMR";"";"Non"
2022;"20270";"9500649";"fosetyl-aluminium";"39148-24-8";"2376";"Autre";"";"Non"
2022;"20270";"9600001";"cymoxanil";"57966-95-7";"11.52";"CMR";"";"Non"
2022;"20270";"9600001";"folpel";"133-07-3";"72";"CMR";"";"Non"
2022;"20270";"9600001";"fosetyl-aluminium";"39148-24-8";"144";"Autre";"";"Non"
2022;"20270";"9600025";"fosetyl-aluminium";"39148-24-8";"523.2";"Autre";"";"Non"
2022;"20270";"9600116";"zirame";"137-30-4";"15.2";"Santé A";"";"Non"
2022;"20270";"9600229";"fenpropidine";"67306-00-7";"7.5";"Env A";"";"Non"
2022;"20270";"9600395";"dithianon";"3347-22-6";"7";"Env A";"";"Non"
2022;"20270";"9600512";"folpel";"133-07-3";"206.4";"CMR";"";"Non"
2022;"20270";"9600512";"fosetyl-aluminium";"39148-24-8";"206.4";"Autre";"";"Non"
2022;"20270";"9700070";"flazasulfuron";"104040-78-0";"5.25";"Env A";"";"Non"
2022;"20270";"9700214";"kresoxim-methyl";"143390-89-0";"1.2";"CMR";"";"Non"
2022;"20270";"9700332";"azoxystrobine";"131860-33-8";"2.25";"Santé A";"";"Non"
2022;"20270";"9800018";"clomazone";"81777-89-1";"3";"Env A";"";"Non"
2022;"20270";"9800018";"dimethachlore";"50563-36-5";"18.75";"Env A";"";"Non"
2022;"20270";"9800018";"napropamide";"15299-99-7";"18.75";"Env A";"";"Non"
2022;"20270";"9800106";"metribuzine";"21087-64-9";"0.7";"Env A";"";"Non"
2022;"20270";"9800144";"indoxacarbe";"173584-44-6";"1.500";"Santé A";"";"Oui"
2022;"20270";"9800244";"fenhexamid";"126833-17-8";"51.00";"Env A";"";"Non"
2022;"20270";"9800245";"soufre pour pulverisation (micronise)";"7704-34-9";"128";"Autre";"";"Non"
2022;"20270";"9800304";"cuivre de l'hydroxyde de cuivre";"20427-59-2";"33";"Santé A";"Substitution";"Non"
2022;"20270";"9800320";"acibenzolar-s-methyl";"135158-54-2";"0.08";"Env A";"";"Non"
2022;"20270";"9800320";"metalaxyl-m";"70630-17-0";"0.7752";"Autre";"";"Non"
2022;"20270";"9800336";"lambda-cyhalothrine";"91465-08-6";"16.4";"Santé A";"Substitution";"Non"
2022;"20270";"9800420";"spiroxamine";"118134-30-8";"638";"CMR";"";"Non"
2022;"20270";"9800474";"cuivre du sulfate de cuivre";"8011-63-0";"144";"Env A";"Substitution";"Non"
2022;"20270";"9800481";"fleur de chaux (chaux eteinte)";"1305-62-0";"1.95";"Autre";"";"Non"
2022;"20270";"9800484";"etoxazole";"153233-91-1";"0.66";"Env A";"Substitution";"Non"
2022;"20270";"9900227";"cuivre de l'hydroxyde de cuivre";"20427-59-2";"1322";"Santé A";"Substitution";"Non"
2022;"20270";"9900257";"cuivre du sulfate de cuivre";"8011-63-0";"3.8";"Env A";"Substitution";"Non"
2022;"20272";"2000125";"cuivre du sulfate de cuivre";"8011-63-0";"0.1";"Env A";"Substitution";"Non"
2022;"20272";"2010023";"deltamethrine";"52918-63-5";"0.105";"Santé A";"";"Non"
2022;"20272";"2010130";"cuivre de l'oxyde cuivreux";"1317-39-1";"7.5";"Env A";"Substitution";"Non"
2022;"20272";"2030175";"bacillus thuringiensis ssp kurstaki souche sa-11";"68038-71-1";"0.017";"Autre";"";"Non"
2022;"20272";"2110086";"spirotetramat";"203313-25-1";"0.8";"CMR";"";"Non"
2022;"20272";"2150104";"huile minerale paraffinique";"8042-47-5";"49.02";"Autre";"";"Non"
2022;"20272";"2171140";"dithianon";"3347-22-6";"3.5";"Env A";"";"Non"
2022;"20272";"7700216";"soufre pour pulverisation (micronise)";"7704-34-9";"8.25";"Autre";"";"Non"
2022;"20272";"9200482";"bacillus thuringiensis ssp kurstaki souche sa-11";"68038-71-1";"5.1";"Autre";"";"Non"
2022;"20272";"9500568";"cyprodinyl";"121552-61-2";"0.375";"Env A";"";"Non"
2022;"20272";"9500568";"fludioxonil";"131341-86-1";"0.25";"Env A";"";"Non"
2022;"20272";"9900227";"cuivre de l'hydroxyde de cuivre";"20427-59-2";"2";"Santé A";"Substitution";"Non"
2022;"20275";"2200526";"acide pelargonique";"112-05-0";"0.141375";"Autre";"";"Non"
2022;"20276";"2120018";"glyphosate";"1071-83-6";"1.152";"Env A";"";"Non"
2022;"20290";"1030003";"polymere carboxyl sulfone cationique";"8061-53-8";"1.71216";"Autre";"";"Non"
2022;"20290";"2000044";"fluazifop-p-butyl";"79241-46-6";"4.375";"CMR";"";"Non"
2022;"20290";"2000125";"cuivre du sulfate de cuivre";"8011-63-0";"8.9";"Env A";"Substitution";"Non"
2022;"20290";"2000128";"diflufenicanil";"83164-33-4";"0.14040";"Env B";"";"Non"
2022;"20290";"2000128";"glyphosate";"1071-83-6";"2.340";"Env A";"";"Non"
2022;"20290";"2000128";"oxadiazon";"19666-30-9";"2.340";"Env A";"";"Non"
2022;"20290";"2000299";"clomazone";"81777-89-1";"3.6";"Env A";"";"Non"
2022;"20290";"2000510";"fer sous forme de sulfate de fer";"7720-78-7";"171.2";"Autre";"";"Non"
2022;"20290";"2000517";"cuivre de l'hydroxyde de cuivre";"20427-59-2";"48.6";"Santé A";"Substitution";"Non"
2022;"20290";"2010023";"deltamethrine";"52918-63-5";"2.805";"Santé A";"";"Non"
2022;"20290";"2010130";"cuivre de l'oxyde cuivreux";"1317-39-1";"72";"Env A";"Substitution";"Non"
2022;"20290";"2010321";"glyphosate";"1071-83-6";"0.0216";"Env A";"";"Non"
2022;"20290";"2010513";"bacillus thuringiensis ssp kurstaki souche abts-351";"68038-71-1";"";"Autre";"";"Non"
2022;"20290";"2020241";"bacillus thuringiensis ssp aizawai souche abts-1857";"68038-71-1";"2.16";"Autre";"";"Non"
2022;"20290";"2030175";"bacillus thuringiensis ssp kurstaki souche sa-11";"68038-71-1";"1.547";"Autre";"";"Non"
2022;"20290";"2030337";"dichlorprop-p";"15165-67-0";"0.5";"Autre";"";"Non"
2022;"20290";"2040146";"tefluthrine";"79538-32-2";"0.21";"Santé A";"";"Non"
2022;"20290";"2050046";"flonicamide";"158062-67-0";"2.25";"Autre";"";"Non"
2022;"20290";"2060050";"metrafenone";"220899-03-6";"3";"Env A";"";"Non"
2022;"20290";"2060084";"boscalid";"188425-85-6";"5.340";"Env A";"";"Non"
2022;"20290";"2060084";"pyraclostrobine";"175013-18-0";"1.340";"Santé A";"";"Non"
2022;"20290";"2060098";"spinosad";"168316-95-8";"3.60";"Env A";"";"Non"
2022;"20290";"2060113";"bifenazate";"149877-41-8";"0.18";"Env A";"";"Non"
2022;"20290";"2060130";"spinosad";"168316-95-8";"0.05640";"Env A";"";"Non"
2022;"20290";"2070107";"fosetyl";"15845-66-6";"0.62";"Autre";"";"Non"
2022;"20290";"2070107";"propamocarbe";"24579-73-5";"1.06";"Autre";"";"Non"
2022;"20290";"2080026";"nicosulfuron";"111991-09-4";"0.48";"Env A";"";"Non"
2022;"20290";"2080060";"pyriproxyfene";"95737-68-1";"9.4";"Env A";"";"Non"
2022;"20290";"2090001";"proquinazid";"189278-12-4";"0.8";"CMR";"";"Non"
2022;"20290";"2090016";"imazamox";"114311-32-9";"0.501";"Env A";"Substitution";"Non"
2022;"20290";"2090016";"pendimethaline";"40487-42-1";"7.5";"Env A";"Substitution";"Non"
2022;"20290";"2090045";"acetamipride";"135410-20-7";"0.000036";"Env B";"";"Non"
2022;"20290";"2090050";"cypermethrine";"52315-07-8";"3.936";"Env A";"";"Non"
2022;"20290";"2090052";"tribenuron-methyle";"101200-48-0";"1.5";"Env A";"";"Non"
2022;"20290";"2090063";"tebuconazole";"107534-96-3";"2.4";"CMR";"";"Non"
2022;"20290";"2090063";"trifloxystrobine";"141517-21-7";"1.2";"Env A";"";"Non"
2022;"20290";"2090080";"sulcotrione";"99105-77-8";"3";"CMR";"";"Non"
2022;"20290";"2090093";"glyphosate";"1071-83-6";"9";"Env A";"";"Non"
2022;"20290";"2090101";"nicosulfuron";"111991-09-4";"0.04";"Env A";"";"Non"
2022;"20290";"2090113";"dimethenamide-p (dmta-p)";"163515-14-8";"6.375";"Env A";"";"Non"
2022;"20290";"2090113";"pendimethaline";"40487-42-1";"7.5";"Env A";"Substitution";"Non"
2022;"20290";"2090127";"huile essentielle d'orange douce";"8028-48-6";"19.5";"Env A";"";"Non"
2022;"20290";"2090146";"abamectine";"71751-41-2";"0.000744";"CMR";"";"Non"
2022;"20290";"2090146";"pyrethrines";"8003-34-7";"0.00991";"Env A";"";"Non"
2022;"20290";"2090188";"glyphosate";"1071-83-6";"43.2";"Env A";"";"Non"
2022;"20290";"2090199";"huile de colza";"8002-13-9";"11.760525";"Autre";"";"Non"
2022;"20290";"2090199";"pyrethrines";"8003-34-7";"0.065408";"Env A";"";"Non"
2022;"20290";"2090200";"huile de colza";"8002-13-9";"0.037125";"Autre";"";"Non"
2022;"20290";"2090200";"pyrethrines";"8003-34-7";"0.000203";"Env A";"";"Non"
2022;"20290";"2100015";"thifensulfuron-methyle";"79277-27-3";"4";"Env A";"";"Non"
2022;"20290";"2100030";"phosphate ferrique";"10045-86-0";"3.7125";"Autre";"";"Non"
2022;"20290";"2100038";"kaolin";"1332-58-7";"450";"Autre";"";"Non"
2022;"20290";"2100108";"prothioconazole";"178928-70-6";"0.25";"Env A";"";"Non"
2022;"20290";"2100108";"tebuconazole";"107534-96-3";"0.25";"CMR";"";"Non"
2022;"20290";"2100111";"mesotrione";"104206-82-8";"5.625";"CMR";"";"Non"
2022;"20290";"2100111";"nicosulfuron";"111991-09-4";"2.25";"Env A";"";"Non"
2022;"20290";"2100112";"ethephon";"16672-87-0";"12";"Santé A";"";"Non"
2022;"20290";"2100122";"chlorantraniliprole";"500008-45-7";"2.45";"Env A";"";"Non"
2022;"20290";"2100151";"pyraclostrobine";"175013-18-0";"0.06";"Santé A";"";"Non"
2022;"20290";"2100177";"isoxadifen-ethyl";"163520-33-0";"0.38";"Env A";"";"Non"
2022;"20290";"2100177";"tembotrione";"335104-84-2";"0.76";"CMR";"";"Non"
2022;"20290";"2100221";"ametoctradine";"865318-97-4";"4.2";"Env A";"";"Non"
2022;"20290";"2100221";"metirame";"9006-42-2";"15.4";"Env A";"";"Non"
2022;"20290";"2100231";"emamectine benzoate";"155569-91-8";"0.19";"Santé A";"";"Non"
2022;"20290";"2110040";"bacillus subtilis souche qst 713";"68038-70-0";"0.045443";"Autre";"";"Non"
2022;"20290";"2110059";"bicarbonate de potassium";"298-14-6";"42.5";"Autre";"";"Non"
2022;"20290";"2110073";"indoxacarbe";"173584-44-6";"0.75";"Santé A";"";"Non"
2022;"20290";"2110086";"spirotetramat";"203313-25-1";"18.5";"CMR";"";"Non"
2022;"20290";"2110101";"pyraflufen-ethyl";"129630-19-9";"0.265";"Env A";"";"Non"
2022;"20290";"2110102";"difenoconazole";"119446-68-3";"0.720";"Env A";"";"Non"
2022;"20290";"2110102";"fludioxonil";"131341-86-1";"0.720";"Env A";"";"Non"
2022;"20290";"2110102";"sedaxane";"874967-67-6";"1.44";"CMR";"";"Non"
2022;"20290";"2110149";"huile de colza";"8002-13-9";"2.008227";"Autre";"";"Non"
2022;"20290";"2110150";"huile de colza";"8002-13-9";"36.82980";"Autre";"";"Non"
2022;"20290";"2110180";"cuivre de l'oxyde cuivreux";"1317-39-1";"8.0775";"Env A";"Substitution";"Non"
2022;"20290";"2110196";"bicarbonate de potassium";"298-14-6";"1.105";"Autre";"";"Non"
2022;"20290";"2120018";"glyphosate";"1071-83-6";"20.736";"Env A";"";"Non"
2022;"20290";"2120048";"aminopyralid";"150114-71-9";"0.06";"Env A";"";"Non"
2022;"20290";"2120048";"triclopyr";"55335-06-3";"0.48";"Env B";"";"Non"
2022;"20290";"2120092";"ametoctradine";"865318-97-4";"1.5";"Env A";"";"Non"
2022;"20290";"2120092";"dimethomorphe";"110488-70-5";"1.125";"Env A";"Exclusion";"Non"
2022;"20290";"2120120";"bentazone";"25057-89-0";"2.4";"Env B";"";"Non"
2022;"20290";"2120120";"imazamox";"114311-32-9";"0.112";"Env A";"Substitution";"Non"
2022;"20290";"2120132";"dimethomorphe";"110488-70-5";"4.05";"Env A";"Exclusion";"Non"
2022;"20290";"2120132";"metirame";"9006-42-2";"19.8";"Env A";"";"Non"
2022;"20290";"2120219";"tebuconazole";"107534-96-3";"0.3";"CMR";"";"Non"
2022;"20290";"2120219";"trifloxystrobine";"141517-21-7";"0.15";"Env A";"";"Non"
2022;"20290";"2130049";"cyflufenamid";"180409-60-3";"0.45";"Env A";"";"Non"
2022;"20290";"2130049";"difenoconazole";"119446-68-3";"0.9";"Env A";"";"Non"
2022;"20290";"2130067";"cyflufenamid";"180409-60-3";"0.25";"Env A";"";"Non"
2022;"20290";"2130069";"diflufenicanil";"83164-33-4";"0.75";"Env B";"";"Non"
2022;"20290";"2130083";"lambda-cyhalothrine";"91465-08-6";"2";"Santé A";"Substitution";"Non"
2022;"20290";"2130092";"spiromesifen";"283594-90-1";"0.72";"Autre";"";"Non"
2022;"20290";"2130112";"deltamethrine";"52918-63-5";"0.0000050";"Santé A";"";"Non"
2022;"20290";"2130112";"hydrolysat de proteines";"";"0.00084";"Autre";"";"Non"
2022;"20290";"2130115";"deltamethrine";"52918-63-5";"0.199455";"Santé A";"";"Non"
2022;"20290";"2130126";"fer sous forme de sulfate de fer";"7720-78-7";"25.704";"Autre";"";"Non"
2022;"20290";"2130151";"hydrazide maleique";"123-33-1";"0.096";"Autre";"";"Non"
2022;"20290";"2130152";"fluopyram";"658066-35-4";"1";"Env A";"";"Non"
2022;"20290";"2130152";"trifloxystrobine";"141517-21-7";"1";"Env A";"";"Non"
2022;"20290";"2130153";"acide acetique";"64-19-7";"5.52";"Autre";"";"Non"
2022;"20290";"2140001";"acide gibberellique";"77-06-5";"0.36";"Autre";"";"Non"
2022;"20290";"2140022";"oligomeres terpeniques";"70750-57-1";"72.8";"Autre";"";"Non"
2022;"20290";"2140085";"abamectine";"71751-41-2";"3.96";"CMR";"";"Non"
2022;"20290";"2140106";"huile minerale paraffinique";"8042-47-5";"13.825";"Autre";"";"Non"
2022;"20290";"2140121";"acide pelargonique";"112-05-0";"5.561982";"Autre";"";"Non"
2022;"20290";"2140147";"deltamethrine";"52918-63-5";"0.225";"Santé A";"";"Non"
2022;"20290";"2140166";"acide decanoique";"334-48-5";"1.823088";"Env B";"";"Non"
2022;"20290";"2140166";"acide octanoique";"124-07-2";"2.734632";"Env B";"";"Non"
2022;"20290";"2140167";"acide decanoique";"334-48-5";"0.137931";"Env B";"";"Non"
2022;"20290";"2140167";"acide octanoique";"124-07-2";"0.206897";"Env B";"";"Non"
2022;"20290";"2140177";"pyriofenone";"688046-61-9";"0.9";"CMR";"";"Non"
2022;"20290";"2140193";"sulfate de fer (sulfate ferreux heptahydrate)";"7782-63-0";"0.561";"Autre";"";"Non"
2022;"20290";"2140201";"cyflufenamid";"180409-60-3";"0.3";"Env A";"";"Non"
2022;"20290";"2140201";"difenoconazole";"119446-68-3";"2.5";"Env A";"";"Non"
2022;"20290";"2140252";"phosphate ferrique";"10045-86-0";"0.490000";"Autre";"";"Non"
2022;"20290";"2140255";"acide pelargonique";"112-05-0";"6.8";"Autre";"";"Non"
2022;"20290";"2150084";"mesotrione";"104206-82-8";"1.5";"CMR";"";"Non"
2022;"20290";"2150140";"glyphosate";"1071-83-6";"475.2";"Env A";"";"Non"
2022;"20290";"2150417";"bacillus thuringiensis ssp kurstaki souche abts-351";"68038-71-1";"2.480128";"Autre";"";"Non"
2022;"20290";"2150790";"phosphate ferrique";"10045-86-0";"0.6165";"Autre";"";"Non"
2022;"20290";"2150914";"fosetyl-aluminium";"39148-24-8";"304";"Autre";"";"Non"
2022;"20290";"2150964";"lambda-cyhalothrine";"91465-08-6";"0.64";"Santé A";"Substitution";"Non"
2022;"20290";"2150969";"phosphate ferrique";"10045-86-0";"0.094419";"Autre";"";"Non"
2022;"20290";"2160064";"fludioxonil";"131341-86-1";"0.075";"Env A";"";"Non"
2022;"20290";"2160064";"tebuconazole";"107534-96-3";"0.015";"CMR";"";"Non"
2022;"20290";"2160114";"maltodextrine";"9050-36-6";"20.923";"Autre";"";"Non"
2022;"20290";"2160115";"acide pelargonique";"112-05-0";"8.435478";"Autre";"";"Non"
2022;"20290";"2160383";"acide gibberellique";"77-06-5";"12.58345";"Autre";"";"Non"
2022;"20290";"2160397";"fluopyram";"658066-35-4";"0.8";"Env A";"";"Non"
2022;"20290";"2160615";"soufre triture ventile";"7704-34-9";"21.9655";"Autre";"";"Non"
2022;"20290";"2169999";"cyantraniliprole";"736994-63-1";"0.1";"Env A";"";"Non"
2022;"20290";"2170243";"acide pelargonique";"112-05-0";"28.850";"Autre";"";"Non"
2022;"20290";"2170462";"huile minerale blanche";"8042-47-5";"19.75";"Autre";"";"Non"
2022;"20290";"2170685";"acide acetique";"64-19-7";"0.6";"Autre";"";"Non"
2022;"20290";"2170752";"sedaxane";"874967-67-6";"0.9";"CMR";"";"Non"
2022;"20290";"2170977";"huile de colza";"8002-13-9";"0.309218";"Autre";"";"Non"
2022;"20290";"2170978";"huile de colza";"8002-13-9";"14.929024";"Autre";"";"Non"
2022;"20290";"2170992";"isoxadifen-ethyl";"163520-33-0";"1.608";"Env A";"";"Non"
2022;"20290";"2170992";"tembotrione";"335104-84-2";"4.14";"CMR";"";"Non"
2022;"20290";"2170992";"thiencarbazone-methyl";"317815-83-1";"0.816";"Env A";"";"Non"
2022;"20290";"2171067";"bicarbonate de potassium";"298-14-6";"0.035063";"Autre";"";"Non"
2022;"20290";"2171086";"pyriproxyfene";"95737-68-1";"2";"Env A";"";"Non"
2022;"20290";"2171140";"dithianon";"3347-22-6";"7";"Env A";"";"Non"
2022;"20290";"2171200";"bicarbonate de potassium";"298-14-6";"24.8725";"Autre";"";"Non"
2022;"20290";"2171250";"huile minerale blanche";"8042-47-5";"8.17";"Autre";"";"Non"
2022;"20290";"2171312";"huile de colza";"8002-13-9";"1.106";"Autre";"";"Non"
2022;"20290";"2171312";"pyrethrines";"8003-34-7";"0.01106";"Env A";"";"Non"
2022;"20290";"2180124";"metalaxyl";"57837-19-1";"0.0282";"Env B";"";"Non"
2022;"20290";"2180124";"prothioconazole";"178928-70-6";"0.141";"Env A";"";"Non"
2022;"20290";"2180256";"sulfate de fer monohydrate";"17375-41-6";"2.9184";"Autre";"";"Non"
2022;"20290";"2180275";"cerevisane";"68876-77-7";"0.10351";"Autre";"";"Non"
2022;"20290";"2180319";"cuivre du sulfate tribasique";"12527-76-3";"0.130816";"Env A";"Substitution";"Non"
2022;"20290";"2180334";"difenoconazole";"119446-68-3";"0.4818";"Env A";"";"Non"
2022;"20290";"2180334";"fludioxonil";"131341-86-1";"0.4818";"Env A";"";"Non"
2022;"20290";"2180404";"bacillus subtilis souche qst 713";"68038-70-0";"";"Autre";"";"Non"
2022;"20290";"2180408";"huile de paraffine";"64742-46-7";"7.2";"Autre";"";"Non"
2022;"20290";"2180829";"cuivre de l'hydroxyde de cuivre";"20427-59-2";"4.08";"Santé A";"Substitution";"Non"
2022;"20290";"2180829";"cuivre de l'oxychlorure de cuivre";"1332-65-6";"4.08";"Santé A";"Substitution";"Non"
2022;"20290";"2180858";"huile essentielle de menthe verte";"8008-79-5";"0.0715";"Env A";"";"Non"
2022;"20290";"2180888";"cuivre du sulfate tribasique";"12527-76-3";"0.8550";"Env A";"Substitution";"Non"
2022;"20290";"2189993";"cuivre du sulfate de cuivre";"8011-63-0";"1.36";"Env A";"Substitution";"Non"
2022;"20290";"2190088";"spinosad";"168316-95-8";"0.02472";"Env A";"";"Non"
2022;"20290";"2190198";"soufre pour pulverisation (micronise)";"7704-34-9";"496";"Autre";"";"Non"
2022;"20290";"2190319";"acide pelargonique";"112-05-0";"9.421528";"Autre";"";"Non"
2022;"20290";"2190346";"bacillus amyloliquefaciens subsp plantarum d747";"";"";"Autre";"";"Non"
2022;"20290";"2190441";"spinosad";"168316-95-8";"0.24";"Env A";"";"Non"
2022;"20290";"2190594";"(e,z)-3,8-tetradecadien-1-yl acetate";"163041-87-0";"";"Autre";"";"Non"
2022;"20290";"2190594";"(e,z,z)-3,8,11-tetradecatrien-1-yl acetate";"163041-94-9";"";"Autre";"";"Non"
2022;"20290";"2190686";"fluxapyroxad";"907204-31-3";"0.015";"Santé A";"";"Non"
2022;"20290";"2190686";"mefentrifluconazole";"1417782-03-6";"0.03";"Env A";"";"Non"
2022;"20290";"2190760";"spinosad";"168316-95-8";"0.0574";"Env A";"";"Non"
2022;"20290";"2190808";"huile de colza";"8002-13-9";"0.280";"Autre";"";"Non"
2022;"20290";"2190808";"pyrethrines";"8003-34-7";"0.00280";"Env A";"";"Non"
2022;"20290";"2200059";"huile essentielle d'orange douce";"8028-48-6";"0.324";"Env A";"";"Non"
2022;"20290";"2200197";"paecilomyces lilacinus souche 251";"";"";"Autre";"";"Non"
2022;"20290";"2200526";"acide pelargonique";"112-05-0";"8.85573";"Autre";"";"Non"
2022;"20290";"2200753";"glyphosate";"1071-83-6";"24.3";"Env A";"";"Non"
2022;"20290";"5100219";"soufre sublime";"7704-34-9";"1732.5";"Autre";"";"Non"
2022;"20290";"8100236";"chlorophacinone";"3691-35-8";"0.001688";"Autre";"";"Non"
2022;"20290";"8100291";"metazachlore";"67129-08-2";"2.5";"CMR";"";"Non"
2022;"20290";"8400528";"isoxaben";"82558-50-7";"0.625";"Env B";"";"Non"
2022;"20290";"8500321";"acide malique";"6915-15-7";"5";"Autre";"";"Non"
2022;"20290";"8500321";"acide sulfamique";"5329-14-6";"2.5";"Autre";"";"Non"
2022;"20290";"8500321";"pentapotassium bis(peroxymonosulfate) bis(sulfate)";"70693-62-8";"11.25";"Autre";"";"Non"
2022;"20290";"8500351";"acide b-indole butyrique (aib)";"133-32-4";"0.000875";"CMR";"";"Non"
2022;"20290";"8700111";"huile de ricin";"8001-79-4";"12.5760";"Autre";"";"Non"
2022;"20290";"8700111";"resines (colophane)";"8050-09-7";"6.2880";"Autre";"";"Non"
2022;"20290";"8700462";"prosulfocarbe";"52888-80-9";"36";"Env A";"";"Non"
2022;"20290";"8900681";"pendimethaline";"40487-42-1";"4";"Env A";"Substitution";"Non"
2022;"20290";"9000222";"soufre";"7704-34-9";"623";"Autre";"";"Non"
2022;"20290";"9000277";"cuivre de l'hydroxyde de cuivre";"20427-59-2";"45";"Santé A";"Substitution";"Non"
2022;"20290";"9000490";"cycloxydime";"101205-02-1";"12";"CMR";"";"Non"
2022;"20290";"9100296";"2,4-d";"94-75-7";"63";"Env B";"";"Non"
2022;"20290";"9100418";"nicosulfuron";"111991-09-4";"0.6";"Env A";"";"Non"
2022;"20290";"9100525";"tebufenpyrad";"119168-77-3";"1.4";"Santé A";"";"Non"
2022;"20290";"9200235";"huile minerale paraffinique";"8042-47-5";"3697.2";"Autre";"";"Non"
2022;"20290";"9300186";"tebuconazole";"107534-96-3";"8.50";"CMR";"";"Non"
2022;"20290";"9300504";"huile de vaseline";"8042-47-5";"2973.88";"Autre";"";"Non"
2022;"20290";"9400485";"cymoxanil";"57966-95-7";"1.2";"CMR";"";"Non"
2022;"20290";"9400485";"folpel";"133-07-3";"10.02";"CMR";"";"Non"
2022;"20290";"9500147";"soufre pour pulverisation (micronise)";"7704-34-9";"144.88";"Autre";"";"Non"
2022;"20290";"9500281";"2,4-mcpa";"94-74-6";"110.754";"Env A";"";"Non"
2022;"20290";"9500281";"dicamba";"1918-00-9";"9.4932";"Env B";"";"Non"
2022;"20290";"9500281";"sulfate de fer (sulfate ferreux heptahydrate)";"7782-63-0";"6803.46";"Autre";"";"Non"
2022;"20290";"9500341";"soufre";"7704-34-9";"16.56";"Autre";"";"Non"
2022;"20290";"9500568";"cyprodinyl";"121552-61-2";"4.5";"Env A";"";"Non"
2022;"20290";"9500568";"fludioxonil";"131341-86-1";"3";"Env A";"";"Non"
2022;"20290";"9500649";"folpel";"133-07-3";"27";"CMR";"";"Non"
2022;"20290";"9500649";"fosetyl-aluminium";"39148-24-8";"54";"Autre";"";"Non"
2022;"20290";"9600025";"fosetyl-aluminium";"39148-24-8";"86.4";"Autre";"";"Non"
2022;"20290";"9600488";"cypermethrine";"52315-07-8";"0.00075";"Env A";"";"Non"
2022;"20290";"9700070";"flazasulfuron";"104040-78-0";"0.6";"Env A";"";"Non"
2022;"20290";"9700332";"azoxystrobine";"131860-33-8";"2.25";"Santé A";"";"Non"
2022;"20290";"9800219";"ethephon";"16672-87-0";"2.4";"Santé A";"";"Non"
2022;"20290";"9800336";"lambda-cyhalothrine";"91465-08-6";"1.8";"Santé A";"Substitution";"Non"
2022;"20290";"9800420";"spiroxamine";"118134-30-8";"10.5";"CMR";"";"Non"
2022;"20290";"9800474";"cuivre du sulfate de cuivre";"8011-63-0";"30";"Env A";"Substitution";"Non"
2022;"20290";"9800481";"fleur de chaux (chaux eteinte)";"1305-62-0";"44.2";"Autre";"";"Non"
2022;"20290";"9900227";"cuivre de l'hydroxyde de cuivre";"20427-59-2";"194";"Santé A";"Substitution";"Non"
2022;"20290";"9900257";"cuivre du sulfate de cuivre";"8011-63-0";"70.08";"Env A";"Substitution";"Non"
2022;"20600";"1030003";"polymere carboxyl sulfone cationique";"8061-53-8";"0.08856";"Autre";"";"Non"
2022;"20600";"2000018";"soufre pour pulverisation (micronise)";"7704-34-9";"16";"Autre";"";"Non"
2022;"20600";"2000125";"cuivre du sulfate de cuivre";"8011-63-0";"0.3";"Env A";"Substitution";"Non"
2022;"20600";"2000517";"cuivre de l'hydroxyde de cuivre";"20427-59-2";"1.8";"Santé A";"Substitution";"Non"
2022;"20600";"2010023";"deltamethrine";"52918-63-5";"0.21";"Santé A";"";"Non"
2022;"20600";"2030175";"bacillus thuringiensis ssp kurstaki souche sa-11";"68038-71-1";"0.034";"Autre";"";"Non"
2022;"20600";"2050046";"flonicamide";"158062-67-0";"0.25";"Autre";"";"Non"
2022;"20600";"2060084";"boscalid";"188425-85-6";"0.267";"Env A";"";"Non"
2022;"20600";"2060084";"pyraclostrobine";"175013-18-0";"0.067";"Santé A";"";"Non"
2022;"20600";"2060098";"spinosad";"168316-95-8";"0.24";"Env A";"";"Non"
2022;"20600";"2090093";"glyphosate";"1071-83-6";"9";"Env A";"";"Non"
2022;"20600";"2090146";"abamectine";"71751-41-2";"0.000014";"CMR";"";"Non"
2022;"20600";"2090146";"pyrethrines";"8003-34-7";"0.00019";"Env A";"";"Non"
2022;"20600";"2090188";"glyphosate";"1071-83-6";"25.2";"Env A";"";"Non"
2022;"20600";"2110141";"dimethomorphe";"110488-70-5";"1.08";"Env A";"Exclusion";"Non"
2022;"20600";"2110141";"pyraclostrobine";"175013-18-0";"0.6";"Santé A";"";"Non"
2022;"20600";"2110149";"huile de colza";"8002-13-9";"0.016224";"Autre";"";"Non"
2022;"20600";"2110150";"huile de colza";"8002-13-9";"0.6993";"Autre";"";"Non"
2022;"20600";"2130083";"lambda-cyhalothrine";"91465-08-6";"0.1";"Santé A";"Substitution";"Non"
2022;"20600";"2130153";"acide acetique";"64-19-7";"0.054";"Autre";"";"Non"
2022;"20600";"2140085";"abamectine";"71751-41-2";"0.036";"CMR";"";"Non"
2022;"20600";"2140147";"deltamethrine";"52918-63-5";"0.075";"Santé A";"";"Non"
2022;"20600";"2140166";"acide decanoique";"334-48-5";"0.05997";"Env B";"";"Non"
2022;"20600";"2140166";"acide octanoique";"124-07-2";"0.089955";"Env B";"";"Non"
2022;"20600";"2150140";"glyphosate";"1071-83-6";"28.8";"Env A";"";"Non"
2022;"20600";"2150417";"bacillus thuringiensis ssp kurstaki souche abts-351";"68038-71-1";"0.12771";"Autre";"";"Non"
2022;"20600";"2160115";"acide pelargonique";"112-05-0";"0.15495";"Autre";"";"Non"
2022;"20600";"2170243";"acide pelargonique";"112-05-0";"8.1";"Autre";"";"Non"
2022;"20600";"2170978";"huile de colza";"8002-13-9";"0.763416";"Autre";"";"Non"
2022;"20600";"2180319";"cuivre du sulfate tribasique";"12527-76-3";"0.004088";"Env A";"Substitution";"Non"
2022;"20600";"2190319";"acide pelargonique";"112-05-0";"0.051672";"Autre";"";"Non"
2022;"20600";"2190808";"huile de colza";"8002-13-9";"0.014";"Autre";"";"Non"
2022;"20600";"2190808";"pyrethrines";"8003-34-7";"0.00014";"Env A";"";"Non"
2022;"20600";"7200313";"alcools terpeniques";"98-55-5";"3.325";"Autre";"";"Non"
2022;"20600";"8100291";"metazachlore";"67129-08-2";"7.5";"CMR";"";"Non"
2022;"20600";"8500351";"acide b-indole butyrique (aib)";"133-32-4";"0.000050";"CMR";"";"Non"
2022;"20600";"8800841";"difenoconazole";"119446-68-3";"0.125";"Env A";"";"Non"
2022;"20600";"8900685";"e/z8 acetate de dodecenyle";"37338-40-2";"0.0981";"Autre";"";"Non"
2022;"20600";"9000222";"soufre";"7704-34-9";"21";"Autre";"";"Non"
2022;"20600";"9300504";"huile de vaseline";"8042-47-5";"49.02";"Autre";"";"Non"
2022;"20600";"9500147";"soufre pour pulverisation (micronise)";"7704-34-9";"18.72";"Autre";"";"Non"
2022;"20600";"9500281";"2,4-mcpa";"94-74-6";"3.78";"Env A";"";"Non"
2022;"20600";"9500281";"dicamba";"1918-00-9";"0.324";"Env B";"";"Non"
2022;"20600";"9500281";"sulfate de fer (sulfate ferreux heptahydrate)";"7782-63-0";"232.2";"Autre";"";"Non"
2022;"20600";"9500341";"soufre";"7704-34-9";"0.6";"Autre";"";"Non"
2022;"20600";"9500568";"cyprodinyl";"121552-61-2";"0.75";"Env A";"";"Non"
2022;"20600";"9500568";"fludioxonil";"131341-86-1";"0.5";"Env A";"";"Non"
2022;"20600";"9800474";"cuivre du sulfate de cuivre";"8011-63-0";"9";"Env A";"Substitution";"Non"
2022;"20600";"9900257";"cuivre du sulfate de cuivre";"8011-63-0";"1";"Env A";"Substitution";"Non"
2022;"20620";"1030003";"polymere carboxyl sulfone cationique";"8061-53-8";"0.06888";"Autre";"";"Non"
2022;"20620";"2000018";"soufre pour pulverisation (micronise)";"7704-34-9";"16";"Autre";"";"Non"
2022;"20620";"2000044";"fluazifop-p-butyl";"79241-46-6";"6.875";"CMR";"";"Non"
2022;"20620";"2000125";"cuivre du sulfate de cuivre";"8011-63-0";"0.1";"Env A";"Substitution";"Non"
2022;"20620";"2000128";"diflufenicanil";"83164-33-4";"0.00456";"Env B";"";"Non"
2022;"20620";"2000128";"glyphosate";"1071-83-6";"0.076";"Env A";"";"Non"
2022;"20620";"2000128";"oxadiazon";"19666-30-9";"0.076";"Env A";"";"Non"
2022;"20620";"2000510";"fer sous forme de sulfate de fer";"7720-78-7";"4.8";"Autre";"";"Non"
2022;"20620";"2010023";"deltamethrine";"52918-63-5";"0.315";"Santé A";"";"Non"
2022;"20620";"2010513";"bacillus thuringiensis ssp kurstaki souche abts-351";"68038-71-1";"";"Autre";"";"Non"
2022;"20620";"2020241";"bacillus thuringiensis ssp aizawai souche abts-1857";"68038-71-1";"2.97";"Autre";"";"Non"
2022;"20620";"2030175";"bacillus thuringiensis ssp kurstaki souche sa-11";"68038-71-1";"0.2295";"Autre";"";"Non"
2022;"20620";"2050046";"flonicamide";"158062-67-0";"16.75";"Autre";"";"Non"
2022;"20620";"2060050";"metrafenone";"220899-03-6";"1";"Env A";"";"Non"
2022;"20620";"2060084";"boscalid";"188425-85-6";"1.335";"Env A";"";"Non"
2022;"20620";"2060084";"pyraclostrobine";"175013-18-0";"0.335";"Santé A";"";"Non"
2022;"20620";"2060085";"boscalid";"188425-85-6";"0.2";"Env A";"";"Non"
2022;"20620";"2060085";"kresoxim-methyl";"143390-89-0";"0.1";"CMR";"";"Non"
2022;"20620";"2060098";"spinosad";"168316-95-8";"0.72";"Env A";"";"Non"
2022;"20620";"2060113";"bifenazate";"149877-41-8";"0.06";"Env A";"";"Non"
2022;"20620";"2070107";"fosetyl";"15845-66-6";"0.93";"Autre";"";"Non"
2022;"20620";"2070107";"propamocarbe";"24579-73-5";"1.59";"Autre";"";"Non"
2022;"20620";"2080060";"pyriproxyfene";"95737-68-1";"0.7";"Env A";"";"Non"
2022;"20620";"2080063";"benalaxyl-m";"98243-83-5";"0.375";"Env A";"";"Non"
2022;"20620";"2080063";"folpel";"133-07-3";"4.8";"CMR";"";"Non"
2022;"20620";"2080098";"mandipropamide";"374726-62-2";"5";"Env A";"";"Non"
2022;"20620";"2080105";"glyphosate";"1071-83-6";"7.2";"Env A";"";"Non"
2022;"20620";"2090063";"tebuconazole";"107534-96-3";"0.4";"CMR";"";"Non"
2022;"20620";"2090063";"trifloxystrobine";"141517-21-7";"0.2";"Env A";"";"Non"
2022;"20620";"2090093";"glyphosate";"1071-83-6";"45";"Env A";"";"Non"
2022;"20620";"2090127";"huile essentielle d'orange douce";"8028-48-6";"1.2";"Env A";"";"Non"
2022;"20620";"2090136";"fluopicolide";"239110-15-7";"2.5";"Env A";"";"Non"
2022;"20620";"2090136";"propamocarbe hcl";"25606-41-1";"25";"Autre";"";"Non"
2022;"20620";"2090146";"abamectine";"71751-41-2";"0.000116";"CMR";"";"Non"
2022;"20620";"2090146";"pyrethrines";"8003-34-7";"0.00154";"Env A";"";"Non"
2022;"20620";"2090188";"glyphosate";"1071-83-6";"82.8";"Env A";"";"Non"
2022;"20620";"2090199";"huile de colza";"8002-13-9";"4.95180";"Autre";"";"Non"
2022;"20620";"2090199";"pyrethrines";"8003-34-7";"0.027540";"Env A";"";"Non"
2022;"20620";"2090200";"huile de colza";"8002-13-9";"0.092813";"Autre";"";"Non"
2022;"20620";"2090200";"pyrethrines";"8003-34-7";"0.000506";"Env A";"";"Non"
2022;"20620";"2100030";"phosphate ferrique";"10045-86-0";"7.8705";"Autre";"";"Non"
2022;"20620";"2100038";"kaolin";"1332-58-7";"25";"Autre";"";"Non"
2022;"20620";"2100041";"phosphonate de potassium";"13492-26-7";"52.85";"Autre";"";"Non"
2022;"20620";"2100122";"chlorantraniliprole";"500008-45-7";"5.95";"Env A";"";"Non"
2022;"20620";"2110012";"cyazofamide";"120116-88-3";"2.72";"Env A";"";"Non"
2022;"20620";"2110040";"bacillus subtilis souche qst 713";"68038-70-0";"0.01567";"Autre";"";"Non"
2022;"20620";"2110086";"spirotetramat";"203313-25-1";"1.5";"CMR";"";"Non"
2022;"20620";"2110101";"pyraflufen-ethyl";"129630-19-9";"0.795";"Env A";"";"Non"
2022;"20620";"2110141";"dimethomorphe";"110488-70-5";"11.16";"Env A";"Exclusion";"Non"
2022;"20620";"2110141";"pyraclostrobine";"175013-18-0";"6.2";"Santé A";"";"Non"
2022;"20620";"2110143";"metribuzine";"21087-64-9";"1.8";"Env A";"";"Non"
2022;"20620";"2110149";"huile de colza";"8002-13-9";"0.100048";"Autre";"";"Non"
2022;"20620";"2110150";"huile de colza";"8002-13-9";"1.82595";"Autre";"";"Non"
2022;"20620";"2110154";"2,4-mcpa";"94-74-6";"6.12";"Env A";"";"Non"
2022;"20620";"2110154";"dicamba";"1918-00-9";"0.54";"Env B";"";"Non"
2022;"20620";"2110180";"cuivre de l'oxyde cuivreux";"1317-39-1";"5.175";"Env A";"Substitution";"Non"
2022;"20620";"2120018";"glyphosate";"1071-83-6";"0.384";"Env A";"";"Non"
2022;"20620";"2120092";"ametoctradine";"865318-97-4";"6";"Env A";"";"Non"
2022;"20620";"2120092";"dimethomorphe";"110488-70-5";"4.5";"Env A";"Exclusion";"Non"
2022;"20620";"2120219";"tebuconazole";"107534-96-3";"0.15";"CMR";"";"Non"
2022;"20620";"2120219";"trifloxystrobine";"141517-21-7";"0.075";"Env A";"";"Non"
2022;"20620";"2130083";"lambda-cyhalothrine";"91465-08-6";"1.8";"Santé A";"Substitution";"Non"
2022;"20620";"2130092";"spiromesifen";"283594-90-1";"0.48";"Autre";"";"Non"
2022;"20620";"2130153";"acide acetique";"64-19-7";"0.06";"Autre";"";"Non"
2022;"20620";"2140022";"oligomeres terpeniques";"70750-57-1";"54.6";"Autre";"";"Non"
2022;"20620";"2140085";"abamectine";"71751-41-2";"0.288";"CMR";"";"Non"
2022;"20620";"2140104";"fludioxonil";"131341-86-1";"0.0096";"Env A";"";"Non"
2022;"20620";"2140106";"huile minerale paraffinique";"8042-47-5";"0.790";"Autre";"";"Non"
2022;"20620";"2140121";"acide pelargonique";"112-05-0";"18.589042";"Autre";"";"Non"
2022;"20620";"2140147";"deltamethrine";"52918-63-5";"0.105";"Santé A";"";"Non"
2022;"20620";"2140166";"acide decanoique";"334-48-5";"0.05997";"Env B";"";"Non"
2022;"20620";"2140166";"acide octanoique";"124-07-2";"0.089955";"Env B";"";"Non"
2022;"20620";"2140167";"acide decanoique";"334-48-5";"0.203898";"Env B";"";"Non"
2022;"20620";"2140167";"acide octanoique";"124-07-2";"0.305847";"Env B";"";"Non"
2022;"20620";"2140252";"phosphate ferrique";"10045-86-0";"0.009375";"Autre";"";"Non"
2022;"20620";"2150140";"glyphosate";"1071-83-6";"172.8";"Env A";"";"Non"
2022;"20620";"2150417";"bacillus thuringiensis ssp kurstaki souche abts-351";"68038-71-1";"0.137927";"Autre";"";"Non"
2022;"20620";"2150483";"lambda-cyhalothrine";"91465-08-6";"0.12";"Santé A";"Substitution";"Non"
2022;"20620";"2150790";"phosphate ferrique";"10045-86-0";"0.024";"Autre";"";"Non"
2022;"20620";"2150914";"fosetyl-aluminium";"39148-24-8";"24";"Autre";"";"Non"
2022;"20620";"2150969";"phosphate ferrique";"10045-86-0";"0.181575";"Autre";"";"Non"
2022;"20620";"2160114";"maltodextrine";"9050-36-6";"59.78";"Autre";"";"Non"
2022;"20620";"2160115";"acide pelargonique";"112-05-0";"0.337791";"Autre";"";"Non"
2022;"20620";"2160383";"acide gibberellique";"77-06-5";"0.99198";"Autre";"";"Non"
2022;"20620";"2160397";"fluopyram";"658066-35-4";"0.4";"Env A";"";"Non"
2022;"20620";"2160615";"soufre triture ventile";"7704-34-9";"5.8115";"Autre";"";"Non"
2022;"20620";"2160841";"bacillus amyloliquefaciens subsp plantarum d747";"";"";"Autre";"";"Non"
2022;"20620";"2169999";"cyantraniliprole";"736994-63-1";"0.3";"Env A";"";"Non"
2022;"20620";"2170243";"acide pelargonique";"112-05-0";"1.2";"Autre";"";"Non"
2022;"20620";"2170977";"huile de colza";"8002-13-9";"0.022905";"Autre";"";"Non"
2022;"20620";"2170978";"huile de colza";"8002-13-9";"3.053664";"Autre";"";"Non"
2022;"20620";"2171067";"bicarbonate de potassium";"298-14-6";"0.003188";"Autre";"";"Non"
2022;"20620";"2171312";"huile de colza";"8002-13-9";"0.056";"Autre";"";"Non"
2022;"20620";"2171312";"pyrethrines";"8003-34-7";"0.00056";"Env A";"";"Non"
2022;"20620";"2180334";"difenoconazole";"119446-68-3";"0.2409";"Env A";"";"Non"
2022;"20620";"2180334";"fludioxonil";"131341-86-1";"0.2409";"Env A";"";"Non"
2022;"20620";"2189993";"cuivre du sulfate de cuivre";"8011-63-0";"2.40";"Env A";"Substitution";"Non"
2022;"20620";"2190198";"soufre pour pulverisation (micronise)";"7704-34-9";"32";"Autre";"";"Non"
2022;"20620";"2190319";"acide pelargonique";"112-05-0";"0.051672";"Autre";"";"Non"
2022;"20620";"2190594";"(e,z)-3,8-tetradecadien-1-yl acetate";"163041-87-0";"";"Autre";"";"Non"
2022;"20620";"2190594";"(e,z,z)-3,8,11-tetradecatrien-1-yl acetate";"163041-94-9";"";"Autre";"";"Non"
2022;"20620";"2190760";"spinosad";"168316-95-8";"0.0028";"Env A";"";"Non"
2022;"20620";"2190808";"huile de colza";"8002-13-9";"0.007";"Autre";"";"Non"
2022;"20620";"2190808";"pyrethrines";"8003-34-7";"0.000070";"Env A";"";"Non"
2022;"20620";"2200059";"huile essentielle d'orange douce";"8028-48-6";"0.954";"Env A";"";"Non"
2022;"20620";"2200197";"paecilomyces lilacinus souche 251";"";"";"Autre";"";"Non"
2022;"20620";"5100219";"soufre sublime";"7704-34-9";"1287";"Autre";"";"Non"
2022;"20620";"7600008";"bupirimate";"41483-43-6";"2.5";"CMR";"";"Non"
2022;"20620";"8100236";"chlorophacinone";"3691-35-8";"0.000056";"Autre";"";"Non"
2022;"20620";"8100291";"metazachlore";"67129-08-2";"5";"CMR";"";"Non"
2022;"20620";"8600243";"aclonifen";"74070-46-5";"12";"CMR";"";"Non"
2022;"20620";"8700111";"huile de ricin";"8001-79-4";"1.4016";"Autre";"";"Non"
2022;"20620";"8700111";"resines (colophane)";"8050-09-7";"0.7008";"Autre";"";"Non"
2022;"20620";"8800504";"butoxyde de piperonyle";"51-03-6";"9";"Autre";"";"Non"
2022;"20620";"8800504";"deltamethrine";"52918-63-5";"1";"Santé A";"";"Non"
2022;"20620";"8800841";"difenoconazole";"119446-68-3";"1.25";"Env A";"";"Non"
2022;"20620";"9000222";"soufre";"7704-34-9";"441";"Autre";"";"Non"
2022;"20620";"9000490";"cycloxydime";"101205-02-1";"0.5";"CMR";"";"Non"
2022;"20620";"9200235";"huile minerale paraffinique";"8042-47-5";"189.6";"Autre";"";"Non"
2022;"20620";"9300504";"huile de vaseline";"8042-47-5";"16.34";"Autre";"";"Non"
2022;"20620";"9400485";"cymoxanil";"57966-95-7";"0.4";"CMR";"";"Non"
2022;"20620";"9400485";"folpel";"133-07-3";"3.34";"CMR";"";"Non"
2022;"20620";"9500147";"soufre pour pulverisation (micronise)";"7704-34-9";"6.60";"Autre";"";"Non"
2022;"20620";"9500199";"propamocarbe hcl";"25606-41-1";"0.722";"Autre";"";"Non"
2022;"20620";"9500281";"2,4-mcpa";"94-74-6";"4.662";"Env A";"";"Non"
2022;"20620";"9500281";"dicamba";"1918-00-9";"0.3996";"Env B";"";"Non"
2022;"20620";"9500281";"sulfate de fer (sulfate ferreux heptahydrate)";"7782-63-0";"286.38";"Autre";"";"Non"
2022;"20620";"9500341";"soufre";"7704-34-9";"1.2";"Autre";"";"Non"
2022;"20620";"9500568";"cyprodinyl";"121552-61-2";"7.5";"Env A";"";"Non"
2022;"20620";"9500568";"fludioxonil";"131341-86-1";"5";"Env A";"";"Non"
2022;"20620";"9500649";"folpel";"133-07-3";"3";"CMR";"";"Non"
2022;"20620";"9500649";"fosetyl-aluminium";"39148-24-8";"6";"Autre";"";"Non"
2022;"20620";"9600526";"acibenzolar-s-methyl";"135158-54-2";"1.6";"Env A";"";"Non"
2022;"20620";"9700332";"azoxystrobine";"131860-33-8";"1.25";"Santé A";"";"Non"
2022;"20620";"9800336";"lambda-cyhalothrine";"91465-08-6";"2.5";"Santé A";"Substitution";"Non"
2022;"20620";"9800420";"spiroxamine";"118134-30-8";"1.5";"CMR";"";"Non"
2022;"20620";"9800474";"cuivre du sulfate de cuivre";"8011-63-0";"84";"Env A";"Substitution";"Non"
2022;"20620";"9800481";"fleur de chaux (chaux eteinte)";"1305-62-0";"13.0";"Autre";"";"Non"
2022;"20620";"9900227";"cuivre de l'hydroxyde de cuivre";"20427-59-2";"4";"Santé A";"Substitution";"Non"
2022;"20620";"9900257";"cuivre du sulfate de cuivre";"8011-63-0";"16.96";"Env A";"Substitution";"Non"
2022;"20247";"nc";"nc";"nc";"nc";"nc";"nc";"nc"
2022;"20248";"nc";"nc";"nc";"nc";"nc";"nc";"nc"
