"annee";"code_postal_acheteur";"amm";"quantite_produit";"conditionnement";"eaj";"achat_etranger"
2022;"97410";"8900564";"4";"l";"Non";"Non"
2022;"97400";"2000125";"2.6";"kg";"Oui";"Non"
2022;"97400";"2010023";"2";"l";"Non";"Non"
2022;"97400";"2010282";"2";"l";"Non";"Non"
2022;"97400";"2060084";"9";"kg";"Non";"Non"
2022;"97400";"2060088";"5";"l";"Non";"Non"
2022;"97400";"2060098";"0.2";"l";"Non";"Non"
2022;"97400";"2080060";"2";"l";"Non";"Non"
2022;"97400";"2090199";"0.25";"l";"Oui";"Non"
2022;"97400";"2100026";"2";"l";"Non";"Non"
2022;"97400";"2100206";"15";"l";"Non";"Non"
2022;"97400";"2110086";"1";"l";"Non";"Non"
2022;"97400";"2110143";"3";"l";"Non";"Non"
2022;"97400";"2110150";"1.2";"l";"Oui";"Non"
2022;"97400";"2130153";"2.7";"l";"Oui";"Non"
2022;"97400";"2140085";"11";"l";"Non";"Non"
2022;"97400";"2140121";"17.83";"l";"Oui";"Non"
2022;"97400";"2150140";"10";"l";"Non";"Non"
2022;"97400";"2150417";"0.39";"l";"Oui";"Non"
2022;"97400";"2150790";"89.35";"kg";"Oui";"Non"
2022;"97400";"2190760";"2.9";"kg";"Oui";"Non"
2022;"97400";"2210895";"0.8";"l";"Oui";"Non"
2022;"97400";"7500716";"10";"kg";"Non";"Non"
2022;"97414";"2000125";"4.8";"kg";"Oui";"Non"
2022;"97414";"2000202";"5";"l";"Non";"Non"
2022;"97414";"2000517";"5";"l";"Non";"Non"
2022;"97414";"2010023";"5";"l";"Non";"Non"
2022;"97414";"2010282";"40";"l";"Non";"Non"
2022;"97414";"2050046";"0.5";"kg";"Non";"Non"
2022;"97414";"2060050";"2";"l";"Non";"Non"
2022;"97414";"2060084";"2";"kg";"Non";"Non"
2022;"97414";"2060085";"1";"l";"Non";"Non"
2022;"97414";"2060098";"14.8";"l";"Non";"Non"
2022;"97414";"2060113";"0.25";"l";"Non";"Non"
2022;"97414";"2060130";"2";"l";"Non";"Non"
2022;"97414";"2080060";"1";"l";"Non";"Non"
2022;"97414";"2080129";"1";"l";"Non";"Non"
2022;"97414";"2090127";"5";"l";"Non";"Non"
2022;"97414";"2090199";"0.5";"l";"Oui";"Non"
2022;"97414";"2100026";"17";"l";"Non";"Non"
2022;"97414";"2100122";"2.4";"kg";"Non";"Non"
2022;"97414";"2100206";"50";"l";"Non";"Non"
2022;"97414";"2100231";"3";"kg";"Non";"Non"
2022;"97414";"2110012";"11";"l";"Non";"Non"
2022;"97414";"2110073";"1";"l";"Non";"Non"
2022;"97414";"2110086";"3";"l";"Non";"Non"
2022;"97414";"2110101";"20";"l";"Non";"Non"
2022;"97414";"2110115";"27";"l";"Non";"Non"
2022;"97414";"2110143";"8";"l";"Non";"Non"
2022;"97414";"2110150";"0.4";"l";"Oui";"Non"
2022;"97414";"2110180";"0.1";"kg";"Oui";"Non"
2022;"97414";"2120048";"23";"l";"Non";"Non"
2022;"97414";"2130075";"25";"kg";"Non";"Non"
2022;"97414";"2130079";"0.5";"l";"Non";"Non"
2022;"97414";"2130251";"2";"l";"Non";"Non"
2022;"97414";"2140085";"36";"l";"Non";"Non"
2022;"97414";"2140121";"4.55";"l";"Oui";"Non"
2022;"97414";"2140165";"1";"kg";"Non";"Non"
2022;"97414";"2140201";"17";"l";"Non";"Non"
2022;"97414";"2150140";"480";"l";"Non";"Non"
2022;"97414";"2150417";"0.24";"l";"Oui";"Non"
2022;"97414";"2150790";"50.7";"kg";"Oui";"Non"
2022;"97414";"2150919";"45";"l";"Non";"Non"
2022;"97414";"2160527";"1";"l";"Non";"Non"
2022;"97414";"2160842";"1";"kg";"Non";"Non"
2022;"97400";"9000361";"1.6";"kg";"Non";"Non"
2022;"97400";"9100296";"10";"l";"Non";"Non"
2022;"97400";"9700332";"1";"l";"Non";"Non"
2022;"97400";"9800219";"20";"l";"Non";"Non"
2022;"97400";"9800336";"5";"l";"Non";"Non"
2022;"97400";"9900227";"10";"l";"Non";"Non"
2022;"97400";"9900257";"4.8";"kg";"Oui";"Non"
2022;"97410";"2000018";"20";"kg";"Non";"Non"
2022;"97410";"2000044";"52";"l";"Non";"Non"
2022;"97410";"2000125";"5.5";"kg";"Oui";"Non"
2022;"97410";"2000202";"230";"l";"Non";"Non"
2022;"97410";"2000316";"5";"l";"Non";"Non"
2022;"97410";"2000327";"9";"l";"Non";"Non"
2022;"97410";"2000517";"64";"l";"Non";"Non"
2022;"97410";"2010023";"125";"l";"Non";"Non"
2022;"97410";"2010282";"844";"l";"Non";"Non"
2022;"97410";"2030255";"5";"l";"Non";"Non"
2022;"97410";"2030404";"90";"l";"Non";"Non"
2022;"97410";"2060050";"4";"l";"Non";"Non"
2022;"97410";"2060084";"38";"kg";"Non";"Non"
2022;"97410";"2060085";"7";"l";"Non";"Non"
2022;"97410";"2060088";"1160";"l";"Non";"Non"
2022;"97410";"2060098";"33.0";"l";"Non";"Non"
2022;"97410";"2060113";"4.00";"l";"Non";"Non"
2022;"97410";"2060130";"44";"l";"Non";"Non"
2022;"97410";"2080060";"7";"l";"Non";"Non"
2022;"97410";"2080098";"2";"l";"Non";"Non"
2022;"97410";"2080114";"30";"l";"Non";"Non"
2022;"97410";"2080129";"3";"l";"Non";"Non"
2022;"97410";"2080136";"6";"kg";"Non";"Non"
2022;"97410";"2090063";"15.4";"kg";"Non";"Non"
2022;"97410";"2090093";"40";"l";"Non";"Non"
2022;"97410";"2090127";"70";"l";"Non";"Non"
2022;"97410";"2090136";"10";"l";"Non";"Non"
2022;"97410";"2090199";"1";"l";"Oui";"Non"
2022;"97410";"2100026";"46";"l";"Non";"Non"
2022;"97410";"2100028";"150";"l";"Non";"Non"
2022;"97410";"2100111";"5";"l";"Non";"Non"
2022;"97410";"2100122";"6.9";"kg";"Non";"Non"
2022;"97410";"2100206";"65";"l";"Non";"Non"
2022;"97410";"2100231";"18";"kg";"Non";"Non"
2022;"97410";"2110012";"23";"l";"Non";"Non"
2022;"97410";"2110073";"1.25";"l";"Non";"Non"
2022;"97410";"2110086";"28";"l";"Non";"Non"
2022;"97410";"2110101";"42";"l";"Non";"Non"
2022;"97410";"2110111";"160";"l";"Non";"Non"
2022;"97410";"2110115";"293";"l";"Non";"Non"
2022;"97410";"2110143";"42";"l";"Non";"Non"
2022;"97410";"2110150";"0.4";"l";"Oui";"Non"
2022;"97410";"2120048";"496";"l";"Non";"Non"
2022;"97410";"2120067";"4";"kg";"Non";"Non"
2022;"97410";"2120143";"160";"l";"Non";"Non"
2022;"97410";"2120209";"45";"kg";"Non";"Non"
2022;"97410";"2130059";"6";"l";"Non";"Non"
2022;"97410";"2130075";"130";"kg";"Non";"Non"
2022;"97410";"2130115";"30.98";"kg";"Non";"Non"
2022;"97410";"2130153";"0.9";"l";"Oui";"Non"
2022;"97410";"2130212";"5";"kg";"Non";"Non"
2022;"97410";"2130244";"15";"l";"Non";"Non"
2022;"97410";"2130251";"1";"l";"Non";"Non"
2022;"97410";"2130253";"135";"l";"Non";"Non"
2022;"97410";"2140085";"54";"l";"Non";"Non"
2022;"97410";"2140121";"5";"l";"Oui";"Non"
2022;"97410";"2140165";"52";"kg";"Non";"Non"
2022;"97410";"2140201";"26";"l";"Non";"Non"
2022;"97410";"2150140";"1855";"l";"Non";"Non"
2022;"97410";"2150417";"0.24";"l";"Oui";"Non"
2022;"97410";"2150790";"51.65";"kg";"Oui";"Non"
2022;"97410";"2150919";"46";"l";"Non";"Non"
2022;"97410";"2160226";"10";"kg";"Non";"Non"
2022;"97410";"2160272";"0.5";"l";"Non";"Non"
2022;"97410";"2160842";"8";"kg";"Non";"Non"
2022;"97410";"2180735";"20";"l";"Non";"Non"
2022;"97410";"2190016";"1";"l";"Non";"Non"
2022;"97410";"2190148";"3";"l";"Non";"Non"
2022;"97410";"2210895";"0.5";"l";"Oui";"Non"
2022;"97410";"7500716";"240";"kg";"Non";"Non"
2022;"97410";"7600008";"35";"l";"Non";"Non"
2022;"97410";"7700216";"10";"l";"Non";"Non"
2022;"97410";"8300025";"7";"l";"Non";"Non"
2022;"97410";"8400096";"29";"l";"Non";"Non"
2022;"97410";"8400528";"3";"l";"Non";"Non"
2022;"97410";"8400600";"141";"l";"Non";"Non"
2022;"97410";"8500174";"106.5";"l";"Non";"Non"
2022;"97410";"8600243";"20";"l";"Non";"Non"
2022;"97410";"8700462";"10";"l";"Non";"Non"
2022;"97410";"8800395";"5";"l";"Non";"Non"
2022;"97410";"8800841";"12.5";"l";"Non";"Non"
2022;"97418";"2130153";"0.9";"l";"Oui";"Non"
2022;"97418";"2130244";"110";"l";"Non";"Non"
2022;"97418";"2130251";"5";"l";"Non";"Non"
2022;"97418";"2130253";"180";"l";"Non";"Non"
2022;"97418";"2140085";"122";"l";"Non";"Non"
2022;"97418";"2140121";"0.91";"l";"Oui";"Non"
2022;"97418";"2140147";"2";"l";"Non";"Non"
2022;"97418";"2140165";"86";"kg";"Non";"Non"
2022;"97418";"2140201";"51";"l";"Non";"Non"
2022;"97418";"2150009";"15";"kg";"Non";"Non"
2022;"97418";"2150028";"5";"l";"Non";"Non"
2022;"97418";"2150140";"2415";"l";"Non";"Non"
2022;"97418";"2150277";"1";"l";"Non";"Non"
2022;"97418";"2150417";"0.36";"l";"Oui";"Non"
2022;"97418";"2150790";"28.5";"kg";"Oui";"Non"
2022;"97418";"2150919";"43";"l";"Non";"Non"
2022;"97418";"2160226";"10";"kg";"Non";"Non"
2022;"97418";"2160272";"0.25";"l";"Non";"Non"
2022;"97418";"2160494";"7";"kg";"Non";"Non"
2022;"97418";"2160527";"6";"l";"Non";"Non"
2022;"97418";"2160608";"1";"l";"Non";"Non"
2022;"97418";"2160842";"11";"kg";"Non";"Non"
2022;"97418";"2160962";"1";"l";"Non";"Non"
2022;"97418";"2180670";"20";"kg";"Non";"Non"
2022;"97418";"2180735";"15";"l";"Non";"Non"
2022;"97418";"2190016";"11";"l";"Non";"Non"
2022;"97418";"2190173";"54";"kg";"Non";"Non"
2022;"97418";"2210895";"0.25";"l";"Oui";"Non"
2022;"97418";"7500716";"260";"kg";"Non";"Non"
2022;"97418";"7600008";"3";"l";"Non";"Non"
2022;"97418";"7700216";"10";"l";"Non";"Non"
2022;"97418";"8300025";"14";"l";"Non";"Non"
2022;"97418";"8400096";"7";"l";"Non";"Non"
2022;"97418";"8400528";"1";"l";"Non";"Non"
2022;"97418";"8400600";"10";"l";"Non";"Non"
2022;"97418";"8500174";"66.75";"l";"Non";"Non"
2022;"97418";"8600243";"220";"l";"Non";"Non"
2022;"97418";"8700462";"60";"l";"Non";"Non"
2022;"97418";"8800029";"5";"l";"Non";"Non"
2022;"97418";"8800395";"80";"l";"Non";"Non"
2022;"97418";"8800841";"28";"l";"Non";"Non"
2022;"97418";"8900564";"6";"l";"Non";"Non"
2022;"97418";"8900681";"20";"l";"Non";"Non"
2022;"97418";"9000163";"0.1";"kg";"Non";"Non"
2022;"97418";"9100296";"160";"l";"Non";"Non"
2022;"97418";"9200073";"0.4";"kg";"Non";"Non"
2022;"97418";"9200159";"56";"l";"Non";"Non"
2022;"97418";"9200215";"800.0";"kg";"Non";"Non"
2022;"97418";"9300504";"10";"l";"Non";"Non"
2022;"97418";"9400463";"80";"l";"Non";"Non"
2022;"97418";"9500199";"2";"l";"Non";"Non"
2022;"97418";"9500432";"18";"l";"Non";"Non"
2022;"97418";"9500568";"46";"kg";"Non";"Non"
2022;"97418";"9600025";"4";"kg";"Non";"Non"
2022;"97418";"9600199";"40";"kg";"Non";"Non"
2022;"97418";"9700332";"117";"l";"Non";"Non"
2022;"97418";"9800144";"17.30";"kg";"Non";"Non"
2022;"97418";"9800219";"10";"l";"Non";"Non"
2022;"97418";"9800244";"1.5";"kg";"Non";"Non"
2022;"97418";"9800336";"171.50";"l";"Non";"Non"
2022;"97418";"9800474";"105";"kg";"Non";"Non"
2022;"97418";"9800484";"16";"l";"Non";"Non"
2022;"97418";"9900047";"15";"l";"Non";"Non"
2022;"97418";"9900081";"19.2";"kg";"Non";"Non"
2022;"97418";"9900115";"6";"l";"Non";"Non"
2022;"97418";"9900227";"165";"l";"Non";"Non"
2022;"97418";"9900257";"2.4";"kg";"Oui";"Non"
2022;"97419";"2000044";"5";"l";"Non";"Non"
2022;"97419";"2000125";"1.4";"kg";"Oui";"Non"
2022;"97419";"2010023";"7";"l";"Non";"Non"
2022;"97419";"2010282";"2";"l";"Non";"Non"
2022;"97419";"2050046";"0.5";"kg";"Non";"Non"
2022;"97419";"2060088";"40";"l";"Non";"Non"
2022;"97419";"2080060";"1";"l";"Non";"Non"
2022;"97419";"2110115";"31";"l";"Non";"Non"
2022;"97419";"2110143";"9";"l";"Non";"Non"
2022;"97419";"2110150";"0.4";"l";"Oui";"Non"
2022;"97419";"2120048";"5";"l";"Non";"Non"
2022;"97419";"2140085";"4";"l";"Non";"Non"
2022;"97419";"2140121";"6.37";"l";"Oui";"Non"
2022;"97419";"2140165";"3";"kg";"Non";"Non"
2022;"97419";"2150140";"65";"l";"Non";"Non"
2022;"97419";"2150417";"0.15";"l";"Oui";"Non"
2022;"97419";"2150790";"19.35";"kg";"Oui";"Non"
2022;"97419";"2190760";"0.6";"kg";"Oui";"Non"
2022;"97419";"2210895";"0.75";"l";"Oui";"Non"
2022;"97419";"8400096";"4";"l";"Non";"Non"
2022;"97419";"8400600";"10";"l";"Non";"Non"
2022;"97419";"9000361";"0.8";"kg";"Non";"Non"
2022;"97419";"9100296";"30";"l";"Non";"Non"
2022;"97419";"9200313";"1";"l";"Non";"Non"
2022;"97419";"9700332";"2";"l";"Non";"Non"
2022;"97419";"9800336";"2";"l";"Non";"Non"
2022;"97419";"9800484";"1";"l";"Non";"Non"
2022;"97420";"2000327";"1";"l";"Non";"Non"
2022;"97420";"2010282";"3";"l";"Non";"Non"
2022;"97420";"2060088";"60";"l";"Non";"Non"
2022;"97420";"2060098";"0.5";"l";"Non";"Non"
2022;"97420";"2060130";"1";"l";"Non";"Non"
2022;"97420";"2100026";"3";"l";"Non";"Non"
2022;"97420";"2140121";"0.91";"l";"Oui";"Non"
2022;"97420";"2150140";"10";"l";"Non";"Non"
2022;"97420";"2150417";"0.03";"l";"Oui";"Non"
2022;"97420";"2150790";"7.8";"kg";"Oui";"Non"
2022;"97420";"2190760";"0.6";"kg";"Oui";"Non"
2022;"97420";"2210895";"0.1";"l";"Oui";"Non"
2022;"97420";"8800395";"5";"l";"Non";"Non"
2022;"97420";"8900681";"10";"l";"Non";"Non"
2022;"97420";"9100296";"65";"l";"Non";"Non"
2022;"97420";"9800336";"2";"l";"Non";"Non"
2022;"97420";"9900227";"25";"l";"Non";"Non"
2022;"97421";"2000044";"54";"l";"Non";"Non"
2022;"97421";"2000125";"8.3";"kg";"Oui";"Non"
2022;"97421";"2000202";"390";"l";"Non";"Non"
2022;"97421";"2000517";"3";"l";"Non";"Non"
2022;"97421";"2010023";"10";"l";"Non";"Non"
2022;"97421";"2010282";"9";"l";"Non";"Non"
2022;"97421";"2030404";"40";"l";"Non";"Non"
2022;"97421";"2050046";"1";"kg";"Non";"Non"
2022;"97421";"2060050";"1";"l";"Non";"Non"
2022;"97421";"2060084";"12";"kg";"Non";"Non"
2022;"97421";"2060085";"1";"l";"Non";"Non"
2022;"97421";"2060088";"95";"l";"Non";"Non"
2022;"97421";"2060098";"5.0";"l";"Non";"Non"
2022;"97421";"2080060";"4";"l";"Non";"Non"
2022;"97421";"2080098";"2";"l";"Non";"Non"
2022;"97421";"2080102";"15";"l";"Non";"Non"
2022;"97421";"2080129";"4";"l";"Non";"Non"
2022;"97421";"2080136";"1";"kg";"Non";"Non"
2022;"97421";"2090127";"20";"l";"Non";"Non"
2022;"97421";"2090136";"10";"l";"Non";"Non"
2022;"97421";"2090199";"1";"l";"Oui";"Non"
2022;"97421";"2100026";"21";"l";"Non";"Non"
2022;"97421";"2100028";"15";"l";"Non";"Non"
2022;"97421";"2100122";"0.6";"kg";"Non";"Non"
2022;"97421";"2100206";"35";"l";"Non";"Non"
2022;"97421";"2100231";"7";"kg";"Non";"Non"
2022;"97421";"2110012";"5";"l";"Non";"Non"
2022;"97421";"2110073";"0.5";"l";"Non";"Non"
2022;"97421";"2110086";"11";"l";"Non";"Non"
2022;"97421";"2110101";"50";"l";"Non";"Non"
2022;"97421";"2110115";"35";"l";"Non";"Non"
2022;"97421";"2110143";"25";"l";"Non";"Non"
2022;"97421";"2110150";"0.4";"l";"Oui";"Non"
2022;"97421";"2110180";"0.1";"kg";"Oui";"Non"
2022;"97421";"2120048";"73";"l";"Non";"Non"
2022;"97421";"2120143";"120";"l";"Non";"Non"
2022;"97421";"2130059";"1";"l";"Non";"Non"
2022;"97421";"2130075";"105";"kg";"Non";"Non"
2022;"97421";"2130152";"2";"l";"Non";"Non"
2022;"97421";"2130153";"2.7";"l";"Oui";"Non"
2022;"97421";"2130244";"15";"l";"Non";"Non"
2022;"97421";"2130251";"1";"l";"Non";"Non"
2022;"97421";"2130253";"75";"l";"Non";"Non"
2022;"97421";"2140085";"18";"l";"Non";"Non"
2022;"97421";"2140121";"30.7";"l";"Oui";"Non"
2022;"97421";"2140147";"1";"l";"Non";"Non"
2022;"97421";"2140165";"8";"kg";"Non";"Non"
2022;"97421";"2140201";"5";"l";"Non";"Non"
2022;"97421";"2150140";"515";"l";"Non";"Non"
2022;"97421";"2150417";"0.45";"l";"Oui";"Non"
2022;"97421";"2150790";"139.05";"kg";"Oui";"Non"
2022;"97421";"2150919";"2";"l";"Non";"Non"
2022;"97421";"2160115";"6";"l";"Oui";"Non"
2022;"97421";"2160226";"10";"kg";"Non";"Non"
2022;"97421";"2160272";"0.5";"l";"Non";"Non"
2022;"97421";"2160494";"2";"kg";"Non";"Non"
2022;"97421";"2160842";"5";"kg";"Non";"Non"
2022;"97421";"2190760";"4.5";"kg";"Oui";"Non"
2022;"97421";"2200059";"0.2";"l";"Oui";"Non"
2022;"97421";"2210895";"0.8";"l";"Oui";"Non"
2022;"97421";"7500716";"55";"kg";"Non";"Non"
2022;"97421";"8300025";"3";"l";"Non";"Non"
2022;"97421";"8400096";"12";"l";"Non";"Non"
2022;"97421";"8400600";"56";"l";"Non";"Non"
2022;"97421";"8500174";"29.25";"l";"Non";"Non"
2022;"97424";"2210895";"0.1";"l";"Oui";"Non"
2022;"97424";"7500716";"110";"kg";"Non";"Non"
2022;"97424";"8300025";"15";"l";"Non";"Non"
2022;"97424";"8400096";"12";"l";"Non";"Non"
2022;"97424";"8400528";"1";"l";"Non";"Non"
2022;"97424";"8400600";"86";"l";"Non";"Non"
2022;"97424";"8500174";"80";"l";"Non";"Non"
2022;"97424";"8800395";"20";"l";"Non";"Non"
2022;"97424";"8800841";"43.5";"l";"Non";"Non"
2022;"97424";"8900564";"2";"l";"Non";"Non"
2022;"97424";"8900681";"80";"l";"Non";"Non"
2022;"97424";"9100296";"445";"l";"Non";"Non"
2022;"97424";"9200215";"47.5";"kg";"Non";"Non"
2022;"97424";"9300504";"5";"l";"Non";"Non"
2022;"97424";"9500432";"3";"l";"Non";"Non"
2022;"97424";"9500568";"5";"kg";"Non";"Non"
2022;"97424";"9500628";"3";"kg";"Non";"Non"
2022;"97424";"9600025";"1";"kg";"Non";"Non"
2022;"97424";"9700332";"35";"l";"Non";"Non"
2022;"97424";"9800144";"3.68";"kg";"Non";"Non"
2022;"97424";"9800219";"25";"l";"Non";"Non"
2022;"97424";"9800336";"132.0";"l";"Non";"Non"
2022;"97424";"9900047";"29";"l";"Non";"Non"
2022;"97424";"9900115";"1";"l";"Non";"Non"
2022;"97424";"9900227";"45";"l";"Non";"Non"
2022;"97424";"9900257";"0.8";"kg";"Oui";"Non"
2022;"97425";"2000125";"6.8";"kg";"Oui";"Non"
2022;"97425";"2000202";"20";"l";"Non";"Non"
2022;"97425";"2010023";"4";"l";"Non";"Non"
2022;"97425";"2010130";"10";"kg";"Non";"Non"
2022;"97425";"2010282";"10";"l";"Non";"Non"
2022;"97425";"2060050";"2";"l";"Non";"Non"
2022;"97425";"2060085";"1";"l";"Non";"Non"
2022;"97425";"2060088";"10";"l";"Non";"Non"
2022;"97425";"2060098";"1.5";"l";"Non";"Non"
2022;"97425";"2060113";"0.25";"l";"Non";"Non"
2022;"97425";"2060194";"12";"kg";"Non";"Non"
2022;"97425";"2080060";"1";"l";"Non";"Non"
2022;"97425";"2090063";"1";"kg";"Non";"Non"
2022;"97425";"2090127";"15";"l";"Non";"Non"
2022;"97425";"2090136";"10";"l";"Non";"Non"
2022;"97425";"2090199";"0.5";"l";"Oui";"Non"
2022;"97425";"2100026";"14";"l";"Non";"Non"
2022;"97425";"2100028";"5";"l";"Non";"Non"
2022;"97425";"2100122";"1.2";"kg";"Non";"Non"
2022;"97425";"2100206";"10";"l";"Non";"Non"
2022;"97425";"2100231";"2";"kg";"Non";"Non"
2022;"97425";"2110012";"7";"l";"Non";"Non"
2022;"97425";"2110086";"5";"l";"Non";"Non"
2022;"97425";"2110101";"1";"l";"Non";"Non"
2022;"97425";"2110115";"7";"l";"Non";"Non"
2022;"97425";"2110143";"1";"l";"Non";"Non"
2022;"97425";"2110150";"0.8";"l";"Oui";"Non"
2022;"97425";"2110180";"0.12";"kg";"Oui";"Non"
2022;"97425";"2120048";"4";"l";"Non";"Non"
2022;"97425";"2120067";"1";"kg";"Non";"Non"
2022;"97425";"2120143";"20";"l";"Non";"Non"
2022;"97425";"2130059";"1";"l";"Non";"Non"
2022;"97425";"2130075";"5";"kg";"Non";"Non"
2022;"97425";"2130115";"12.32";"kg";"Non";"Non"
2022;"97425";"2130251";"2";"l";"Non";"Non"
2022;"97425";"2130253";"15";"l";"Non";"Non"
2022;"97425";"2140085";"4";"l";"Non";"Non"
2022;"97425";"2140121";"5.46";"l";"Oui";"Non"
2022;"97425";"2140147";"1";"l";"Non";"Non"
2022;"97425";"2140165";"5";"kg";"Non";"Non"
2022;"97425";"2140201";"4";"l";"Non";"Non"
2022;"97425";"2150140";"270";"l";"Non";"Non"
2022;"97425";"2150417";"0.12";"l";"Oui";"Non"
2022;"97425";"2150790";"11.7";"kg";"Oui";"Non"
2022;"97425";"2150919";"39";"l";"Non";"Non"
2022;"97425";"2160115";"3";"l";"Oui";"Non"
2022;"97425";"2160494";"1";"kg";"Non";"Non"
2022;"97425";"2160527";"1";"l";"Non";"Non"
2022;"97425";"2190760";"0.6";"kg";"Oui";"Non"
2022;"97425";"2210895";"0.2";"l";"Oui";"Non"
2022;"97425";"7500716";"30";"kg";"Non";"Non"
2022;"97425";"8300025";"1";"l";"Non";"Non"
2022;"97425";"8400096";"5";"l";"Non";"Non"
2022;"97425";"8400600";"17";"l";"Non";"Non"
2022;"97425";"8500174";"4";"l";"Non";"Non"
2022;"97425";"8800029";"5";"l";"Non";"Non"
2022;"97425";"8800841";"3.0";"l";"Non";"Non"
2022;"97425";"9000361";"0.8";"kg";"Non";"Non"
2022;"97425";"9100296";"50";"l";"Non";"Non"
2022;"97425";"9200073";"0.1";"kg";"Non";"Non"
2022;"97425";"9200159";"3";"l";"Non";"Non"
2022;"97425";"9200215";"12.5";"kg";"Non";"Non"
2022;"97425";"9500568";"1";"kg";"Non";"Non"
2022;"97425";"9600025";"1";"kg";"Non";"Non"
2022;"97425";"9700332";"7";"l";"Non";"Non"
2022;"97425";"9700401";"10";"kg";"Non";"Non"
2022;"97425";"9800144";"4";"kg";"Non";"Non"
2022;"97425";"9800219";"5";"l";"Non";"Non"
2022;"97425";"9800244";"1.5";"kg";"Non";"Non"
2022;"97425";"9800336";"26.25";"l";"Non";"Non"
2022;"97425";"9900047";"6";"l";"Non";"Non"
2022;"97425";"9900257";"0.8";"kg";"Oui";"Non"
2022;"97426";"2000044";"4";"l";"Non";"Non"
2022;"97426";"2000202";"5";"l";"Non";"Non"
2022;"97426";"2000299";"1";"l";"Non";"Non"
2022;"97426";"2000517";"3";"l";"Non";"Non"
2022;"97426";"2010023";"17";"l";"Non";"Non"
2022;"97426";"2010282";"2";"l";"Non";"Non"
2022;"97426";"2060002";"1";"l";"Non";"Non"
2022;"97426";"2060084";"2";"kg";"Non";"Non"
2022;"97426";"2060088";"60";"l";"Non";"Non"
2022;"97426";"2060098";"1.2";"l";"Non";"Non"
2022;"97426";"2080136";"1";"kg";"Non";"Non"
2022;"97426";"2100026";"1";"l";"Non";"Non"
2022;"97426";"2100206";"40";"l";"Non";"Non"
2022;"97426";"2110073";"1";"l";"Non";"Non"
2022;"97426";"2110111";"10";"l";"Non";"Non"
2022;"97426";"2110115";"13";"l";"Non";"Non"
2022;"97426";"2110143";"7";"l";"Non";"Non"
2022;"97426";"2120048";"7";"l";"Non";"Non"
2022;"97426";"2120143";"40";"l";"Non";"Non"
2022;"97426";"2130059";"2";"l";"Non";"Non"
2022;"97426";"2130075";"20";"kg";"Non";"Non"
2022;"97426";"2130115";"1.76";"kg";"Non";"Non"
2022;"97426";"2130253";"60";"l";"Non";"Non"
2022;"97426";"2140085";"2";"l";"Non";"Non"
2022;"97426";"2140121";"1.82";"l";"Oui";"Non"
2022;"97426";"2140165";"11";"kg";"Non";"Non"
2022;"97426";"2140201";"4";"l";"Non";"Non"
2022;"97426";"2150140";"70";"l";"Non";"Non"
2022;"97426";"2150417";"0.09";"l";"Oui";"Non"
2022;"97426";"2150790";"4.8";"kg";"Oui";"Non"
2022;"97426";"2160494";"1";"kg";"Non";"Non"
2022;"97426";"2160842";"1";"kg";"Non";"Non"
2022;"97426";"2190173";"18";"kg";"Non";"Non"
2022;"97426";"2210895";"0.1";"l";"Oui";"Non"
2022;"97426";"7500716";"10";"kg";"Non";"Non"
2022;"97426";"8300025";"2";"l";"Non";"Non"
2022;"97426";"8400600";"1";"l";"Non";"Non"
2022;"97426";"8500174";"1";"l";"Non";"Non"
2022;"97426";"8600243";"10";"l";"Non";"Non"
2022;"97426";"8800841";"1.5";"l";"Non";"Non"
2022;"97426";"8900681";"25";"l";"Non";"Non"
2022;"97426";"9000361";"0.8";"kg";"Non";"Non"
2022;"97426";"9100296";"90";"l";"Non";"Non"
2022;"97426";"9200215";"5";"kg";"Non";"Non"
2022;"97426";"9500432";"6";"l";"Non";"Non"
2022;"97426";"9500568";"1";"kg";"Non";"Non"
2022;"97426";"9700332";"3";"l";"Non";"Non"
2022;"97426";"9800144";"0.25";"kg";"Non";"Non"
2022;"97426";"9800336";"3.5";"l";"Non";"Non"
2022;"97426";"9800484";"3";"l";"Non";"Non"
2022;"97427";"2000018";"20";"kg";"Non";"Non"
2022;"97427";"2000044";"5";"l";"Non";"Non"
2022;"97427";"2000125";"10.3";"kg";"Oui";"Non"
2022;"97427";"2000202";"195";"l";"Non";"Non"
2022;"97427";"2000316";"2";"l";"Non";"Non"
2022;"97427";"2000517";"10";"l";"Non";"Non"
2022;"97427";"2010023";"79";"l";"Non";"Non"
2022;"97427";"2010282";"86";"l";"Non";"Non"
2022;"97427";"2050046";"1.5";"kg";"Non";"Non"
2022;"97427";"2060050";"2";"l";"Non";"Non"
2022;"97427";"2060084";"21";"kg";"Non";"Non"
2022;"97427";"2060085";"15";"l";"Non";"Non"
2022;"97427";"2060088";"150";"l";"Non";"Non"
2022;"97427";"2060098";"11.4";"l";"Non";"Non"
2022;"97427";"2060113";"0.25";"l";"Non";"Non"
2022;"97427";"2060130";"4";"l";"Non";"Non"
2022;"97427";"2080060";"4";"l";"Non";"Non"
2022;"97427";"2080098";"3";"l";"Non";"Non"
2022;"97427";"2080129";"4";"l";"Non";"Non"
2022;"97427";"2090127";"40";"l";"Non";"Non"
2022;"97427";"2090199";"2";"l";"Oui";"Non"
2022;"97427";"2100026";"29";"l";"Non";"Non"
2022;"97427";"2100028";"30";"l";"Non";"Non"
2022;"97427";"2100206";"25";"l";"Non";"Non"
2022;"97427";"2100231";"12";"kg";"Non";"Non"
2022;"97427";"2110012";"6";"l";"Non";"Non"
2022;"97427";"2110086";"18";"l";"Non";"Non"
2022;"97427";"2110101";"35";"l";"Non";"Non"
2022;"97430";"2060084";"260";"kg";"Non";"Non"
2022;"97430";"2060085";"7";"l";"Non";"Non"
2022;"97430";"2060088";"210";"l";"Non";"Non"
2022;"97430";"2060098";"109.9";"l";"Non";"Non"
2022;"97430";"2060113";"2.25";"l";"Non";"Non"
2022;"97430";"2060130";"2";"l";"Non";"Non"
2022;"97430";"2060194";"48";"kg";"Non";"Non"
2022;"97430";"2070107";"1";"l";"Non";"Non"
2022;"97430";"2070185";"10";"l";"Non";"Non"
2022;"97430";"2080060";"16";"l";"Non";"Non"
2022;"97430";"2080098";"31";"l";"Non";"Non"
2022;"97430";"2080102";"75";"l";"Non";"Non"
2022;"97430";"2080114";"185";"l";"Non";"Non"
2022;"97430";"2080129";"14";"l";"Non";"Non"
2022;"97430";"2080136";"3";"kg";"Non";"Non"
2022;"97430";"2090063";"6";"kg";"Non";"Non"
2022;"97430";"2090093";"320";"l";"Non";"Non"
2022;"97430";"2090127";"130";"l";"Non";"Non"
2022;"97430";"2090136";"370";"l";"Non";"Non"
2022;"97430";"2090199";"3.5";"l";"Oui";"Non"
2022;"97430";"2100026";"567";"l";"Non";"Non"
2022;"97430";"2100028";"85";"l";"Non";"Non"
2022;"97430";"2100122";"49.8";"kg";"Non";"Non"
2022;"97430";"2100206";"220";"l";"Non";"Non"
2022;"97430";"2100231";"93";"kg";"Non";"Non"
2022;"97430";"2110011";"25";"l";"Non";"Non"
2022;"97430";"2110012";"190";"l";"Non";"Non"
2022;"97430";"2110040";"0.1";"kg";"Oui";"Non"
2022;"97430";"2110073";"8.75";"l";"Non";"Non"
2022;"97430";"2110086";"144";"l";"Non";"Non"
2022;"97430";"2110101";"155";"l";"Non";"Non"
2022;"97430";"2110111";"20";"l";"Non";"Non"
2022;"97430";"2110115";"824";"l";"Non";"Non"
2022;"97430";"2110141";"130";"l";"Non";"Non"
2022;"97430";"2110143";"159";"l";"Non";"Non"
2022;"97430";"2110150";"12.8";"l";"Oui";"Non"
2022;"97430";"2110180";"1.98";"kg";"Oui";"Non"
2022;"97430";"2120048";"236";"l";"Non";"Non"
2022;"97430";"2120067";"51";"kg";"Non";"Non"
2022;"97430";"2120092";"5";"l";"Non";"Non"
2022;"97430";"2120143";"300";"l";"Non";"Non"
2022;"97430";"2120209";"90";"kg";"Non";"Non"
2022;"97430";"2130059";"25";"l";"Non";"Non"
2022;"97430";"2130075";"265";"kg";"Non";"Non"
2022;"97430";"2130115";"21.12";"kg";"Non";"Non"
2022;"97430";"2130152";"6";"l";"Non";"Non"
2022;"97430";"2130153";"9.9";"l";"Oui";"Non"
2022;"97430";"2130212";"20";"kg";"Non";"Non"
2022;"97430";"2130244";"201";"l";"Non";"Non"
2022;"97430";"2130251";"12";"l";"Non";"Non"
2022;"97430";"2130253";"165";"l";"Non";"Non"
2022;"97430";"2140085";"384";"l";"Non";"Non"
2022;"97430";"2140090";"1";"l";"Non";"Non"
2022;"97430";"2140121";"208.35";"l";"Oui";"Non"
2022;"97430";"2140147";"2";"l";"Non";"Non"
2022;"97430";"2140165";"53";"kg";"Non";"Non"
2022;"97430";"2140201";"59";"l";"Non";"Non"
2022;"97430";"2150009";"30";"kg";"Non";"Non"
2022;"97430";"2150140";"4570";"l";"Non";"Non"
2022;"97430";"2150277";"4";"l";"Non";"Non"
2022;"97430";"2150417";"5.46";"l";"Oui";"Non"
2022;"97430";"2150790";"974.65";"kg";"Oui";"Non"
2022;"97430";"2150919";"85";"l";"Non";"Non"
2022;"97430";"2160115";"3";"l";"Oui";"Non"
2022;"97430";"2160226";"130";"kg";"Non";"Non"
2022;"97430";"2160272";"1";"l";"Non";"Non"
2022;"97430";"2160494";"6";"kg";"Non";"Non"
2022;"97430";"2160527";"6";"l";"Non";"Non"
2022;"97430";"2160608";"2";"l";"Non";"Non"
2022;"97430";"2160842";"11";"kg";"Non";"Non"
2022;"97430";"2169999";"1";"l";"Non";"Non"
2022;"97430";"2170042";"60";"l";"Non";"Non"
2022;"97430";"2180735";"30";"l";"Non";"Non"
2022;"97430";"2190016";"80";"l";"Non";"Non"
2022;"97430";"2190173";"54";"kg";"Non";"Non"
2022;"97430";"2190760";"13.2";"kg";"Oui";"Non"
2022;"97430";"2199998";"1";"l";"Non";"Non"
2022;"97430";"2210895";"7";"l";"Oui";"Non"
2022;"97430";"7500716";"612";"kg";"Non";"Non"
2022;"97430";"7600008";"3";"l";"Non";"Non"
2022;"97430";"8300025";"42";"l";"Non";"Non"
2022;"97430";"8400096";"11";"l";"Non";"Non"
2022;"97430";"8400600";"96";"l";"Non";"Non"
2022;"97430";"8500174";"150.25";"l";"Non";"Non"
2022;"97430";"8600243";"60";"l";"Non";"Non"
2022;"97430";"8700107";"10";"kg";"Non";"Non"
2022;"97430";"8700462";"65";"l";"Non";"Non"
2022;"97430";"8800029";"15";"l";"Non";"Non"
2022;"97430";"8800395";"130";"l";"Non";"Non"
2022;"97430";"8800841";"65.0";"l";"Non";"Non"
2022;"97430";"8900564";"10";"l";"Non";"Non"
2022;"97430";"8900681";"50";"l";"Non";"Non"
2022;"97430";"9000361";"8";"kg";"Non";"Non"
2022;"97430";"9100296";"785";"l";"Non";"Non"
2022;"97430";"9200073";"0.7";"kg";"Non";"Non"
2022;"97430";"9200159";"45";"l";"Non";"Non"
2022;"97430";"9200215";"970.0";"kg";"Non";"Non"
2022;"97430";"9200482";"3";"kg";"Non";"Non"
2022;"97430";"9300504";"90";"l";"Non";"Non"
2022;"97430";"9400463";"25";"l";"Non";"Non"
2022;"97430";"9500199";"4";"l";"Non";"Non"
2022;"97430";"9500341";"9.75";"kg";"Oui";"Non"
2022;"97430";"9500432";"12";"l";"Non";"Non"
2022;"97430";"9500568";"66";"kg";"Non";"Non"
2022;"97430";"9500628";"12";"kg";"Non";"Non"
2022;"97430";"9500645";"1";"l";"Non";"Non"
2022;"97430";"9600025";"19";"kg";"Non";"Non"
2022;"97430";"9700332";"141";"l";"Non";"Non"
2022;"97430";"9700401";"20";"kg";"Non";"Non"
2022;"97430";"9800098";"15";"kg";"Non";"Non"
2022;"97430";"9800144";"25.78";"kg";"Non";"Non"
2022;"97430";"9800182";"25";"l";"Non";"Non"
2022;"97430";"9800219";"265";"l";"Non";"Non"
2022;"97430";"9800244";"3";"kg";"Non";"Non"
2022;"97430";"9800336";"270";"l";"Non";"Non"
2022;"97430";"9800474";"45";"kg";"Non";"Non"
2022;"97430";"9800484";"3";"l";"Non";"Non"
2022;"97430";"9900047";"7";"l";"Non";"Non"
2022;"97430";"9900115";"4";"l";"Non";"Non"
2022;"97430";"9900227";"165";"l";"Non";"Non"
2022;"97430";"9900257";"65.6";"kg";"Oui";"Non"
2022;"97431";"2000125";"0.7";"kg";"Oui";"Non"
2022;"97431";"2000202";"40";"l";"Non";"Non"
2022;"97431";"2000519";"20";"l";"Non";"Non"
2022;"97431";"2010023";"2";"l";"Non";"Non"
2022;"97431";"2010282";"4";"l";"Non";"Non"
2022;"97431";"2060088";"55";"l";"Non";"Non"
2022;"97431";"2060098";"0.5";"l";"Non";"Non"
2022;"97431";"2100026";"3";"l";"Non";"Non"
2022;"97431";"2100206";"50";"l";"Non";"Non"
2022;"97431";"2110115";"10";"l";"Non";"Non"
2022;"97431";"2120048";"28";"l";"Non";"Non"
2022;"97431";"2130075";"5";"kg";"Non";"Non"
2022;"97431";"2130253";"75";"l";"Non";"Non"
2022;"97431";"2140165";"12";"kg";"Non";"Non"
2022;"97431";"2150140";"200";"l";"Non";"Non"
2022;"97431";"2150417";"0.03";"l";"Oui";"Non"
2022;"97431";"2150790";"4.5";"kg";"Oui";"Non"
2022;"97431";"7600008";"1";"l";"Non";"Non"
2022;"97431";"8900681";"45";"l";"Non";"Non"
2022;"97431";"9100296";"35";"l";"Non";"Non"
2022;"97431";"9800182";"50";"l";"Non";"Non"
2022;"97431";"9800336";"1";"l";"Non";"Non"
2022;"97432";"2000044";"43";"l";"Non";"Non"
2022;"97432";"2000125";"2.4";"kg";"Oui";"Non"
2022;"97432";"2000202";"185";"l";"Non";"Non"
2022;"97432";"2000517";"10";"l";"Non";"Non"
2022;"97432";"2010023";"69";"l";"Non";"Non"
2022;"97432";"2010282";"42";"l";"Non";"Non"
2022;"97432";"2020241";"0.5";"kg";"Non";"Non"
2022;"97432";"2060002";"2";"l";"Non";"Non"
2022;"97432";"2060050";"1";"l";"Non";"Non"
2022;"97432";"2060084";"20";"kg";"Non";"Non"
2022;"97432";"2060085";"3";"l";"Non";"Non"
2022;"97432";"2060088";"175";"l";"Non";"Non"
2022;"97432";"2060098";"7.1";"l";"Non";"Non"
2022;"97432";"2060113";"1";"l";"Non";"Non"
2022;"97432";"2060130";"4";"l";"Non";"Non"
2022;"97432";"2080060";"20";"l";"Non";"Non"
2022;"97432";"2080098";"5";"l";"Non";"Non"
2022;"97432";"2080102";"5";"l";"Non";"Non"
2022;"97432";"2080114";"10";"l";"Non";"Non"
2022;"97432";"2080129";"6";"l";"Non";"Non"
2022;"97432";"2080136";"3";"kg";"Non";"Non"
2022;"97432";"2090063";"1";"kg";"Non";"Non"
2022;"97432";"2090127";"20";"l";"Non";"Non"
2022;"97432";"2090199";"0.5";"l";"Oui";"Non"
2022;"97432";"2100026";"9";"l";"Non";"Non"
2022;"97432";"2100028";"20";"l";"Non";"Non"
2022;"97432";"2100122";"2.1";"kg";"Non";"Non"
2022;"97432";"2100206";"90";"l";"Non";"Non"
2022;"97432";"2100231";"4";"kg";"Non";"Non"
2022;"97432";"2110012";"13";"l";"Non";"Non"
2022;"97432";"2110086";"43";"l";"Non";"Non"
2022;"97432";"2110101";"16";"l";"Non";"Non"
2022;"97432";"2110111";"240";"l";"Non";"Non"
2022;"97437";"9200159";"3";"l";"Non";"Non"
2022;"97437";"9200215";"10";"kg";"Non";"Non"
2022;"97437";"9500432";"1";"l";"Non";"Non"
2022;"97437";"9500568";"5";"kg";"Non";"Non"
2022;"97437";"9500628";"39";"kg";"Non";"Non"
2022;"97437";"9700332";"9";"l";"Non";"Non"
2022;"97437";"9800182";"110";"l";"Non";"Non"
2022;"97437";"9800219";"250";"l";"Non";"Non"
2022;"97437";"9800336";"5.25";"l";"Non";"Non"
2022;"97437";"9900037";"13";"kg";"Non";"Non"
2022;"97437";"9900047";"305";"l";"Non";"Non"
2022;"97437";"9900081";"1.2";"kg";"Non";"Non"
2022;"97437";"9900227";"10";"l";"Non";"Non"
2022;"97437";"9900257";"3";"kg";"Oui";"Non"
2022;"97438";"2000044";"65";"l";"Non";"Non"
2022;"97438";"2000125";"1.4";"kg";"Oui";"Non"
2022;"97438";"2000202";"40";"l";"Non";"Non"
2022;"97438";"2000327";"2";"l";"Non";"Non"
2022;"97438";"2000519";"100";"l";"Non";"Non"
2022;"97438";"2010023";"41";"l";"Non";"Non"
2022;"97438";"2010282";"27";"l";"Non";"Non"
2022;"97438";"2030404";"20";"l";"Non";"Non"
2022;"97438";"2060084";"5";"kg";"Non";"Non"
2022;"97438";"2060088";"390";"l";"Non";"Non"
2022;"97438";"2060098";"5.8";"l";"Non";"Non"
2022;"97438";"2060113";"0.25";"l";"Non";"Non"
2022;"97438";"2080129";"1";"l";"Non";"Non"
2022;"97438";"2090016";"10";"l";"Non";"Non"
2022;"97438";"2090037";"2";"kg";"Non";"Non"
2022;"97438";"2090063";"2";"kg";"Non";"Non"
2022;"97438";"2090119";"15";"l";"Non";"Non"
2022;"97438";"2090127";"70";"l";"Non";"Non"
2022;"97438";"2100026";"13";"l";"Non";"Non"
2022;"97438";"2100028";"90";"l";"Non";"Non"
2022;"97438";"2100111";"5";"l";"Non";"Non"
2022;"97438";"2100206";"505";"l";"Non";"Non"
2022;"97438";"2110012";"2";"l";"Non";"Non"
2022;"97438";"2110086";"6";"l";"Non";"Non"
2022;"97438";"2110101";"5";"l";"Non";"Non"
2022;"97438";"2110115";"13";"l";"Non";"Non"
2022;"97438";"2110143";"103";"l";"Non";"Non"
2022;"97438";"2110150";"1.2";"l";"Oui";"Non"
2022;"97438";"2120048";"502";"l";"Non";"Non"
2022;"97438";"2120143";"20";"l";"Non";"Non"
2022;"97438";"2130059";"1";"l";"Non";"Non"
2022;"97438";"2130253";"195";"l";"Non";"Non"
2022;"97438";"2140085";"7";"l";"Non";"Non"
2022;"97438";"2140121";"3.64";"l";"Oui";"Non"
2022;"97438";"2140165";"21";"kg";"Non";"Non"
2022;"97438";"2150140";"1240";"l";"Non";"Non"
2022;"97438";"2150417";"0.06";"l";"Oui";"Non"
2022;"97438";"2150790";"10.35";"kg";"Oui";"Non"
2022;"97438";"2150919";"38";"l";"Non";"Non"
2022;"97438";"2160842";"25";"kg";"Non";"Non"
2022;"97438";"2210895";"0.2";"l";"Oui";"Non"
2022;"97438";"7500716";"25";"kg";"Non";"Non"
2022;"97438";"7600008";"1";"l";"Non";"Non"
2022;"97438";"8400096";"4";"l";"Non";"Non"
2022;"97438";"8400600";"743";"l";"Non";"Non"
2022;"97438";"8500174";"5";"l";"Non";"Non"
2022;"97438";"8600243";"10";"l";"Non";"Non"
2022;"97438";"8800395";"5";"l";"Non";"Non"
2022;"97438";"8800841";"1.0";"l";"Non";"Non"
2022;"97438";"8900681";"430";"l";"Non";"Non"
2022;"97438";"9100296";"790";"l";"Non";"Non"
2022;"97438";"9200159";"1";"l";"Non";"Non"
2022;"97438";"9500432";"6";"l";"Non";"Non"
2022;"97438";"9700332";"22";"l";"Non";"Non"
2022;"97438";"9800144";"0.5";"kg";"Non";"Non"
2022;"97438";"9800182";"5";"l";"Non";"Non"
2022;"97438";"9800336";"11.5";"l";"Non";"Non"
2022;"97438";"9900037";"0.25";"kg";"Non";"Non"
2022;"97438";"9900227";"20";"l";"Non";"Non"
2022;"97438";"9900257";"1.6";"kg";"Oui";"Non"
2022;"97439";"2000044";"17";"l";"Non";"Non"
2022;"97439";"2000202";"440";"l";"Non";"Non"
2022;"97439";"2000327";"1";"l";"Non";"Non"
2022;"97439";"2000519";"40";"l";"Non";"Non"
2022;"97439";"2010023";"17";"l";"Non";"Non"
2022;"97439";"2010282";"18";"l";"Non";"Non"
2022;"97439";"2030404";"490";"l";"Non";"Non"
2022;"97439";"2060002";"1";"l";"Non";"Non"
2022;"97439";"2060088";"1745";"l";"Non";"Non"
2022;"97439";"2060098";"5.6";"l";"Non";"Non"
2022;"97439";"2060130";"5";"l";"Non";"Non"
2022;"97439";"2080060";"1";"l";"Non";"Non"
2022;"97439";"2080098";"5";"l";"Non";"Non"
2022;"97439";"2080102";"5";"l";"Non";"Non"
2022;"97439";"2090037";"4";"kg";"Non";"Non"
2022;"97439";"2090063";"1";"kg";"Non";"Non"
2022;"97439";"2090093";"120";"l";"Non";"Non"
2022;"97439";"2090127";"10";"l";"Non";"Non"
2022;"97439";"2100026";"7";"l";"Non";"Non"
2022;"97439";"2100028";"45";"l";"Non";"Non"
2022;"97439";"2100111";"5";"l";"Non";"Non"
2022;"97439";"2100206";"1255";"l";"Non";"Non"
2022;"97439";"2100231";"5";"kg";"Non";"Non"
2022;"97439";"2110073";"1";"l";"Non";"Non"
2022;"97439";"2110086";"3";"l";"Non";"Non"
2022;"97439";"2110101";"10";"l";"Non";"Non"
2022;"97439";"2110111";"240";"l";"Non";"Non"
2022;"97439";"2110115";"13";"l";"Non";"Non"
2022;"97439";"2110143";"186";"l";"Non";"Non"
2022;"97439";"2120048";"1007";"l";"Non";"Non"
2022;"97439";"2120067";"4";"kg";"Non";"Non"
2022;"97439";"2120143";"65";"l";"Non";"Non"
2022;"97439";"2130059";"2";"l";"Non";"Non"
2022;"97439";"2130075";"5";"kg";"Non";"Non"
2022;"97439";"2130253";"390";"l";"Non";"Non"
2022;"97439";"2140085";"12";"l";"Non";"Non"
2022;"97439";"2140165";"106";"kg";"Non";"Non"
2022;"97439";"2140201";"10";"l";"Non";"Non"
2022;"97439";"2150140";"1660";"l";"Non";"Non"
2022;"97439";"2150417";"0.03";"l";"Oui";"Non"
2022;"97439";"2150919";"1";"l";"Non";"Non"
2022;"97439";"2160842";"11";"kg";"Non";"Non"
2022;"97439";"2190760";"0.6";"kg";"Oui";"Non"
2022;"97439";"7500716";"5";"kg";"Non";"Non"
2022;"97439";"8400600";"90";"l";"Non";"Non"
2022;"97439";"8500174";"2";"l";"Non";"Non"
2022;"97439";"8800841";"1";"l";"Non";"Non"
2022;"97439";"8900681";"705";"l";"Non";"Non"
2022;"97439";"9100296";"2495";"l";"Non";"Non"
2022;"97439";"9200215";"5";"kg";"Non";"Non"
2022;"97439";"9500628";"3";"kg";"Non";"Non"
2022;"97439";"9700332";"71";"l";"Non";"Non"
2022;"97439";"9800219";"55";"l";"Non";"Non"
2022;"97439";"9800336";"11";"l";"Non";"Non"
2022;"97439";"9900037";"2.25";"kg";"Non";"Non"
2022;"97439";"9900047";"35";"l";"Non";"Non"
2022;"97439";"9900227";"20";"l";"Non";"Non"
2022;"97439";"9900257";"1";"kg";"Oui";"Non"
2022;"97440";"2000044";"131";"l";"Non";"Non"
2022;"97440";"2000125";"114.3";"kg";"Oui";"Non"
2022;"97440";"2000202";"90";"l";"Non";"Non"
2022;"97440";"2000327";"12";"l";"Non";"Non"
2022;"97440";"2000519";"580";"l";"Non";"Non"
2022;"97440";"2010023";"80";"l";"Non";"Non"
2022;"97440";"2010282";"202";"l";"Non";"Non"
2022;"97440";"2030404";"320";"l";"Non";"Non"
2022;"97440";"2060002";"1";"l";"Non";"Non"
2022;"97440";"2060050";"4";"l";"Non";"Non"
2022;"97440";"2060084";"13";"kg";"Non";"Non"
2022;"97440";"2060085";"10";"l";"Non";"Non"
2022;"97440";"2060088";"3845";"l";"Non";"Non"
2022;"97440";"2060098";"2.1";"l";"Non";"Non"
2022;"97440";"2060113";"0.50";"l";"Non";"Non"
2022;"97440";"2060130";"7";"l";"Non";"Non"
2022;"97440";"2080060";"2";"l";"Non";"Non"
2022;"97440";"2080098";"1";"l";"Non";"Non"
2022;"97440";"2080102";"15";"l";"Non";"Non"
2022;"97440";"2090037";"5";"kg";"Non";"Non"
2022;"97440";"2090093";"20";"l";"Non";"Non"
2022;"97440";"2090119";"5";"l";"Non";"Non"
2022;"97440";"2090127";"35";"l";"Non";"Non"
2022;"97440";"2090136";"10";"l";"Non";"Non"
2022;"97440";"2100026";"96";"l";"Non";"Non"
2022;"97440";"2100028";"285";"l";"Non";"Non"
2022;"97440";"2100111";"30";"l";"Non";"Non"
2022;"97440";"2100122";"0.6";"kg";"Non";"Non"
2022;"97440";"2100206";"1735";"l";"Non";"Non"
2022;"97440";"2100231";"13";"kg";"Non";"Non"
2022;"97440";"2110012";"2";"l";"Non";"Non"
2022;"97440";"2110086";"13";"l";"Non";"Non"
2022;"97440";"2110101";"25";"l";"Non";"Non"
2022;"97440";"2110111";"290";"l";"Non";"Non"
2022;"97440";"2110115";"75";"l";"Non";"Non"
2022;"97440";"2110143";"444";"l";"Non";"Non"
2022;"97440";"2110150";"15.6";"l";"Oui";"Non"
2022;"97440";"2110180";"0.25";"kg";"Oui";"Non"
2022;"97440";"2120048";"1213";"l";"Non";"Non"
2022;"97440";"2120067";"1";"kg";"Non";"Non"
2022;"97440";"2130059";"4";"l";"Non";"Non"
2022;"97440";"2130075";"5";"kg";"Non";"Non"
2022;"97440";"2130153";"45.9";"l";"Oui";"Non"
2022;"97440";"2130253";"660";"l";"Non";"Non"
2022;"97450";"2110143";"6";"l";"Non";"Non"
2022;"97450";"2110150";"21.2";"l";"Oui";"Non"
2022;"97450";"2110180";"1.4";"kg";"Oui";"Non"
2022;"97450";"2120048";"46";"l";"Non";"Non"
2022;"97450";"2120067";"9";"kg";"Non";"Non"
2022;"97450";"2120143";"40";"l";"Non";"Non"
2022;"97450";"2120209";"5";"kg";"Non";"Non"
2022;"97450";"2130059";"2";"l";"Non";"Non"
2022;"97450";"2130075";"20";"kg";"Non";"Non"
2022;"97450";"2130152";"8";"l";"Non";"Non"
2022;"97450";"2130153";"15.3";"l";"Oui";"Non"
2022;"97450";"2130212";"10";"kg";"Non";"Non"
2022;"97450";"2130244";"15";"l";"Non";"Non"
2022;"97450";"2130251";"2";"l";"Non";"Non"
2022;"97450";"2130253";"495";"l";"Non";"Non"
2022;"97450";"2140085";"85";"l";"Non";"Non"
2022;"97450";"2140121";"302.05";"l";"Oui";"Non"
2022;"97450";"2140147";"2";"l";"Non";"Non"
2022;"97450";"2140165";"15";"kg";"Non";"Non"
2022;"97450";"2140167";"1";"l";"Oui";"Non"
2022;"97450";"2140179";"5";"l";"Non";"Non"
2022;"97450";"2140201";"41";"l";"Non";"Non"
2022;"97450";"2150140";"720";"l";"Non";"Non"
2022;"97450";"2150417";"4.14";"l";"Oui";"Non"
2022;"97450";"2150790";"747.15";"kg";"Oui";"Non"
2022;"97450";"2150919";"8";"l";"Non";"Non"
2022;"97450";"2160115";"30";"l";"Oui";"Non"
2022;"97450";"2160226";"5";"kg";"Non";"Non"
2022;"97450";"2160272";"2.25";"l";"Non";"Non"
2022;"97450";"2160494";"2";"kg";"Non";"Non"
2022;"97450";"2160527";"7";"l";"Non";"Non"
2022;"97450";"2160608";"1";"l";"Non";"Non"
2022;"97450";"2160962";"1";"l";"Non";"Non"
2022;"97450";"2180670";"20";"kg";"Non";"Non"
2022;"97450";"2180735";"10";"l";"Non";"Non"
2022;"97450";"2190148";"1";"l";"Non";"Non"
2022;"97450";"2190760";"23.4";"kg";"Oui";"Non"
2022;"97450";"2199998";"1";"l";"Non";"Non"
2022;"97450";"2200059";"3.3";"l";"Oui";"Non"
2022;"97450";"2210895";"6.6";"l";"Oui";"Non"
2022;"97450";"7500716";"30";"kg";"Non";"Non"
2022;"97450";"7600008";"1";"l";"Non";"Non"
2022;"97450";"8300025";"19";"l";"Non";"Non"
2022;"97450";"8400096";"6";"l";"Non";"Non"
2022;"97450";"8400600";"56";"l";"Non";"Non"
2022;"97450";"8500174";"86";"l";"Non";"Non"
2022;"97450";"8600243";"70";"l";"Non";"Non"
2022;"97450";"8800395";"15";"l";"Non";"Non"
2022;"97450";"8800841";"30";"l";"Non";"Non"
2022;"97450";"8900564";"3";"l";"Non";"Non"
2022;"97450";"8900681";"115";"l";"Non";"Non"
2022;"97450";"9000361";"13.6";"kg";"Non";"Non"
2022;"97450";"9100296";"350";"l";"Non";"Non"
2022;"97450";"9200215";"75.0";"kg";"Non";"Non"
2022;"97450";"9300504";"5";"l";"Non";"Non"
2022;"97450";"9500432";"2";"l";"Non";"Non"
2022;"97450";"9500568";"10";"kg";"Non";"Non"
2022;"97450";"9500628";"6";"kg";"Non";"Non"
2022;"97450";"9700332";"47";"l";"Non";"Non"
2022;"97450";"9800144";"1";"kg";"Non";"Non"
2022;"97450";"9800182";"10";"l";"Non";"Non"
2022;"97450";"9800219";"15";"l";"Non";"Non"
2022;"97450";"9800244";"6";"kg";"Non";"Non"
2022;"97450";"9800336";"40.75";"l";"Non";"Non"
2022;"97450";"9800484";"1";"l";"Non";"Non"
2022;"97450";"9900037";"0.50";"kg";"Non";"Non"
2022;"97450";"9900227";"30";"l";"Non";"Non"
2022;"97450";"9900257";"36.8";"kg";"Oui";"Non"
2022;"97460";"2000044";"1";"l";"Non";"Non"
2022;"97460";"2000125";"96.9";"kg";"Oui";"Non"
2022;"97460";"2000316";"9";"l";"Non";"Non"
2022;"97460";"2000519";"60";"l";"Non";"Non"
2022;"97460";"2010023";"57";"l";"Non";"Non"
2022;"97460";"2010282";"5";"l";"Non";"Non"
2022;"97460";"2020241";"1";"kg";"Non";"Non"
2022;"97460";"2030404";"200";"l";"Non";"Non"
2022;"97460";"2060002";"3";"l";"Non";"Non"
2022;"97460";"2060084";"15";"kg";"Non";"Non"
2022;"97460";"2060088";"705";"l";"Non";"Non"
2022;"97460";"2060098";"6.0";"l";"Non";"Non"
2022;"97460";"2060113";"1.5";"l";"Non";"Non"
2022;"97460";"2080060";"1";"l";"Non";"Non"
2022;"97460";"2080098";"2";"l";"Non";"Non"
2022;"97460";"2080102";"15";"l";"Non";"Non"
2022;"97460";"2090063";"5";"kg";"Non";"Non"
2022;"97460";"2090199";"0.25";"l";"Oui";"Non"
2022;"97460";"2100026";"26";"l";"Non";"Non"
2022;"97460";"2100028";"65";"l";"Non";"Non"
2022;"97460";"2100122";"2.7";"kg";"Non";"Non"
2022;"97460";"2100231";"18";"kg";"Non";"Non"
2022;"97460";"2110073";"1";"l";"Non";"Non"
2022;"97460";"2110086";"2";"l";"Non";"Non"
2022;"97460";"2110101";"23";"l";"Non";"Non"
2022;"97460";"2110111";"130";"l";"Non";"Non"
2022;"97460";"2110115";"39";"l";"Non";"Non"
2022;"97460";"2110143";"21";"l";"Non";"Non"
2022;"97460";"2110150";"17.6";"l";"Oui";"Non"
2022;"97460";"2110180";"0.45";"kg";"Oui";"Non"
2022;"97460";"2120048";"74";"l";"Non";"Non"
2022;"97460";"2120143";"20";"l";"Non";"Non"
2022;"97460";"2130059";"4";"l";"Non";"Non"
2022;"97460";"2130153";"12.6";"l";"Oui";"Non"
2022;"97460";"2130253";"75";"l";"Non";"Non"
2022;"97460";"2140085";"35";"l";"Non";"Non"
2022;"97460";"2140121";"139.64";"l";"Oui";"Non"
2022;"97460";"2140147";"1";"l";"Non";"Non"
2022;"97460";"2140165";"112";"kg";"Non";"Non"
2022;"97460";"2140201";"13";"l";"Non";"Non"
2022;"97460";"2150140";"445";"l";"Non";"Non"
2022;"97460";"2150417";"5.01";"l";"Oui";"Non"
2022;"97460";"2150790";"638.6";"kg";"Oui";"Non"
2022;"97460";"2150919";"104";"l";"Non";"Non"
2022;"97460";"2160226";"25";"kg";"Non";"Non"
2022;"97460";"2160272";"0.75";"l";"Non";"Non"
2022;"97460";"2160842";"22";"kg";"Non";"Non"
2022;"97460";"2180735";"15";"l";"Non";"Non"
2022;"97460";"2190148";"2";"l";"Non";"Non"
2022;"97460";"2190760";"18.6";"kg";"Oui";"Non"
2022;"97460";"2210895";"5.45";"l";"Oui";"Non"
2022;"97460";"7500716";"145";"kg";"Non";"Non"
2022;"97460";"7600008";"4";"l";"Non";"Non"
2022;"97460";"8300025";"1";"l";"Non";"Non"
2022;"97460";"8400528";"2";"l";"Non";"Non"
2022;"97460";"8400600";"90";"l";"Non";"Non"
2022;"97460";"8500174";"8";"l";"Non";"Non"
2022;"97460";"8700462";"10";"l";"Non";"Non"
2022;"97460";"8800029";"5";"l";"Non";"Non"
2022;"97460";"8800395";"5";"l";"Non";"Non"
2022;"97460";"8800841";"2.0";"l";"Non";"Non"
2022;"97460";"8900564";"2";"l";"Non";"Non"
2022;"97460";"8900681";"100";"l";"Non";"Non"
2022;"97460";"9000361";"8.8";"kg";"Non";"Non"
2022;"97460";"9100296";"400";"l";"Non";"Non"
2022;"97460";"9200159";"1";"l";"Non";"Non"
2022;"97460";"9500568";"1";"kg";"Non";"Non"
2022;"97460";"9700332";"26";"l";"Non";"Non"
2022;"97460";"9800144";"0.76";"kg";"Non";"Non"
2022;"97460";"9800182";"5";"l";"Non";"Non"
2022;"97460";"9800336";"31.5";"l";"Non";"Non"
2022;"97460";"9800474";"45";"kg";"Non";"Non"
2022;"97460";"9800484";"3";"l";"Non";"Non"
2022;"97460";"9900047";"30";"l";"Non";"Non"
2022;"97460";"9900257";"34.4";"kg";"Oui";"Non"
2022;"97470";"2000044";"49";"l";"Non";"Non"
2022;"97470";"2000202";"160";"l";"Non";"Non"
2022;"97470";"2000327";"3";"l";"Non";"Non"
2022;"97470";"2000519";"200";"l";"Non";"Non"
2022;"97470";"2010023";"14";"l";"Non";"Non"
2022;"97470";"2010130";"130";"kg";"Non";"Non"
2022;"97470";"2010282";"75";"l";"Non";"Non"
2022;"97470";"2030404";"160";"l";"Non";"Non"
2022;"97470";"2060084";"7";"kg";"Non";"Non"
2022;"97470";"2060088";"1430";"l";"Non";"Non"
2022;"97470";"2060098";"3.0";"l";"Non";"Non"
2022;"97470";"2060130";"1";"l";"Non";"Non"
2022;"97470";"2080060";"3";"l";"Non";"Non"
2022;"97470";"2090037";"10";"kg";"Non";"Non"
2022;"97470";"2090093";"20";"l";"Non";"Non"
2022;"97470";"2090119";"10";"l";"Non";"Non"
2022;"97470";"2090127";"5";"l";"Non";"Non"
2022;"97470";"2100026";"59";"l";"Non";"Non"
2022;"97470";"2100028";"70";"l";"Non";"Non"
2022;"97470";"2100111";"20";"l";"Non";"Non"
2022;"97470";"2100122";"0.3";"kg";"Non";"Non"
2022;"97470";"2100206";"305";"l";"Non";"Non"
2022;"97470";"2110086";"14";"l";"Non";"Non"
2022;"97470";"2110101";"20";"l";"Non";"Non"
2022;"97470";"2110111";"210";"l";"Non";"Non"
2022;"97470";"2110115";"38";"l";"Non";"Non"
2022;"97470";"2110143";"189";"l";"Non";"Non"
2022;"97470";"2120048";"500";"l";"Non";"Non"
2022;"97470";"2120143";"360";"l";"Non";"Non"
2022;"97470";"2130075";"5";"kg";"Non";"Non"
2022;"97470";"2130253";"240";"l";"Non";"Non"
2022;"97470";"2140085";"12";"l";"Non";"Non"
2022;"97470";"2140121";"0.91";"l";"Oui";"Non"
2022;"97490";"9100296";"245";"l";"Non";"Non"
2022;"97490";"9200159";"7";"l";"Non";"Non"
2022;"97490";"9500568";"2";"kg";"Non";"Non"
2022;"97490";"9700332";"52";"l";"Non";"Non"
2022;"97490";"9800182";"10";"l";"Non";"Non"
2022;"97490";"9800219";"10";"l";"Non";"Non"
2022;"97490";"9800336";"3.25";"l";"Non";"Non"
2022;"97490";"9900047";"100";"l";"Non";"Non"
2022;"97490";"9900257";"31.2";"kg";"Oui";"Non"
2022;"97414";"2180735";"5";"l";"Non";"Non"
2022;"97414";"2210895";"0.1";"l";"Oui";"Non"
2022;"97414";"7500716";"25";"kg";"Non";"Non"
2022;"97414";"7600008";"5";"l";"Non";"Non"
2022;"97414";"8300025";"8";"l";"Non";"Non"
2022;"97414";"8500174";"32.75";"l";"Non";"Non"
2022;"97414";"8800029";"10";"l";"Non";"Non"
2022;"97414";"8800841";"2";"l";"Non";"Non"
2022;"97414";"9000361";"0.8";"kg";"Non";"Non"
2022;"97414";"9100296";"5";"l";"Non";"Non"
2022;"97414";"9200215";"5";"kg";"Non";"Non"
2022;"97414";"9700332";"29";"l";"Non";"Non"
2022;"97414";"9800144";"0.63";"kg";"Non";"Non"
2022;"97414";"9800336";"57.25";"l";"Non";"Non"
2022;"97414";"9900115";"3";"l";"Non";"Non"
2022;"97414";"9900227";"5";"l";"Non";"Non"
2022;"97414";"9900257";"0.8";"kg";"Oui";"Non"
2022;"97416";"2000125";"1.4";"kg";"Oui";"Non"
2022;"97416";"2000202";"5";"l";"Non";"Non"
2022;"97416";"2000316";"1";"l";"Non";"Non"
2022;"97416";"2010023";"11";"l";"Non";"Non"
2022;"97416";"2010282";"15";"l";"Non";"Non"
2022;"97416";"2060084";"1";"kg";"Non";"Non"
2022;"97416";"2060088";"230";"l";"Non";"Non"
2022;"97416";"2060098";"0.4";"l";"Non";"Non"
2022;"97416";"2060194";"36";"kg";"Non";"Non"
2022;"97416";"2080060";"3";"l";"Non";"Non"
2022;"97416";"2100122";"0.9";"kg";"Non";"Non"
2022;"97416";"2110012";"4";"l";"Non";"Non"
2022;"97416";"2110086";"7";"l";"Non";"Non"
2022;"97416";"2110115";"3";"l";"Non";"Non"
2022;"97416";"2110143";"1";"l";"Non";"Non"
2022;"97416";"2120143";"60";"l";"Non";"Non"
2022;"97416";"2130075";"5";"kg";"Non";"Non"
2022;"97416";"2130212";"5";"kg";"Non";"Non"
2022;"97416";"2130251";"4";"l";"Non";"Non"
2022;"97416";"2140085";"3";"l";"Non";"Non"
2022;"97416";"2140121";"0.91";"l";"Oui";"Non"
2022;"97416";"2140165";"63";"kg";"Non";"Non"
2022;"97416";"2140201";"6";"l";"Non";"Non"
2022;"97416";"2150140";"75";"l";"Non";"Non"
2022;"97416";"2150417";"0.03";"l";"Oui";"Non"
2022;"97416";"2150790";"12";"kg";"Oui";"Non"
2022;"97416";"2190173";"18";"kg";"Non";"Non"
2022;"97416";"7500716";"20";"kg";"Non";"Non"
2022;"97416";"8300025";"2";"l";"Non";"Non"
2022;"97416";"8400600";"22";"l";"Non";"Non"
2022;"97416";"8500174";"10";"l";"Non";"Non"
2022;"97416";"8600243";"10";"l";"Non";"Non"
2022;"97416";"8800395";"10";"l";"Non";"Non"
2022;"97416";"8800841";"3.0";"l";"Non";"Non"
2022;"97416";"8900681";"10";"l";"Non";"Non"
2022;"97416";"9100296";"205";"l";"Non";"Non"
2022;"97416";"9200215";"10";"kg";"Non";"Non"
2022;"97416";"9500628";"3";"kg";"Non";"Non"
2022;"97416";"9700332";"14";"l";"Non";"Non"
2022;"97416";"9800144";"1.5";"kg";"Non";"Non"
2022;"97416";"9800259";"20";"l";"Non";"Non"
2022;"97416";"9800336";"22.5";"l";"Non";"Non"
2022;"97416";"9900227";"5";"l";"Non";"Non"
2022;"97417";"2000125";"0.7";"kg";"Oui";"Non"
2022;"97417";"2000316";"1";"l";"Non";"Non"
2022;"97417";"2000517";"6";"l";"Non";"Non"
2022;"97417";"2060098";"0.1";"l";"Non";"Non"
2022;"97417";"2060130";"1";"l";"Non";"Non"
2022;"97417";"2100206";"20";"l";"Non";"Non"
2022;"97417";"2110150";"0.8";"l";"Oui";"Non"
2022;"97417";"2140121";"6.23";"l";"Oui";"Non"
2022;"97417";"2150140";"5";"l";"Non";"Non"
2022;"97417";"2150417";"0.03";"l";"Oui";"Non"
2022;"97417";"2150790";"23.45";"kg";"Oui";"Non"
2022;"97417";"2190760";"2.2";"kg";"Oui";"Non"
2022;"97417";"2210895";"0.1";"l";"Oui";"Non"
2022;"97417";"9000361";"0.8";"kg";"Non";"Non"
2022;"97417";"9700332";"3";"l";"Non";"Non"
2022;"97418";"2000003";"35";"l";"Non";"Non"
2022;"97418";"2000044";"162";"l";"Non";"Non"
2022;"97418";"2000125";"7.1";"kg";"Oui";"Non"
2022;"97418";"2000202";"60";"l";"Non";"Non"
2022;"97418";"2000299";"2";"l";"Non";"Non"
2022;"97418";"2000316";"7";"l";"Non";"Non"
2022;"97418";"2000327";"7";"l";"Non";"Non"
2022;"97418";"2000517";"85";"l";"Non";"Non"
2022;"97418";"2010023";"228";"l";"Non";"Non"
2022;"97418";"2010282";"435";"l";"Non";"Non"
2022;"97418";"2020241";"9";"kg";"Non";"Non"
2022;"97418";"2020474";"20";"l";"Non";"Non"
2022;"97418";"2030255";"25";"l";"Non";"Non"
2022;"97418";"2030404";"10";"l";"Non";"Non"
2022;"97418";"2050046";"1.5";"kg";"Non";"Non"
2022;"97418";"2060002";"9";"l";"Non";"Non"
2022;"97418";"2060050";"4";"l";"Non";"Non"
2022;"97418";"2060084";"206";"kg";"Non";"Non"
2022;"97418";"2060085";"1";"l";"Non";"Non"
2022;"97418";"2060088";"65";"l";"Non";"Non"
2022;"97418";"2060098";"46.6";"l";"Non";"Non"
2022;"97418";"2060113";"1.25";"l";"Non";"Non"
2022;"97418";"2060130";"2";"l";"Non";"Non"
2022;"97418";"2060194";"12";"kg";"Non";"Non"
2022;"97418";"2070185";"30";"l";"Non";"Non"
2022;"97418";"2080060";"3";"l";"Non";"Non"
2022;"97418";"2080098";"17";"l";"Non";"Non"
2022;"97418";"2080102";"5";"l";"Non";"Non"
2022;"97418";"2080114";"700";"l";"Non";"Non"
2022;"97418";"2080129";"18";"l";"Non";"Non"
2022;"97418";"2080136";"1";"kg";"Non";"Non"
2022;"97418";"2090063";"4.8";"kg";"Non";"Non"
2022;"97418";"2090093";"160";"l";"Non";"Non"
2022;"97418";"2090127";"80";"l";"Non";"Non"
2022;"97418";"2090136";"380";"l";"Non";"Non"
2022;"97418";"2100026";"179";"l";"Non";"Non"
2022;"97418";"2100028";"25";"l";"Non";"Non"
2022;"97418";"2100122";"23.7";"kg";"Non";"Non"
2022;"97418";"2100206";"220";"l";"Non";"Non"
2022;"97418";"2100231";"59";"kg";"Non";"Non"
2022;"97418";"2110011";"30";"l";"Non";"Non"
2022;"97418";"2110012";"104";"l";"Non";"Non"
2022;"97418";"2110073";"9.75";"l";"Non";"Non"
2022;"97418";"2110086";"53";"l";"Non";"Non"
2022;"97418";"2110101";"219";"l";"Non";"Non"
2022;"97418";"2110115";"556";"l";"Non";"Non"
2022;"97418";"2110141";"110";"l";"Non";"Non"
2022;"97418";"2110143";"78";"l";"Non";"Non"
2022;"97418";"2110150";"0.4";"l";"Oui";"Non"
2022;"97418";"2110180";"0.1";"kg";"Oui";"Non"
2022;"97418";"2120048";"508";"l";"Non";"Non"
2022;"97418";"2120067";"79";"kg";"Non";"Non"
2022;"97418";"2120087";"1";"kg";"Non";"Non"
2022;"97418";"2120143";"380";"l";"Non";"Non"
2022;"97418";"2120209";"145";"kg";"Non";"Non"
2022;"97418";"2130059";"5";"l";"Non";"Non"
2022;"97418";"2130075";"215";"kg";"Non";"Non"
2022;"97418";"2130115";"12.32";"kg";"Non";"Non"
2022;"97418";"2130152";"11";"l";"Non";"Non"
2022;"97421";"8800395";"20";"l";"Non";"Non"
2022;"97421";"8800841";"6.0";"l";"Non";"Non"
2022;"97421";"8900681";"20";"l";"Non";"Non"
2022;"97421";"9000361";"0.8";"kg";"Non";"Non"
2022;"97421";"9100296";"425";"l";"Non";"Non"
2022;"97421";"9200159";"1";"l";"Non";"Non"
2022;"97421";"9200215";"32.5";"kg";"Non";"Non"
2022;"97421";"9300504";"30";"l";"Non";"Non"
2022;"97421";"9500432";"2";"l";"Non";"Non"
2022;"97421";"9500568";"3";"kg";"Non";"Non"
2022;"97421";"9500628";"12";"kg";"Non";"Non"
2022;"97421";"9700332";"25";"l";"Non";"Non"
2022;"97421";"9800144";"0.25";"kg";"Non";"Non"
2022;"97421";"9800182";"10";"l";"Non";"Non"
2022;"97421";"9800219";"30";"l";"Non";"Non"
2022;"97421";"9800244";"1.5";"kg";"Non";"Non"
2022;"97421";"9800336";"28.5";"l";"Non";"Non"
2022;"97421";"9800484";"3";"l";"Non";"Non"
2022;"97421";"9900037";"0.25";"kg";"Non";"Non"
2022;"97421";"9900047";"11";"l";"Non";"Non"
2022;"97421";"9900227";"5";"l";"Non";"Non"
2022;"97421";"9900257";"2.4";"kg";"Oui";"Non"
2022;"97422";"2000044";"21";"l";"Non";"Non"
2022;"97422";"2000125";"0.5";"kg";"Oui";"Non"
2022;"97422";"2000202";"80";"l";"Non";"Non"
2022;"97422";"2010023";"7";"l";"Non";"Non"
2022;"97422";"2010282";"1";"l";"Non";"Non"
2022;"97422";"2030404";"70";"l";"Non";"Non"
2022;"97422";"2060088";"270";"l";"Non";"Non"
2022;"97422";"2060098";"2.8";"l";"Non";"Non"
2022;"97422";"2080060";"1";"l";"Non";"Non"
2022;"97422";"2080098";"1";"l";"Non";"Non"
2022;"97422";"2090063";"2";"kg";"Non";"Non"
2022;"97422";"2090127";"20";"l";"Non";"Non"
2022;"97422";"2090199";"0.25";"l";"Oui";"Non"
2022;"97422";"2100026";"10";"l";"Non";"Non"
2022;"97422";"2100028";"15";"l";"Non";"Non"
2022;"97422";"2100122";"1.2";"kg";"Non";"Non"
2022;"97422";"2100206";"25";"l";"Non";"Non"
2022;"97422";"2100231";"5";"kg";"Non";"Non"
2022;"97422";"2110012";"6";"l";"Non";"Non"
2022;"97422";"2110086";"3";"l";"Non";"Non"
2022;"97422";"2110111";"40";"l";"Non";"Non"
2022;"97422";"2110115";"3";"l";"Non";"Non"
2022;"97422";"2110143";"49";"l";"Non";"Non"
2022;"97422";"2110180";"0.2";"kg";"Oui";"Non"
2022;"97422";"2120048";"12";"l";"Non";"Non"
2022;"97422";"2130115";"1.76";"kg";"Non";"Non"
2022;"97422";"2140085";"12";"l";"Non";"Non"
2022;"97422";"2140121";"0.91";"l";"Oui";"Non"
2022;"97422";"2140165";"79";"kg";"Non";"Non"
2022;"97422";"2140201";"3";"l";"Non";"Non"
2022;"97422";"2150140";"110";"l";"Non";"Non"
2022;"97422";"2150790";"4.5";"kg";"Oui";"Non"
2022;"97422";"2150919";"17.25";"l";"Non";"Non"
2022;"97422";"2160226";"10";"kg";"Non";"Non"
2022;"97422";"2160527";"1";"l";"Non";"Non"
2022;"97422";"2160842";"5";"kg";"Non";"Non"
2022;"97422";"2210895";"0.1";"l";"Oui";"Non"
2022;"97422";"7500716";"35";"kg";"Non";"Non"
2022;"97422";"7600008";"6";"l";"Non";"Non"
2022;"97422";"8100006";"9";"l";"Non";"Non"
2022;"97422";"8300025";"1";"l";"Non";"Non"
2022;"97422";"8400096";"4";"l";"Non";"Non"
2022;"97422";"8400600";"44";"l";"Non";"Non"
2022;"97422";"8500174";"5";"l";"Non";"Non"
2022;"97422";"8800841";"0.5";"l";"Non";"Non"
2022;"97422";"8900681";"65";"l";"Non";"Non"
2022;"97422";"9100296";"180";"l";"Non";"Non"
2022;"97422";"9200215";"10";"kg";"Non";"Non"
2022;"97422";"9500432";"9";"l";"Non";"Non"
2022;"97422";"9500628";"3";"kg";"Non";"Non"
2022;"97422";"9600025";"1";"kg";"Non";"Non"
2022;"97422";"9700332";"3";"l";"Non";"Non"
2022;"97422";"9800144";"0.26";"kg";"Non";"Non"
2022;"97422";"9800219";"5";"l";"Non";"Non"
2022;"97422";"9800336";"4";"l";"Non";"Non"
2022;"97423";"2000125";"3.1";"kg";"Oui";"Non"
2022;"97423";"2010023";"6";"l";"Non";"Non"
2022;"97423";"2010282";"5";"l";"Non";"Non"
2022;"97423";"2020241";"0.5";"kg";"Non";"Non"
2022;"97423";"2060098";"2.1";"l";"Non";"Non"
2022;"97423";"2080129";"10";"l";"Non";"Non"
2022;"97423";"2100026";"7";"l";"Non";"Non"
2022;"97423";"2100028";"30";"l";"Non";"Non"
2022;"97423";"2100231";"1";"kg";"Non";"Non"
2022;"97423";"2110101";"10";"l";"Non";"Non"
2022;"97423";"2110111";"20";"l";"Non";"Non"
2022;"97423";"2110115";"25";"l";"Non";"Non"
2022;"97423";"2110141";"5";"l";"Non";"Non"
2022;"97423";"2110143";"6";"l";"Non";"Non"
2022;"97423";"2120048";"26";"l";"Non";"Non"
2022;"97423";"2130059";"1";"l";"Non";"Non"
2022;"97423";"2130075";"10";"kg";"Non";"Non"
2022;"97423";"2140085";"2";"l";"Non";"Non"
2022;"97423";"2140121";"7.05";"l";"Oui";"Non"
2022;"97423";"2140165";"3";"kg";"Non";"Non"
2022;"97423";"2140201";"3";"l";"Non";"Non"
2022;"97423";"2150140";"45";"l";"Non";"Non"
2022;"97423";"2150417";"0.09";"l";"Oui";"Non"
2022;"97423";"2150790";"8.7";"kg";"Oui";"Non"
2022;"97423";"2150919";"1";"l";"Non";"Non"
2022;"97423";"2160226";"20";"kg";"Non";"Non"
2022;"97423";"2190760";"0.6";"kg";"Oui";"Non"
2022;"97423";"7700216";"10";"l";"Non";"Non"
2022;"97423";"8800841";"1.0";"l";"Non";"Non"
2022;"97423";"9000361";"1.6";"kg";"Non";"Non"
2022;"97423";"9100296";"30";"l";"Non";"Non"
2022;"97423";"9500628";"3";"kg";"Non";"Non"
2022;"97423";"9800336";"2";"l";"Non";"Non"
2022;"97424";"2000003";"15";"l";"Non";"Non"
2022;"97424";"2000044";"5";"l";"Non";"Non"
2022;"97424";"2000125";"4.9";"kg";"Oui";"Non"
2022;"97424";"2000202";"10";"l";"Non";"Non"
2022;"97424";"2000316";"1";"l";"Non";"Non"
2022;"97424";"2000327";"5";"l";"Non";"Non"
2022;"97424";"2000517";"43";"l";"Non";"Non"
2022;"97424";"2010023";"206";"l";"Non";"Non"
2022;"97424";"2010282";"50";"l";"Non";"Non"
2022;"97424";"2020474";"5";"l";"Non";"Non"
2022;"97424";"2030404";"170";"l";"Non";"Non"
2022;"97424";"2050046";"3";"kg";"Non";"Non"
2022;"97424";"2060002";"2";"l";"Non";"Non"
2022;"97424";"2060050";"7";"l";"Non";"Non"
2022;"97424";"2060084";"28";"kg";"Non";"Non"
2022;"97424";"2060085";"7";"l";"Non";"Non"
2022;"97424";"2060088";"585";"l";"Non";"Non"
2022;"97424";"2060098";"16.6";"l";"Non";"Non"
2022;"97424";"2060113";"0.75";"l";"Non";"Non"
2022;"97424";"2060130";"17";"l";"Non";"Non"
2022;"97424";"2080060";"14";"l";"Non";"Non"
2022;"97424";"2080098";"20";"l";"Non";"Non"
2022;"97424";"2080114";"10";"l";"Non";"Non"
2022;"97424";"2080129";"3";"l";"Non";"Non"
2022;"97424";"2080136";"3";"kg";"Non";"Non"
2022;"97424";"2090063";"1.8";"kg";"Non";"Non"
2022;"97424";"2090127";"25";"l";"Non";"Non"
2022;"97424";"2090199";"0.25";"l";"Oui";"Non"
2022;"97424";"2100026";"25";"l";"Non";"Non"
2022;"97424";"2100028";"45";"l";"Non";"Non"
2022;"97424";"2100111";"15";"l";"Non";"Non"
2022;"97424";"2100122";"6.7";"kg";"Non";"Non"
2022;"97424";"2100206";"15";"l";"Non";"Non"
2022;"97424";"2100231";"8";"kg";"Non";"Non"
2022;"97424";"2110012";"28";"l";"Non";"Non"
2022;"97424";"2110073";"8.0";"l";"Non";"Non"
2022;"97424";"2110086";"48";"l";"Non";"Non"
2022;"97424";"2110101";"31";"l";"Non";"Non"
2022;"97424";"2110115";"77";"l";"Non";"Non"
2022;"97424";"2110143";"56";"l";"Non";"Non"
2022;"97424";"2110150";"0.4";"l";"Oui";"Non"
2022;"97424";"2120048";"316";"l";"Non";"Non"
2022;"97424";"2120067";"37";"kg";"Non";"Non"
2022;"97424";"2120143";"220";"l";"Non";"Non"
2022;"97424";"2130059";"18";"l";"Non";"Non"
2022;"97424";"2130075";"95";"kg";"Non";"Non"
2022;"97424";"2130153";"0.9";"l";"Oui";"Non"
2022;"97424";"2130212";"5";"kg";"Non";"Non"
2022;"97424";"2130244";"30";"l";"Non";"Non"
2022;"97424";"2130251";"10";"l";"Non";"Non"
2022;"97424";"2130253";"240";"l";"Non";"Non"
2022;"97424";"2140085";"30";"l";"Non";"Non"
2022;"97424";"2140121";"4.32";"l";"Oui";"Non"
2022;"97424";"2140147";"2";"l";"Non";"Non"
2022;"97424";"2140165";"106";"kg";"Non";"Non"
2022;"97424";"2140201";"26";"l";"Non";"Non"
2022;"97424";"2150140";"700";"l";"Non";"Non"
2022;"97424";"2150790";"4.95";"kg";"Oui";"Non"
2022;"97424";"2150919";"191";"l";"Non";"Non"
2022;"97424";"2160272";"0.5";"l";"Non";"Non"
2022;"97424";"2160494";"2";"kg";"Non";"Non"
2022;"97424";"2160527";"21";"l";"Non";"Non"
2022;"97424";"2160781";"5";"l";"Non";"Non"
2022;"97424";"2160842";"7";"kg";"Non";"Non"
2022;"97424";"2169999";"2";"l";"Non";"Non"
2022;"97424";"2180735";"135";"l";"Non";"Non"
2022;"97427";"2110115";"56";"l";"Non";"Non"
2022;"97427";"2110150";"0.4";"l";"Oui";"Non"
2022;"97427";"2110180";"0.1";"kg";"Oui";"Non"
2022;"97427";"2120048";"53";"l";"Non";"Non"
2022;"97427";"2120067";"7";"kg";"Non";"Non"
2022;"97427";"2120143";"80";"l";"Non";"Non"
2022;"97427";"2120209";"15";"kg";"Non";"Non"
2022;"97427";"2130059";"1";"l";"Non";"Non"
2022;"97427";"2130075";"20";"kg";"Non";"Non"
2022;"97427";"2130079";"0.5";"l";"Non";"Non"
2022;"97427";"2130115";"8.8";"kg";"Non";"Non"
2022;"97427";"2130152";"1";"l";"Non";"Non"
2022;"97427";"2130244";"10";"l";"Non";"Non"
2022;"97427";"2130251";"5";"l";"Non";"Non"
2022;"97427";"2140085";"24";"l";"Non";"Non"
2022;"97427";"2140121";"10.69";"l";"Oui";"Non"
2022;"97427";"2140165";"7";"kg";"Non";"Non"
2022;"97427";"2140201";"18";"l";"Non";"Non"
2022;"97427";"2150140";"485";"l";"Non";"Non"
2022;"97427";"2150417";"0.42";"l";"Oui";"Non"
2022;"97427";"2150790";"59.4";"kg";"Oui";"Non"
2022;"97427";"2150919";"12";"l";"Non";"Non"
2022;"97427";"2160115";"3";"l";"Oui";"Non"
2022;"97427";"2160272";"0.5";"l";"Non";"Non"
2022;"97427";"2160494";"5";"kg";"Non";"Non"
2022;"97427";"2160527";"1";"l";"Non";"Non"
2022;"97427";"2160842";"6";"kg";"Non";"Non"
2022;"97427";"2160962";"1";"l";"Non";"Non"
2022;"97427";"2180123";"3";"l";"Non";"Non"
2022;"97427";"2190148";"1";"l";"Non";"Non"
2022;"97427";"2190173";"36";"kg";"Non";"Non"
2022;"97427";"2190760";"2.8";"kg";"Oui";"Non"
2022;"97427";"2200059";"0.2";"l";"Oui";"Non"
2022;"97427";"2210895";"0.2";"l";"Oui";"Non"
2022;"97427";"7500716";"135";"kg";"Non";"Non"
2022;"97427";"7600008";"3";"l";"Non";"Non"
2022;"97427";"8300025";"4";"l";"Non";"Non"
2022;"97427";"8400096";"1";"l";"Non";"Non"
2022;"97427";"8400528";"1";"l";"Non";"Non"
2022;"97427";"8400600";"19";"l";"Non";"Non"
2022;"97427";"8500174";"28.5";"l";"Non";"Non"
2022;"97427";"8800395";"5";"l";"Non";"Non"
2022;"97427";"8800841";"23.0";"l";"Non";"Non"
2022;"97427";"8900564";"1";"l";"Non";"Non"
2022;"97427";"8900681";"15";"l";"Non";"Non"
2022;"97427";"9000361";"1.6";"kg";"Non";"Non"
2022;"97427";"9100296";"245";"l";"Non";"Non"
2022;"97427";"9200215";"15.0";"kg";"Non";"Non"
2022;"97427";"9400462";"0.23";"kg";"Non";"Non"
2022;"97427";"9400463";"5";"l";"Non";"Non"
2022;"97427";"9500568";"3";"kg";"Non";"Non"
2022;"97427";"9500628";"3";"kg";"Non";"Non"
2022;"97427";"9600199";"10";"kg";"Non";"Non"
2022;"97427";"9700332";"33";"l";"Non";"Non"
2022;"97427";"9800144";"0.38";"kg";"Non";"Non"
2022;"97427";"9800219";"5";"l";"Non";"Non"
2022;"97427";"9800336";"48.25";"l";"Non";"Non"
2022;"97427";"9800484";"4";"l";"Non";"Non"
2022;"97427";"9900047";"8";"l";"Non";"Non"
2022;"97427";"9900227";"93";"l";"Non";"Non"
2022;"97427";"9900257";"0.8";"kg";"Oui";"Non"
2022;"97429";"2000003";"10";"l";"Non";"Non"
2022;"97429";"2000044";"40";"l";"Non";"Non"
2022;"97429";"2000125";"1.4";"kg";"Oui";"Non"
2022;"97429";"2000202";"20";"l";"Non";"Non"
2022;"97429";"2000316";"1";"l";"Non";"Non"
2022;"97429";"2000327";"1";"l";"Non";"Non"
2022;"97429";"2000517";"15";"l";"Non";"Non"
2022;"97429";"2010023";"41";"l";"Non";"Non"
2022;"97429";"2010130";"10";"kg";"Non";"Non"
2022;"97429";"2010282";"40";"l";"Non";"Non"
2022;"97429";"2030404";"60";"l";"Non";"Non"
2022;"97429";"2050046";"0.5";"kg";"Non";"Non"
2022;"97429";"2060084";"10";"kg";"Non";"Non"
2022;"97429";"2060085";"2";"l";"Non";"Non"
2022;"97429";"2060088";"530";"l";"Non";"Non"
2022;"97429";"2060098";"8.6";"l";"Non";"Non"
2022;"97429";"2060113";"0.25";"l";"Non";"Non"
2022;"97429";"2060130";"1";"l";"Non";"Non"
2022;"97429";"2060194";"12";"kg";"Non";"Non"
2022;"97429";"2080060";"2";"l";"Non";"Non"
2022;"97429";"2080098";"3";"l";"Non";"Non"
2022;"97429";"2080102";"10";"l";"Non";"Non"
2022;"97429";"2080114";"10";"l";"Non";"Non"
2022;"97429";"2090037";"1";"kg";"Non";"Non"
2022;"97429";"2090063";"2.8";"kg";"Non";"Non"
2022;"97429";"2090093";"5";"l";"Non";"Non"
2022;"97429";"2090127";"15";"l";"Non";"Non"
2022;"97429";"2090136";"10";"l";"Non";"Non"
2022;"97429";"2090199";"0.5";"l";"Oui";"Non"
2022;"97429";"2100026";"19";"l";"Non";"Non"
2022;"97429";"2100028";"85";"l";"Non";"Non"
2022;"97429";"2100111";"5";"l";"Non";"Non"
2022;"97429";"2100122";"0.9";"kg";"Non";"Non"
2022;"97429";"2100206";"30";"l";"Non";"Non"
2022;"97429";"2100231";"8";"kg";"Non";"Non"
2022;"97429";"2110012";"23";"l";"Non";"Non"
2022;"97429";"2110086";"16";"l";"Non";"Non"
2022;"97429";"2110101";"31";"l";"Non";"Non"
2022;"97429";"2110111";"40";"l";"Non";"Non"
2022;"97429";"2110115";"59";"l";"Non";"Non"
2022;"97429";"2110141";"5";"l";"Non";"Non"
2022;"97429";"2110143";"33";"l";"Non";"Non"
2022;"97429";"2120048";"324";"l";"Non";"Non"
2022;"97429";"2120067";"2";"kg";"Non";"Non"
2022;"97429";"2120143";"120";"l";"Non";"Non"
2022;"97429";"2120209";"10";"kg";"Non";"Non"
2022;"97429";"2130059";"3";"l";"Non";"Non"
2022;"97429";"2130075";"15";"kg";"Non";"Non"
2022;"97429";"2130115";"7.04";"kg";"Non";"Non"
2022;"97429";"2130212";"10";"kg";"Non";"Non"
2022;"97429";"2130251";"2";"l";"Non";"Non"
2022;"97429";"2130253";"241";"l";"Non";"Non"
2022;"97429";"2140085";"43";"l";"Non";"Non"
2022;"97429";"2140165";"62";"kg";"Non";"Non"
2022;"97429";"2140201";"8";"l";"Non";"Non"
2022;"97429";"2150140";"765";"l";"Non";"Non"
2022;"97429";"2150417";"0.12";"l";"Oui";"Non"
2022;"97429";"2150790";"25.85";"kg";"Oui";"Non"
2022;"97429";"2150919";"19";"l";"Non";"Non"
2022;"97429";"2160272";"0.25";"l";"Non";"Non"
2022;"97429";"2160842";"4";"kg";"Non";"Non"
2022;"97429";"2180735";"5";"l";"Non";"Non"
2022;"97429";"2190173";"18";"kg";"Non";"Non"
2022;"97429";"2200059";"0.1";"l";"Oui";"Non"
2022;"97429";"2210895";"0.1";"l";"Oui";"Non"
2022;"97429";"7500716";"55";"kg";"Non";"Non"
2022;"97429";"8300025";"3";"l";"Non";"Non"
2022;"97429";"8400096";"1";"l";"Non";"Non"
2022;"97429";"8400528";"4";"l";"Non";"Non"
2022;"97429";"8400600";"64";"l";"Non";"Non"
2022;"97429";"8500174";"22.5";"l";"Non";"Non"
2022;"97429";"8600243";"30";"l";"Non";"Non"
2022;"97429";"8800029";"5";"l";"Non";"Non"
2022;"97429";"8800395";"10";"l";"Non";"Non"
2022;"97429";"8800841";"2.5";"l";"Non";"Non"
2022;"97429";"8900564";"5";"l";"Non";"Non"
2022;"97429";"8900681";"70";"l";"Non";"Non"
2022;"97429";"9000753";"5";"kg";"Non";"Non"
2022;"97429";"9100296";"580";"l";"Non";"Non"
2022;"97429";"9200073";"0.6";"kg";"Non";"Non"
2022;"97429";"9200159";"22";"l";"Non";"Non"
2022;"97429";"9200215";"27.5";"kg";"Non";"Non"
2022;"97429";"9400463";"5";"l";"Non";"Non"
2022;"97429";"9500432";"11";"l";"Non";"Non"
2022;"97429";"9500568";"5";"kg";"Non";"Non"
2022;"97429";"9500628";"3";"kg";"Non";"Non"
2022;"97429";"9700332";"30";"l";"Non";"Non"
2022;"97429";"9700401";"10";"kg";"Non";"Non"
2022;"97429";"9800144";"2.89";"kg";"Non";"Non"
2022;"97429";"9800182";"5";"l";"Non";"Non"
2022;"97429";"9800219";"5";"l";"Non";"Non"
2022;"97429";"9800244";"1.5";"kg";"Non";"Non"
2022;"97429";"9800336";"23.25";"l";"Non";"Non"
2022;"97429";"9800484";"2";"l";"Non";"Non"
2022;"97429";"9900047";"25";"l";"Non";"Non"
2022;"97429";"9900227";"50";"l";"Non";"Non"
2022;"97430";"2000003";"70";"l";"Non";"Non"
2022;"97430";"2000018";"40";"kg";"Non";"Non"
2022;"97430";"2000044";"280";"l";"Non";"Non"
2022;"97430";"2000125";"242.5";"kg";"Oui";"Non"
2022;"97430";"2000202";"375";"l";"Non";"Non"
2022;"97430";"2000299";"1";"l";"Non";"Non"
2022;"97430";"2000316";"6";"l";"Non";"Non"
2022;"97430";"2000327";"5";"l";"Non";"Non"
2022;"97430";"2000517";"168";"l";"Non";"Non"
2022;"97430";"2010023";"237";"l";"Non";"Non"
2022;"97430";"2010130";"10";"kg";"Non";"Non"
2022;"97430";"2010282";"414";"l";"Non";"Non"
2022;"97430";"2020241";"9";"kg";"Non";"Non"
2022;"97430";"2020474";"35";"l";"Non";"Non"
2022;"97430";"2030255";"25";"l";"Non";"Non"
2022;"97430";"2030404";"10";"l";"Non";"Non"
2022;"97430";"2050046";"5";"kg";"Non";"Non"
2022;"97430";"2060002";"4";"l";"Non";"Non"
2022;"97430";"2060050";"7";"l";"Non";"Non"
2022;"97432";"2110115";"19";"l";"Non";"Non"
2022;"97432";"2110143";"27";"l";"Non";"Non"
2022;"97432";"2110150";"1.2";"l";"Oui";"Non"
2022;"97432";"2110180";"0.12";"kg";"Oui";"Non"
2022;"97432";"2120048";"67";"l";"Non";"Non"
2022;"97432";"2120067";"5";"kg";"Non";"Non"
2022;"97432";"2120143";"60";"l";"Non";"Non"
2022;"97432";"2130075";"35";"kg";"Non";"Non"
2022;"97432";"2130153";"0.9";"l";"Oui";"Non"
2022;"97432";"2130244";"10";"l";"Non";"Non"
2022;"97432";"2130251";"5";"l";"Non";"Non"
2022;"97432";"2130253";"30";"l";"Non";"Non"
2022;"97432";"2140085";"35";"l";"Non";"Non"
2022;"97432";"2140121";"10.01";"l";"Oui";"Non"
2022;"97432";"2140147";"1";"l";"Non";"Non"
2022;"97432";"2140165";"31";"kg";"Non";"Non"
2022;"97432";"2140201";"23";"l";"Non";"Non"
2022;"97432";"2150140";"585";"l";"Non";"Non"
2022;"97432";"2150417";"0.15";"l";"Oui";"Non"
2022;"97432";"2150790";"20.85";"kg";"Oui";"Non"
2022;"97432";"2150919";"39";"l";"Non";"Non"
2022;"97432";"2160115";"24";"l";"Oui";"Non"
2022;"97432";"2160226";"10";"kg";"Non";"Non"
2022;"97432";"2160272";"0.25";"l";"Non";"Non"
2022;"97432";"2160842";"1";"kg";"Non";"Non"
2022;"97432";"2160962";"6";"l";"Non";"Non"
2022;"97432";"2190148";"3";"l";"Non";"Non"
2022;"97432";"2190760";"0.6";"kg";"Oui";"Non"
2022;"97432";"2200059";"0.2";"l";"Oui";"Non"
2022;"97432";"2210895";"0.35";"l";"Oui";"Non"
2022;"97432";"7500716";"25";"kg";"Non";"Non"
2022;"97432";"7600008";"1";"l";"Non";"Non"
2022;"97432";"8100006";"12";"l";"Non";"Non"
2022;"97432";"8300025";"5";"l";"Non";"Non"
2022;"97432";"8400096";"14";"l";"Non";"Non"
2022;"97432";"8400600";"58";"l";"Non";"Non"
2022;"97432";"8500174";"51.25";"l";"Non";"Non"
2022;"97432";"8800395";"5";"l";"Non";"Non"
2022;"97432";"8800841";"6.0";"l";"Non";"Non"
2022;"97432";"8900681";"45";"l";"Non";"Non"
2022;"97432";"9000361";"0.8";"kg";"Non";"Non"
2022;"97432";"9100296";"450";"l";"Non";"Non"
2022;"97432";"9200159";"4";"l";"Non";"Non"
2022;"97432";"9200215";"15.0";"kg";"Non";"Non"
2022;"97432";"9300504";"5";"l";"Non";"Non"
2022;"97432";"9500199";"1";"l";"Non";"Non"
2022;"97432";"9500341";"0.75";"kg";"Oui";"Non"
2022;"97432";"9500568";"3";"kg";"Non";"Non"
2022;"97432";"9500628";"24";"kg";"Non";"Non"
2022;"97432";"9700332";"42";"l";"Non";"Non"
2022;"97432";"9800144";"0.25";"kg";"Non";"Non"
2022;"97432";"9800219";"10";"l";"Non";"Non"
2022;"97432";"9800244";"1.5";"kg";"Non";"Non"
2022;"97432";"9800336";"60.25";"l";"Non";"Non"
2022;"97432";"9800484";"1";"l";"Non";"Non"
2022;"97432";"9900037";"0.25";"kg";"Non";"Non"
2022;"97432";"9900047";"66";"l";"Non";"Non"
2022;"97432";"9900227";"20";"l";"Non";"Non"
2022;"97432";"9900257";"1.6";"kg";"Oui";"Non"
2022;"97433";"2000003";"10";"l";"Non";"Non"
2022;"97433";"2000044";"68";"l";"Non";"Non"
2022;"97433";"2000125";"0.7";"kg";"Oui";"Non"
2022;"97433";"2000202";"70";"l";"Non";"Non"
2022;"97433";"2000299";"3";"l";"Non";"Non"
2022;"97433";"2000327";"7";"l";"Non";"Non"
2022;"97433";"2010023";"65";"l";"Non";"Non"
2022;"97433";"2010282";"177";"l";"Non";"Non"
2022;"97433";"2030404";"20";"l";"Non";"Non"
2022;"97433";"2060002";"1";"l";"Non";"Non"
2022;"97433";"2060050";"1";"l";"Non";"Non"
2022;"97433";"2060084";"71";"kg";"Non";"Non"
2022;"97433";"2060088";"60";"l";"Non";"Non"
2022;"97433";"2060098";"7.4";"l";"Non";"Non"
2022;"97433";"2060130";"14";"l";"Non";"Non"
2022;"97433";"2080060";"1";"l";"Non";"Non"
2022;"97433";"2080098";"13";"l";"Non";"Non"
2022;"97433";"2080102";"21";"l";"Non";"Non"
2022;"97433";"2080136";"1";"kg";"Non";"Non"
2022;"97433";"2090063";"6";"kg";"Non";"Non"
2022;"97433";"2090093";"60";"l";"Non";"Non"
2022;"97433";"2090119";"25";"l";"Non";"Non"
2022;"97433";"2090127";"5";"l";"Non";"Non"
2022;"97433";"2100026";"201";"l";"Non";"Non"
2022;"97433";"2100028";"5";"l";"Non";"Non"
2022;"97433";"2100122";"6.3";"kg";"Non";"Non"
2022;"97433";"2100206";"1080";"l";"Non";"Non"
2022;"97433";"2100231";"16";"kg";"Non";"Non"
2022;"97433";"2110012";"26";"l";"Non";"Non"
2022;"97433";"2110073";"0.5";"l";"Non";"Non"
2022;"97433";"2110086";"8";"l";"Non";"Non"
2022;"97433";"2110101";"10";"l";"Non";"Non"
2022;"97433";"2110115";"132";"l";"Non";"Non"
2022;"97433";"2110143";"7";"l";"Non";"Non"
2022;"97433";"2120048";"60";"l";"Non";"Non"
2022;"97433";"2120067";"1";"kg";"Non";"Non"
2022;"97433";"2120143";"20";"l";"Non";"Non"
2022;"97433";"2120209";"10";"kg";"Non";"Non"
2022;"97433";"2130244";"5";"l";"Non";"Non"
2022;"97433";"2130253";"30";"l";"Non";"Non"
2022;"97433";"2140085";"38";"l";"Non";"Non"
2022;"97433";"2140121";"2.5";"l";"Oui";"Non"
2022;"97433";"2140165";"6";"kg";"Non";"Non"
2022;"97433";"2140201";"3";"l";"Non";"Non"
2022;"97433";"2150140";"1380";"l";"Non";"Non"
2022;"97433";"2150277";"2";"l";"Non";"Non"
2022;"97433";"2150790";"3.2";"kg";"Oui";"Non"
2022;"97433";"2150919";"69";"l";"Non";"Non"
2022;"97433";"2160842";"1";"kg";"Non";"Non"
2022;"97433";"7500716";"20";"kg";"Non";"Non"
2022;"97433";"8300025";"2";"l";"Non";"Non"
2022;"97433";"8400600";"1";"l";"Non";"Non"
2022;"97433";"8500174";"23.5";"l";"Non";"Non"
2022;"97433";"8800395";"25";"l";"Non";"Non"
2022;"97433";"8800841";"6";"l";"Non";"Non"
2022;"97433";"8900564";"5";"l";"Non";"Non"
2022;"97433";"8900681";"70";"l";"Non";"Non"
2022;"97433";"9000490";"10";"l";"Non";"Non"
2022;"97433";"9100296";"200";"l";"Non";"Non"
2022;"97433";"9200159";"15";"l";"Non";"Non"
2022;"97433";"9200215";"7.5";"kg";"Non";"Non"
2022;"97433";"9400052";"1";"l";"Non";"Non"
2022;"97433";"9500568";"13";"kg";"Non";"Non"
2022;"97433";"9700332";"47";"l";"Non";"Non"
2022;"97433";"9800144";"4.75";"kg";"Non";"Non"
2022;"97433";"9800182";"5";"l";"Non";"Non"
2022;"97433";"9800219";"5";"l";"Non";"Non"
2022;"97433";"9800336";"47.25";"l";"Non";"Non"
2022;"97433";"9900037";"0.25";"kg";"Non";"Non"
2022;"97433";"9900227";"25";"l";"Non";"Non"
2022;"97433";"9900257";"11";"kg";"Oui";"Non"
2022;"97434";"2000044";"15";"l";"Non";"Non"
2022;"97434";"2000125";"1.7";"kg";"Oui";"Non"
2022;"97434";"2010023";"4";"l";"Non";"Non"
2022;"97434";"2010130";"40";"kg";"Non";"Non"
2022;"97434";"2010282";"16";"l";"Non";"Non"
2022;"97434";"2060002";"1";"l";"Non";"Non"
2022;"97434";"2060050";"1";"l";"Non";"Non"
2022;"97434";"2060088";"55";"l";"Non";"Non"
2022;"97434";"2060098";"6.5";"l";"Non";"Non"
2022;"97434";"2060130";"56";"l";"Non";"Non"
2022;"97434";"2080102";"15";"l";"Non";"Non"
2022;"97434";"2090063";"3";"kg";"Non";"Non"
2022;"97434";"2090127";"15";"l";"Non";"Non"
2022;"97434";"2090199";"0.25";"l";"Oui";"Non"
2022;"97434";"2100026";"15";"l";"Non";"Non"
2022;"97434";"2100028";"35";"l";"Non";"Non"
2022;"97434";"2100206";"5";"l";"Non";"Non"
2022;"97434";"2100231";"7";"kg";"Non";"Non"
2022;"97434";"2110086";"97";"l";"Non";"Non"
2022;"97434";"2110111";"30";"l";"Non";"Non"
2022;"97434";"2110115";"6";"l";"Non";"Non"
2022;"97434";"2110143";"61";"l";"Non";"Non"
2022;"97434";"2110150";"0.4";"l";"Oui";"Non"
2022;"97434";"2120048";"22";"l";"Non";"Non"
2022;"97434";"2120067";"6";"kg";"Non";"Non"
2022;"97434";"2120143";"160";"l";"Non";"Non"
2022;"97434";"2120209";"5";"kg";"Non";"Non"
2022;"97434";"2130059";"3";"l";"Non";"Non"
2022;"97434";"2130115";"3.52";"kg";"Non";"Non"
2022;"97434";"2130152";"3";"l";"Non";"Non"
2022;"97434";"2130251";"1";"l";"Non";"Non"
2022;"97434";"2130253";"45";"l";"Non";"Non"
2022;"97434";"2140085";"14";"l";"Non";"Non"
2022;"97434";"2140121";"3.41";"l";"Oui";"Non"
2022;"97434";"2140165";"2";"kg";"Non";"Non"
2022;"97434";"2150140";"280";"l";"Non";"Non"
2022;"97434";"2150417";"0.15";"l";"Oui";"Non"
2022;"97434";"2150790";"5.85";"kg";"Oui";"Non"
2022;"97434";"2150919";"6";"l";"Non";"Non"
2022;"97434";"2160962";"27";"l";"Non";"Non"
2022;"97434";"7500716";"140";"kg";"Non";"Non"
2022;"97434";"8400600";"11";"l";"Non";"Non"
2022;"97434";"8500174";"5";"l";"Non";"Non"
2022;"97434";"8700462";"30";"l";"Non";"Non"
2022;"97434";"8800841";"0.5";"l";"Non";"Non"
2022;"97434";"8900564";"11";"l";"Non";"Non"
2022;"97434";"9100296";"45";"l";"Non";"Non"
2022;"97434";"9200159";"1";"l";"Non";"Non"
2022;"97434";"9200215";"7.5";"kg";"Non";"Non"
2022;"97434";"9500432";"1";"l";"Non";"Non"
2022;"97434";"9500568";"1";"kg";"Non";"Non"
2022;"97434";"9700332";"1";"l";"Non";"Non"
2022;"97434";"9800336";"11";"l";"Non";"Non"
2022;"97434";"9800484";"3";"l";"Non";"Non"
2022;"97434";"9900227";"15";"l";"Non";"Non"
2022;"97434";"9900257";"1.6";"kg";"Oui";"Non"
2022;"97435";"2000125";"2.4";"kg";"Oui";"Non"
2022;"97435";"2000202";"20";"l";"Non";"Non"
2022;"97435";"2000517";"5";"l";"Non";"Non"
2022;"97435";"2010023";"36";"l";"Non";"Non"
2022;"97435";"2010282";"12";"l";"Non";"Non"
2022;"97435";"2020241";"0.5";"kg";"Non";"Non"
2022;"97435";"2050046";"1";"kg";"Non";"Non"
2022;"97435";"2060084";"3";"kg";"Non";"Non"
2022;"97435";"2060085";"6";"l";"Non";"Non"
2022;"97435";"2060088";"170";"l";"Non";"Non"
2022;"97435";"2060098";"2.1";"l";"Non";"Non"
2022;"97435";"2060130";"2";"l";"Non";"Non"
2022;"97435";"2080060";"6";"l";"Non";"Non"
2022;"97435";"2080129";"2";"l";"Non";"Non"
2022;"97435";"2090127";"5";"l";"Non";"Non"
2022;"97435";"2090199";"0.25";"l";"Oui";"Non"
2022;"97435";"2100026";"44";"l";"Non";"Non"
2022;"97435";"2100028";"30";"l";"Non";"Non"
2022;"97435";"2100122";"2.1";"kg";"Non";"Non"
2022;"97435";"2100231";"26";"kg";"Non";"Non"
2022;"97435";"2110012";"8";"l";"Non";"Non"
2022;"97435";"2110115";"15";"l";"Non";"Non"
2022;"97435";"2110143";"18";"l";"Non";"Non"
2022;"97435";"2110150";"0.4";"l";"Oui";"Non"
2022;"97435";"2120048";"122";"l";"Non";"Non"
2022;"97435";"2120067";"1";"kg";"Non";"Non"
2022;"97435";"2120143";"5";"l";"Non";"Non"
2022;"97435";"2130075";"15";"kg";"Non";"Non"
2022;"97435";"2130115";"1.76";"kg";"Non";"Non"
2022;"97435";"2130212";"20";"kg";"Non";"Non"
2022;"97435";"2130253";"90";"l";"Non";"Non"
2022;"97435";"2140085";"26";"l";"Non";"Non"
2022;"97435";"2140121";"13.42";"l";"Oui";"Non"
2022;"97435";"2140165";"22";"kg";"Non";"Non"
2022;"97435";"2140201";"13";"l";"Non";"Non"
2022;"97435";"2150140";"150";"l";"Non";"Non"
2022;"97435";"2150417";"0.18";"l";"Oui";"Non"
2022;"97435";"2150790";"15.05";"kg";"Oui";"Non"
2022;"97435";"2150919";"4";"l";"Non";"Non"
2022;"97435";"2160226";"5";"kg";"Non";"Non"
2022;"97435";"2190148";"1";"l";"Non";"Non"
2022;"97435";"2190760";"0.6";"kg";"Oui";"Non"
2022;"97435";"2210895";"0.6";"l";"Oui";"Non"
2022;"97435";"7500716";"10";"kg";"Non";"Non"
2022;"97435";"8300025";"4";"l";"Non";"Non"
2022;"97435";"8400096";"8";"l";"Non";"Non"
2022;"97435";"8400600";"11";"l";"Non";"Non"
2022;"97435";"8500174";"35";"l";"Non";"Non"
2022;"97435";"8800395";"5";"l";"Non";"Non"
2022;"97435";"8800841";"0.5";"l";"Non";"Non"
2022;"97435";"9100296";"235";"l";"Non";"Non"
2022;"97435";"9200159";"3";"l";"Non";"Non"
2022;"97435";"9200215";"12.5";"kg";"Non";"Non"
2022;"97435";"9700332";"4";"l";"Non";"Non"
2022;"97435";"9800144";"8.13";"kg";"Non";"Non"
2022;"97435";"9800336";"35.25";"l";"Non";"Non"
2022;"97435";"9900047";"35";"l";"Non";"Non"
2022;"97436";"2000044";"1";"l";"Non";"Non"
2022;"97436";"2000202";"5";"l";"Non";"Non"
2022;"97436";"2000316";"1";"l";"Non";"Non"
2022;"97436";"2000517";"12";"l";"Non";"Non"
2022;"97436";"2010023";"63";"l";"Non";"Non"
2022;"97436";"2010282";"24";"l";"Non";"Non"
2022;"97436";"2030404";"50";"l";"Non";"Non"
2022;"97436";"2060084";"4";"kg";"Non";"Non"
2022;"97436";"2060088";"905";"l";"Non";"Non"
2022;"97436";"2060098";"0.9";"l";"Non";"Non"
2022;"97436";"2080060";"22";"l";"Non";"Non"
2022;"97436";"2080098";"2";"l";"Non";"Non"
2022;"97436";"2080129";"1";"l";"Non";"Non"
2022;"97436";"2080136";"3";"kg";"Non";"Non"
2022;"97436";"2090093";"200";"l";"Non";"Non"
2022;"97436";"2090199";"0.5";"l";"Oui";"Non"
2022;"97436";"2100026";"23";"l";"Non";"Non"
2022;"97436";"2100028";"30";"l";"Non";"Non"
2022;"97436";"2100111";"30";"l";"Non";"Non"
2022;"97436";"2100122";"0.9";"kg";"Non";"Non"
2022;"97436";"2100231";"21";"kg";"Non";"Non"
2022;"97436";"2110012";"2";"l";"Non";"Non"
2022;"97436";"2110086";"3";"l";"Non";"Non"
2022;"97436";"2110115";"25";"l";"Non";"Non"
2022;"97436";"2110143";"3";"l";"Non";"Non"
2022;"97436";"2120048";"236";"l";"Non";"Non"
2022;"97436";"2120067";"1";"kg";"Non";"Non"
2022;"97436";"2120143";"480";"l";"Non";"Non"
2022;"97436";"2130075";"40";"kg";"Non";"Non"
2022;"97436";"2130153";"0.9";"l";"Oui";"Non"
2022;"97436";"2130212";"20";"kg";"Non";"Non"
2022;"97436";"2130251";"3";"l";"Non";"Non"
2022;"97436";"2130253";"105";"l";"Non";"Non"
2022;"97436";"2140085";"13";"l";"Non";"Non"
2022;"97436";"2140121";"2.73";"l";"Oui";"Non"
2022;"97436";"2140165";"140";"kg";"Non";"Non"
2022;"97436";"2140201";"2";"l";"Non";"Non"
2022;"97436";"2150140";"255";"l";"Non";"Non"
2022;"97436";"2150417";"0.03";"l";"Oui";"Non"
2022;"97436";"2150790";"4.5";"kg";"Oui";"Non"
2022;"97436";"2150919";"4";"l";"Non";"Non"
2022;"97436";"2160115";"3";"l";"Oui";"Non"
2022;"97436";"2160842";"2";"kg";"Non";"Non"
2022;"97436";"2180735";"20";"l";"Non";"Non"
2022;"97436";"2200059";"0.2";"l";"Oui";"Non"
2022;"97436";"2210895";"0.25";"l";"Oui";"Non"
2022;"97436";"7500716";"45";"kg";"Non";"Non"
2022;"97436";"8400600";"125";"l";"Non";"Non"
2022;"97436";"8500174";"22.75";"l";"Non";"Non"
2022;"97436";"8800841";"15";"l";"Non";"Non"
2022;"97436";"8900681";"15";"l";"Non";"Non"
2022;"97436";"9100296";"985";"l";"Non";"Non"
2022;"97436";"9200215";"25.0";"kg";"Non";"Non"
2022;"97436";"9300504";"5";"l";"Non";"Non"
2022;"97436";"9500628";"6";"kg";"Non";"Non"
2022;"97436";"9600025";"2";"kg";"Non";"Non"
2022;"97436";"9700332";"21";"l";"Non";"Non"
2022;"97436";"9800336";"33.5";"l";"Non";"Non"
2022;"97436";"9900047";"5";"l";"Non";"Non"
2022;"97437";"2000044";"46";"l";"Non";"Non"
2022;"97437";"2000202";"365";"l";"Non";"Non"
2022;"97437";"2000327";"3";"l";"Non";"Non"
2022;"97437";"2000517";"5";"l";"Non";"Non"
2022;"97437";"2000519";"120";"l";"Non";"Non"
2022;"97437";"2010023";"25";"l";"Non";"Non"
2022;"97437";"2010282";"65";"l";"Non";"Non"
2022;"97437";"2030404";"1071";"l";"Non";"Non"
2022;"97437";"2060002";"2";"l";"Non";"Non"
2022;"97437";"2060084";"10";"kg";"Non";"Non"
2022;"97437";"2060088";"1710";"l";"Non";"Non"
2022;"97437";"2060098";"9.1";"l";"Non";"Non"
2022;"97437";"2060113";"0.75";"l";"Non";"Non"
2022;"97437";"2060130";"1";"l";"Non";"Non"
2022;"97437";"2080060";"6";"l";"Non";"Non"
2022;"97437";"2090037";"57";"kg";"Non";"Non"
2022;"97437";"2090063";"1";"kg";"Non";"Non"
2022;"97437";"2090119";"15";"l";"Non";"Non"
2022;"97437";"2090127";"50";"l";"Non";"Non"
2022;"97437";"2100026";"101";"l";"Non";"Non"
2022;"97437";"2100028";"190";"l";"Non";"Non"
2022;"97437";"2100111";"35";"l";"Non";"Non"
2022;"97437";"2100206";"640";"l";"Non";"Non"
2022;"97437";"2100231";"1";"kg";"Non";"Non"
2022;"97437";"2110012";"2";"l";"Non";"Non"
2022;"97437";"2110086";"6";"l";"Non";"Non"
2022;"97437";"2110101";"5";"l";"Non";"Non"
2022;"97437";"2110111";"180";"l";"Non";"Non"
2022;"97437";"2110115";"49";"l";"Non";"Non"
2022;"97437";"2110143";"186";"l";"Non";"Non"
2022;"97437";"2120048";"1095";"l";"Non";"Non"
2022;"97437";"2120143";"35";"l";"Non";"Non"
2022;"97437";"2130059";"1";"l";"Non";"Non"
2022;"97437";"2130152";"1";"l";"Non";"Non"
2022;"97437";"2130200";"24";"l";"Non";"Non"
2022;"97437";"2130253";"270";"l";"Non";"Non"
2022;"97437";"2140085";"6";"l";"Non";"Non"
2022;"97437";"2140121";"1.82";"l";"Oui";"Non"
2022;"97437";"2140165";"91";"kg";"Non";"Non"
2022;"97437";"2140201";"6";"l";"Non";"Non"
2022;"97437";"2150140";"1135";"l";"Non";"Non"
2022;"97437";"2150790";"0.45";"kg";"Oui";"Non"
2022;"97437";"2150919";"14";"l";"Non";"Non"
2022;"97437";"2160842";"74";"kg";"Non";"Non"
2022;"97437";"8400600";"192";"l";"Non";"Non"
2022;"97437";"8500174";"3";"l";"Non";"Non"
2022;"97437";"8800395";"15";"l";"Non";"Non"
2022;"97437";"8800841";"1.5";"l";"Non";"Non"
2022;"97437";"8900681";"485";"l";"Non";"Non"
2022;"97437";"9100296";"1515";"l";"Non";"Non"
2022;"97440";"2140085";"44";"l";"Non";"Non"
2022;"97440";"2140121";"473.31";"l";"Oui";"Non"
2022;"97440";"2140165";"94";"kg";"Non";"Non"
2022;"97440";"2140201";"11";"l";"Non";"Non"
2022;"97440";"2150140";"2350";"l";"Non";"Non"
2022;"97440";"2150417";"6.63";"l";"Oui";"Non"
2022;"97440";"2150790";"1630.65";"kg";"Oui";"Non"
2022;"97440";"2150919";"99";"l";"Non";"Non"
2022;"97440";"2160115";"15";"l";"Oui";"Non"
2022;"97440";"2160226";"5";"kg";"Non";"Non"
2022;"97440";"2160842";"175";"kg";"Non";"Non"
2022;"97440";"2180735";"5";"l";"Non";"Non"
2022;"97440";"2190760";"22.8";"kg";"Oui";"Non"
2022;"97440";"2200059";"1.2";"l";"Oui";"Non"
2022;"97440";"2210895";"10.3";"l";"Oui";"Non"
2022;"97440";"7500716";"20";"kg";"Non";"Non"
2022;"97440";"7600008";"3";"l";"Non";"Non"
2022;"97440";"8300025";"1";"l";"Non";"Non"
2022;"97440";"8400096";"6";"l";"Non";"Non"
2022;"97440";"8400600";"480";"l";"Non";"Non"
2022;"97440";"8500174";"20.25";"l";"Non";"Non"
2022;"97440";"8700462";"60";"l";"Non";"Non"
2022;"97440";"8800841";"1.0";"l";"Non";"Non"
2022;"97440";"8900564";"2";"l";"Non";"Non"
2022;"97440";"8900681";"1175";"l";"Non";"Non"
2022;"97440";"9000361";"10.4";"kg";"Non";"Non"
2022;"97440";"9000490";"10";"l";"Non";"Non"
2022;"97440";"9100296";"3080";"l";"Non";"Non"
2022;"97440";"9200159";"7";"l";"Non";"Non"
2022;"97440";"9400052";"2";"l";"Non";"Non"
2022;"97440";"9500432";"3";"l";"Non";"Non"
2022;"97440";"9500628";"18";"kg";"Non";"Non"
2022;"97440";"9700332";"23";"l";"Non";"Non"
2022;"97440";"9800182";"45";"l";"Non";"Non"
2022;"97440";"9800219";"30";"l";"Non";"Non"
2022;"97440";"9800336";"50";"l";"Non";"Non"
2022;"97440";"9900037";"1.00";"kg";"Non";"Non"
2022;"97440";"9900047";"105";"l";"Non";"Non"
2022;"97440";"9900257";"29.6";"kg";"Oui";"Non"
2022;"97441";"2000044";"117";"l";"Non";"Non"
2022;"97441";"2000202";"345";"l";"Non";"Non"
2022;"97441";"2000327";"3";"l";"Non";"Non"
2022;"97441";"2000519";"950";"l";"Non";"Non"
2022;"97441";"2010023";"31";"l";"Non";"Non"
2022;"97441";"2010282";"96";"l";"Non";"Non"
2022;"97441";"2030404";"250";"l";"Non";"Non"
2022;"97441";"2060002";"1";"l";"Non";"Non"
2022;"97441";"2060050";"2";"l";"Non";"Non"
2022;"97441";"2060084";"1";"kg";"Non";"Non"
2022;"97441";"2060088";"2265";"l";"Non";"Non"
2022;"97441";"2060098";"5.2";"l";"Non";"Non"
2022;"97441";"2060130";"3";"l";"Non";"Non"
2022;"97441";"2080129";"1";"l";"Non";"Non"
2022;"97441";"2090037";"1";"kg";"Non";"Non"
2022;"97441";"2090093";"60";"l";"Non";"Non"
2022;"97441";"2090119";"30";"l";"Non";"Non"
2022;"97441";"2090127";"25";"l";"Non";"Non"
2022;"97441";"2100026";"20";"l";"Non";"Non"
2022;"97441";"2100028";"220";"l";"Non";"Non"
2022;"97441";"2100206";"890";"l";"Non";"Non"
2022;"97441";"2100231";"1";"kg";"Non";"Non"
2022;"97441";"2110012";"1";"l";"Non";"Non"
2022;"97441";"2110086";"8";"l";"Non";"Non"
2022;"97441";"2110111";"40";"l";"Non";"Non"
2022;"97441";"2110115";"31";"l";"Non";"Non"
2022;"97441";"2110141";"20";"l";"Non";"Non"
2022;"97441";"2110143";"200";"l";"Non";"Non"
2022;"97441";"2110150";"0.8";"l";"Oui";"Non"
2022;"97441";"2120048";"713";"l";"Non";"Non"
2022;"97441";"2120143";"80";"l";"Non";"Non"
2022;"97441";"2130059";"1";"l";"Non";"Non"
2022;"97441";"2130244";"15";"l";"Non";"Non"
2022;"97441";"2130253";"285";"l";"Non";"Non"
2022;"97441";"2140085";"18";"l";"Non";"Non"
2022;"97441";"2140121";"11.82";"l";"Oui";"Non"
2022;"97441";"2140165";"61";"kg";"Non";"Non"
2022;"97441";"2140201";"3";"l";"Non";"Non"
2022;"97441";"2150140";"1650";"l";"Non";"Non"
2022;"97441";"2150790";"1.65";"kg";"Oui";"Non"
2022;"97441";"2150919";"4";"l";"Non";"Non"
2022;"97441";"2160842";"33";"kg";"Non";"Non"
2022;"97441";"7500716";"10";"kg";"Non";"Non"
2022;"97441";"8400600";"542";"l";"Non";"Non"
2022;"97441";"8500174";"5";"l";"Non";"Non"
2022;"97441";"8800395";"10";"l";"Non";"Non"
2022;"97441";"8800841";"2.0";"l";"Non";"Non"
2022;"97441";"8900564";"1";"l";"Non";"Non"
2022;"97441";"8900681";"1206";"l";"Non";"Non"
2022;"97441";"9100296";"2360";"l";"Non";"Non"
2022;"97441";"9400052";"2";"l";"Non";"Non"
2022;"97441";"9700332";"19";"l";"Non";"Non"
2022;"97441";"9700401";"10";"kg";"Non";"Non"
2022;"97441";"9800182";"220";"l";"Non";"Non"
2022;"97441";"9800219";"40";"l";"Non";"Non"
2022;"97441";"9800336";"13.5";"l";"Non";"Non"
2022;"97441";"9900037";"1.5";"kg";"Non";"Non"
2022;"97441";"9900047";"225";"l";"Non";"Non"
2022;"97441";"9900257";"2.8";"kg";"Oui";"Non"
2022;"97442";"2000044";"1";"l";"Non";"Non"
2022;"97442";"2000125";"1.2";"kg";"Oui";"Non"
2022;"97442";"2000519";"20";"l";"Non";"Non"
2022;"97442";"2010023";"1";"l";"Non";"Non"
2022;"97442";"2010282";"2";"l";"Non";"Non"
2022;"97442";"2030404";"140";"l";"Non";"Non"
2022;"97442";"2060088";"495";"l";"Non";"Non"
2022;"97442";"2060098";"0.5";"l";"Non";"Non"
2022;"97442";"2060113";"0.25";"l";"Non";"Non"
2022;"97442";"2080098";"1";"l";"Non";"Non"
2022;"97442";"2090037";"1";"kg";"Non";"Non"
2022;"97442";"2090093";"40";"l";"Non";"Non"
2022;"97442";"2090127";"5";"l";"Non";"Non"
2022;"97442";"2100028";"120";"l";"Non";"Non"
2022;"97442";"2100111";"15";"l";"Non";"Non"
2022;"97442";"2100206";"255";"l";"Non";"Non"
2022;"97442";"2100231";"3";"kg";"Non";"Non"
2022;"97442";"2110073";"3";"l";"Non";"Non"
2022;"97442";"2110101";"10";"l";"Non";"Non"
2022;"97442";"2110111";"125";"l";"Non";"Non"
2022;"97442";"2110115";"7";"l";"Non";"Non"
2022;"97442";"2110143";"49.5";"l";"Non";"Non"
2022;"97442";"2120048";"500";"l";"Non";"Non"
2022;"97442";"2120143";"20";"l";"Non";"Non"
2022;"97442";"2130059";"1";"l";"Non";"Non"
2022;"97442";"2130253";"660";"l";"Non";"Non"
2022;"97442";"2140165";"27";"kg";"Non";"Non"
2022;"97442";"2140201";"1";"l";"Non";"Non"
2022;"97442";"2150140";"580";"l";"Non";"Non"
2022;"97442";"2150790";"10.8";"kg";"Oui";"Non"
2022;"97442";"2160272";"0.25";"l";"Non";"Non"
2022;"97442";"2160842";"7";"kg";"Non";"Non"
2022;"97442";"2190760";"2.2";"kg";"Oui";"Non"
2022;"97442";"7500716";"10";"kg";"Non";"Non"
2022;"97442";"8400096";"3";"l";"Non";"Non"
2022;"97442";"8400600";"43";"l";"Non";"Non"
2022;"97442";"8800841";"0.5";"l";"Non";"Non"
2022;"97442";"8900681";"50";"l";"Non";"Non"
2022;"97442";"9100296";"845";"l";"Non";"Non"
2022;"97442";"9800144";"0.63";"kg";"Non";"Non"
2022;"97442";"9900047";"5";"l";"Non";"Non"
2022;"97450";"2000018";"20";"kg";"Non";"Non"
2022;"97450";"2000044";"25";"l";"Non";"Non"
2022;"97450";"2000125";"115";"kg";"Oui";"Non"
2022;"97450";"2000202";"40";"l";"Non";"Non"
2022;"97450";"2000316";"1";"l";"Non";"Non"
2022;"97450";"2010023";"34";"l";"Non";"Non"
2022;"97450";"2010282";"43";"l";"Non";"Non"
2022;"97450";"2030404";"40";"l";"Non";"Non"
2022;"97450";"2050046";"1.5";"kg";"Non";"Non"
2022;"97450";"2060050";"8";"l";"Non";"Non"
2022;"97450";"2060084";"26";"kg";"Non";"Non"
2022;"97450";"2060085";"13";"l";"Non";"Non"
2022;"97450";"2060088";"160";"l";"Non";"Non"
2022;"97450";"2060098";"17.8";"l";"Non";"Non"
2022;"97450";"2060113";"2.75";"l";"Non";"Non"
2022;"97450";"2060130";"36";"l";"Non";"Non"
2022;"97450";"2060194";"12";"kg";"Non";"Non"
2022;"97450";"2080060";"4";"l";"Non";"Non"
2022;"97450";"2080098";"3";"l";"Non";"Non"
2022;"97450";"2080102";"20";"l";"Non";"Non"
2022;"97450";"2080129";"6";"l";"Non";"Non"
2022;"97450";"2080136";"1";"kg";"Non";"Non"
2022;"97450";"2090063";"4.8";"kg";"Non";"Non"
2022;"97450";"2090127";"30";"l";"Non";"Non"
2022;"97450";"2090136";"10";"l";"Non";"Non"
2022;"97450";"2090199";"19";"l";"Oui";"Non"
2022;"97450";"2100026";"19";"l";"Non";"Non"
2022;"97450";"2100028";"10";"l";"Non";"Non"
2022;"97450";"2100122";"5.1";"kg";"Non";"Non"
2022;"97450";"2100206";"40";"l";"Non";"Non"
2022;"97450";"2100231";"4";"kg";"Non";"Non"
2022;"97450";"2110012";"16";"l";"Non";"Non"
2022;"97450";"2110086";"28";"l";"Non";"Non"
2022;"97450";"2110101";"55";"l";"Non";"Non"
2022;"97450";"2110111";"20";"l";"Non";"Non"
2022;"97450";"2110115";"78";"l";"Non";"Non"
2022;"97450";"2110141";"5";"l";"Non";"Non"
2022;"97470";"2140165";"111";"kg";"Non";"Non"
2022;"97470";"2140201";"1";"l";"Non";"Non"
2022;"97470";"2150140";"965";"l";"Non";"Non"
2022;"97470";"2150417";"0.09";"l";"Oui";"Non"
2022;"97470";"2150790";"9.3";"kg";"Oui";"Non"
2022;"97470";"2150919";"9";"l";"Non";"Non"
2022;"97470";"2160842";"81";"kg";"Non";"Non"
2022;"97470";"7500716";"65";"kg";"Non";"Non"
2022;"97470";"7600008";"3";"l";"Non";"Non"
2022;"97470";"8400096";"4";"l";"Non";"Non"
2022;"97470";"8400600";"153";"l";"Non";"Non"
2022;"97470";"8500174";"2";"l";"Non";"Non"
2022;"97470";"8800841";"0.5";"l";"Non";"Non"
2022;"97470";"8900681";"620";"l";"Non";"Non"
2022;"97470";"9100296";"1300";"l";"Non";"Non"
2022;"97470";"9500432";"1";"l";"Non";"Non"
2022;"97470";"9500568";"1";"kg";"Non";"Non"
2022;"97470";"9500628";"6";"kg";"Non";"Non"
2022;"97470";"9700332";"17";"l";"Non";"Non"
2022;"97470";"9800182";"75";"l";"Non";"Non"
2022;"97470";"9800219";"20";"l";"Non";"Non"
2022;"97470";"9800336";"0.25";"l";"Non";"Non"
2022;"97470";"9900037";"0.75";"kg";"Non";"Non"
2022;"97470";"9900047";"315";"l";"Non";"Non"
2022;"97480";"2000044";"42";"l";"Non";"Non"
2022;"97480";"2000125";"110.9";"kg";"Oui";"Non"
2022;"97480";"2000202";"346";"l";"Non";"Non"
2022;"97480";"2000327";"4";"l";"Non";"Non"
2022;"97480";"2000517";"10";"l";"Non";"Non"
2022;"97480";"2010023";"10";"l";"Non";"Non"
2022;"97480";"2010282";"35";"l";"Non";"Non"
2022;"97480";"2030255";"5";"l";"Non";"Non"
2022;"97480";"2030404";"360";"l";"Non";"Non"
2022;"97480";"2050046";"0.5";"kg";"Non";"Non"
2022;"97480";"2060002";"12";"l";"Non";"Non"
2022;"97480";"2060050";"1";"l";"Non";"Non"
2022;"97480";"2060084";"12";"kg";"Non";"Non"
2022;"97480";"2060088";"1505";"l";"Non";"Non"
2022;"97480";"2060098";"19.2";"l";"Non";"Non"
2022;"97480";"2060113";"2.00";"l";"Non";"Non"
2022;"97480";"2060194";"12";"kg";"Non";"Non"
2022;"97480";"2080060";"30";"l";"Non";"Non"
2022;"97480";"2080098";"3";"l";"Non";"Non"
2022;"97480";"2080102";"10.8";"l";"Non";"Non"
2022;"97480";"2080136";"1";"kg";"Non";"Non"
2022;"97480";"2090037";"8";"kg";"Non";"Non"
2022;"97480";"2090063";"9.8";"kg";"Non";"Non"
2022;"97480";"2090093";"40";"l";"Non";"Non"
2022;"97480";"2090127";"70";"l";"Non";"Non"
2022;"97480";"2090136";"10";"l";"Non";"Non"
2022;"97480";"2090199";"3.5";"l";"Oui";"Non"
2022;"97480";"2100026";"25";"l";"Non";"Non"
2022;"97480";"2100028";"145";"l";"Non";"Non"
2022;"97480";"2100111";"6";"l";"Non";"Non"
2022;"97480";"2100122";"9.0";"kg";"Non";"Non"
2022;"97480";"2100206";"110";"l";"Non";"Non"
2022;"97480";"2100231";"41";"kg";"Non";"Non"
2022;"97480";"2110012";"9";"l";"Non";"Non"
2022;"97480";"2110040";"0.3";"kg";"Oui";"Non"
2022;"97480";"2110073";"2.25";"l";"Non";"Non"
2022;"97480";"2110086";"23";"l";"Non";"Non"
2022;"97480";"2110101";"20";"l";"Non";"Non"
2022;"97480";"2110111";"160";"l";"Non";"Non"
2022;"97480";"2110115";"157";"l";"Non";"Non"
2022;"97480";"2110143";"119";"l";"Non";"Non"
2022;"97480";"2110150";"2.8";"l";"Oui";"Non"
2022;"97480";"2110180";"0.35";"kg";"Oui";"Non"
2022;"97480";"2120048";"715";"l";"Non";"Non"
2022;"97480";"2120067";"1";"kg";"Non";"Non"
2022;"97480";"2120143";"160";"l";"Non";"Non"
2022;"97480";"2130059";"6";"l";"Non";"Non"
2022;"97480";"2130075";"80";"kg";"Non";"Non"
2022;"97480";"2130115";"1.76";"kg";"Non";"Non"
2022;"97480";"2130153";"4.5";"l";"Oui";"Non"
2022;"97480";"2130244";"15";"l";"Non";"Non"
2022;"97480";"2130253";"555";"l";"Non";"Non"
2022;"97480";"2140085";"19";"l";"Non";"Non"
2022;"97480";"2140121";"209.12";"l";"Oui";"Non"
2022;"97480";"2140165";"155";"kg";"Non";"Non"
2022;"97480";"2140166";"2";"l";"Oui";"Non"
2022;"97480";"2140167";"6";"l";"Oui";"Non"
2022;"97480";"2140201";"29";"l";"Non";"Non"
2022;"97480";"2150140";"855";"l";"Non";"Non"
2022;"97480";"2150417";"2.91";"l";"Oui";"Non"
2022;"97480";"2150790";"945.55";"kg";"Oui";"Non"
2022;"97480";"2150919";"26";"l";"Non";"Non"
2022;"97480";"2160115";"24";"l";"Oui";"Non"
2022;"97480";"2160226";"5";"kg";"Non";"Non"
2022;"97480";"2160272";"1.25";"l";"Non";"Non"
2022;"97480";"2160842";"39";"kg";"Non";"Non"
2022;"97480";"2180735";"15";"l";"Non";"Non"
2022;"97480";"2190760";"16.5";"kg";"Oui";"Non"
2022;"97480";"2199998";"3";"l";"Non";"Non"
2022;"97480";"2210895";"5.9";"l";"Oui";"Non"
2022;"97480";"7500716";"150";"kg";"Non";"Non"
2022;"97480";"8300025";"39";"l";"Non";"Non"
2022;"97480";"8400096";"16.3";"l";"Non";"Non"
2022;"97480";"8400600";"36";"l";"Non";"Non"
2022;"97480";"8500174";"48.75";"l";"Non";"Non"
2022;"97480";"8600243";"30";"l";"Non";"Non"
2022;"97480";"8700462";"20";"l";"Non";"Non"
2022;"97480";"8800841";"16.5";"l";"Non";"Non"
2022;"97480";"8900681";"95";"l";"Non";"Non"
2022;"97480";"9000361";"8.8";"kg";"Non";"Non"
2022;"97480";"9100296";"1600";"l";"Non";"Non"
2022;"97480";"9200159";"2";"l";"Non";"Non"
2022;"97480";"9200215";"32.5";"kg";"Non";"Non"
2022;"97480";"9500341";"3";"kg";"Oui";"Non"
2022;"97480";"9500432";"3";"l";"Non";"Non"
2022;"97480";"9500568";"3";"kg";"Non";"Non"
2022;"97480";"9600199";"40";"kg";"Non";"Non"
2022;"97480";"9700332";"23";"l";"Non";"Non"
2022;"97480";"9800144";"5.01";"kg";"Non";"Non"
2022;"97480";"9800182";"36";"l";"Non";"Non"
2022;"97480";"9800219";"5";"l";"Non";"Non"
2022;"97480";"9800244";"1.5";"kg";"Non";"Non"
2022;"97480";"9800336";"26";"l";"Non";"Non"
2022;"97480";"9900037";"5.75";"kg";"Non";"Non"
2022;"97480";"9900047";"100";"l";"Non";"Non"
2022;"97480";"9900115";"1";"l";"Non";"Non"
2022;"97480";"9900227";"10";"l";"Non";"Non"
2022;"97480";"9900257";"12.8";"kg";"Oui";"Non"
2022;"97490";"2000044";"34";"l";"Non";"Non"
2022;"97490";"2000125";"74.6";"kg";"Oui";"Non"
2022;"97490";"2000202";"5";"l";"Non";"Non"
2022;"97490";"2000327";"2";"l";"Non";"Non"
2022;"97490";"2000519";"60";"l";"Non";"Non"
2022;"97490";"2010023";"56";"l";"Non";"Non"
2022;"97490";"2010282";"47";"l";"Non";"Non"
2022;"97490";"2030404";"10";"l";"Non";"Non"
2022;"97490";"2060084";"4";"kg";"Non";"Non"
2022;"97490";"2060088";"105";"l";"Non";"Non"
2022;"97490";"2060098";"1.9";"l";"Non";"Non"
2022;"97490";"2060130";"1";"l";"Non";"Non"
2022;"97490";"2080060";"3";"l";"Non";"Non"
2022;"97490";"2080098";"3";"l";"Non";"Non"
2022;"97490";"2080102";"15";"l";"Non";"Non"
2022;"97490";"2090119";"10";"l";"Non";"Non"
2022;"97490";"2090127";"5";"l";"Non";"Non"
2022;"97490";"2100026";"10";"l";"Non";"Non"
2022;"97490";"2100028";"10";"l";"Non";"Non"
2022;"97490";"2100122";"0.6";"kg";"Non";"Non"
2022;"97490";"2100206";"310";"l";"Non";"Non"
2022;"97490";"2110012";"11";"l";"Non";"Non"
2022;"97490";"2110086";"5";"l";"Non";"Non"
2022;"97490";"2110111";"100";"l";"Non";"Non"
2022;"97490";"2110115";"21";"l";"Non";"Non"
2022;"97490";"2110141";"5";"l";"Non";"Non"
2022;"97490";"2110143";"25";"l";"Non";"Non"
2022;"97490";"2110150";"37.2";"l";"Oui";"Non"
2022;"97490";"2120048";"121";"l";"Non";"Non"
2022;"97490";"2120067";"4";"kg";"Non";"Non"
2022;"97490";"2120143";"60";"l";"Non";"Non"
2022;"97490";"2130153";"10.8";"l";"Oui";"Non"
2022;"97490";"2130200";"3";"l";"Non";"Non"
2022;"97490";"2130253";"30";"l";"Non";"Non"
2022;"97490";"2140085";"9";"l";"Non";"Non"
2022;"97490";"2140121";"187.63";"l";"Oui";"Non"
2022;"97490";"2140165";"20";"kg";"Non";"Non"
2022;"97490";"2140167";"5";"l";"Oui";"Non"
2022;"97490";"2150140";"375";"l";"Non";"Non"
2022;"97490";"2150417";"3.84";"l";"Oui";"Non"
2022;"97490";"2150790";"651.25";"kg";"Oui";"Non"
2022;"97490";"2150919";"67";"l";"Non";"Non"
2022;"97490";"2160115";"39";"l";"Oui";"Non"
2022;"97490";"2160842";"10";"kg";"Non";"Non"
2022;"97490";"2160962";"3";"l";"Non";"Non"
2022;"97490";"2190760";"12.2";"kg";"Oui";"Non"
2022;"97490";"2210895";"4.3";"l";"Oui";"Non"
2022;"97490";"7500716";"55";"kg";"Non";"Non"
2022;"97490";"8400528";"1";"l";"Non";"Non"
2022;"97490";"8400600";"204";"l";"Non";"Non"
2022;"97490";"8500174";"3.25";"l";"Non";"Non"
2022;"97490";"8800841";"2";"l";"Non";"Non"
2022;"97490";"8900681";"55";"l";"Non";"Non"
2022;"97490";"9000361";"8.8";"kg";"Non";"Non"
2022;"97410";"8900681";"140";"l";"Non";"Non"
2022;"97410";"9100296";"1881";"l";"Non";"Non"
2022;"97410";"9200159";"5";"l";"Non";"Non"
2022;"97410";"9200215";"25";"kg";"Non";"Non"
2022;"97410";"9300504";"140";"l";"Non";"Non"
2022;"97410";"9500568";"45";"kg";"Non";"Non"
2022;"97410";"9500628";"9";"kg";"Non";"Non"
2022;"97410";"9600025";"10";"kg";"Non";"Non"
2022;"97410";"9700332";"61";"l";"Non";"Non"
2022;"97410";"9700401";"10";"kg";"Non";"Non"
2022;"97410";"9800144";"6.63";"kg";"Non";"Non"
2022;"97410";"9800182";"10";"l";"Non";"Non"
2022;"97410";"9800219";"30";"l";"Non";"Non"
2022;"97410";"9800244";"1.5";"kg";"Non";"Non"
2022;"97410";"9800336";"82.25";"l";"Non";"Non"
2022;"97410";"9800474";"30";"kg";"Non";"Non"
2022;"97410";"9800484";"23";"l";"Non";"Non"
2022;"97410";"9900037";"0.5";"kg";"Non";"Non"
2022;"97410";"9900047";"40";"l";"Non";"Non"
2022;"97410";"9900115";"1";"l";"Non";"Non"
2022;"97410";"9900227";"100";"l";"Non";"Non"
2022;"97410";"9900257";"3.2";"kg";"Oui";"Non"
2022;"97411";"2000044";"3";"l";"Non";"Non"
2022;"97411";"2000125";"8.2";"kg";"Oui";"Non"
2022;"97411";"2010023";"11";"l";"Non";"Non"
2022;"97411";"2030404";"20";"l";"Non";"Non"
2022;"97411";"2060084";"1";"kg";"Non";"Non"
2022;"97411";"2060088";"45";"l";"Non";"Non"
2022;"97411";"2060098";"1.1";"l";"Non";"Non"
2022;"97411";"2060130";"4";"l";"Non";"Non"
2022;"97411";"2060194";"24";"kg";"Non";"Non"
2022;"97411";"2090127";"6";"l";"Non";"Non"
2022;"97411";"2100026";"10";"l";"Non";"Non"
2022;"97411";"2100122";"0.3";"kg";"Non";"Non"
2022;"97411";"2100231";"1";"kg";"Non";"Non"
2022;"97411";"2110012";"4";"l";"Non";"Non"
2022;"97411";"2110101";"7";"l";"Non";"Non"
2022;"97411";"2110111";"20";"l";"Non";"Non"
2022;"97411";"2110115";"38";"l";"Non";"Non"
2022;"97411";"2110143";"1";"l";"Non";"Non"
2022;"97411";"2110150";"0.8";"l";"Oui";"Non"
2022;"97411";"2120048";"29";"l";"Non";"Non"
2022;"97411";"2120143";"80";"l";"Non";"Non"
2022;"97411";"2130153";"1.8";"l";"Oui";"Non"
2022;"97411";"2140085";"18";"l";"Non";"Non"
2022;"97411";"2140121";"3.41";"l";"Oui";"Non"
2022;"97411";"2140147";"1";"l";"Non";"Non"
2022;"97411";"2140165";"48";"kg";"Non";"Non"
2022;"97411";"2150140";"150";"l";"Non";"Non"
2022;"97411";"2150417";"0.3";"l";"Oui";"Non"
2022;"97411";"2150790";"44";"kg";"Oui";"Non"
2022;"97411";"2160226";"20";"kg";"Non";"Non"
2022;"97411";"2160842";"10";"kg";"Non";"Non"
2022;"97411";"2190760";"2.3";"kg";"Oui";"Non"
2022;"97411";"2210895";"0.45";"l";"Oui";"Non"
2022;"97411";"7500716";"80";"kg";"Non";"Non"
2022;"97411";"8400600";"10";"l";"Non";"Non"
2022;"97411";"8500174";"2";"l";"Non";"Non"
2022;"97411";"8800841";"0.5";"l";"Non";"Non"
2022;"97411";"9100296";"80";"l";"Non";"Non"
2022;"97411";"9200215";"12.5";"kg";"Non";"Non"
2022;"97411";"9500568";"4";"kg";"Non";"Non"
2022;"97411";"9700332";"6";"l";"Non";"Non"
2022;"97411";"9800336";"6.25";"l";"Non";"Non"
2022;"97411";"9900037";"0.5";"kg";"Non";"Non"
2022;"97411";"9900257";"2.4";"kg";"Oui";"Non"
2022;"97412";"2000044";"10";"l";"Non";"Non"
2022;"97412";"2000202";"125";"l";"Non";"Non"
2022;"97412";"2000316";"1";"l";"Non";"Non"
2022;"97412";"2000327";"3";"l";"Non";"Non"
2022;"97412";"2000517";"5";"l";"Non";"Non"
2022;"97412";"2000519";"80";"l";"Non";"Non"
2022;"97412";"2010023";"13";"l";"Non";"Non"
2022;"97412";"2010282";"31";"l";"Non";"Non"
2022;"97412";"2030404";"50";"l";"Non";"Non"
2022;"97412";"2060084";"1";"kg";"Non";"Non"
2022;"97412";"2060088";"730";"l";"Non";"Non"
2022;"97412";"2080098";"1";"l";"Non";"Non"
2022;"97412";"2100026";"15";"l";"Non";"Non"
2022;"97412";"2100028";"45";"l";"Non";"Non"
2022;"97412";"2100111";"10";"l";"Non";"Non"
2022;"97412";"2100206";"525";"l";"Non";"Non"
2022;"97412";"2110111";"170";"l";"Non";"Non"
2022;"97412";"2110115";"10";"l";"Non";"Non"
2022;"97412";"2110143";"137";"l";"Non";"Non"
2022;"97412";"2120048";"375";"l";"Non";"Non"
2022;"97412";"2120143";"20";"l";"Non";"Non"
2022;"97412";"2130059";"1";"l";"Non";"Non"
2022;"97412";"2130253";"615";"l";"Non";"Non"
2022;"97412";"2140085";"2";"l";"Non";"Non"
2022;"97412";"2140165";"34";"kg";"Non";"Non"
2022;"97412";"2140201";"1";"l";"Non";"Non"
2022;"97412";"2150140";"920";"l";"Non";"Non"
2022;"97412";"2150790";"2.1";"kg";"Oui";"Non"
2022;"97412";"2150919";"1";"l";"Non";"Non"
2022;"97412";"2160842";"18";"kg";"Non";"Non"
2022;"97412";"7500716";"5";"kg";"Non";"Non"
2022;"97412";"8400096";"13";"l";"Non";"Non"
2022;"97412";"8400600";"145";"l";"Non";"Non"
2022;"97412";"8800841";"0.5";"l";"Non";"Non"
2022;"97412";"8900564";"1";"l";"Non";"Non"
2022;"97412";"8900681";"250";"l";"Non";"Non"
2022;"97412";"9100296";"1115";"l";"Non";"Non"
2022;"97412";"9500432";"1";"l";"Non";"Non"
2022;"97412";"9500628";"6";"kg";"Non";"Non"
2022;"97412";"9700332";"4";"l";"Non";"Non"
2022;"97412";"9800144";"0.5";"kg";"Non";"Non"
2022;"97412";"9800182";"5";"l";"Non";"Non"
2022;"97412";"9800219";"5";"l";"Non";"Non"
2022;"97412";"9800336";"8";"l";"Non";"Non"
2022;"97412";"9900047";"45";"l";"Non";"Non"
2022;"97413";"2000003";"10";"l";"Non";"Non"
2022;"97413";"2000044";"87";"l";"Non";"Non"
2022;"97413";"2000125";"3.1";"kg";"Oui";"Non"
2022;"97413";"2000202";"35";"l";"Non";"Non"
2022;"97413";"2000316";"1";"l";"Non";"Non"
2022;"97413";"2000327";"8";"l";"Non";"Non"
2022;"97413";"2000517";"1";"l";"Non";"Non"
2022;"97413";"2010023";"9";"l";"Non";"Non"
2022;"97413";"2010282";"22";"l";"Non";"Non"
2022;"97413";"2060084";"14";"kg";"Non";"Non"
2022;"97413";"2060098";"5.7";"l";"Non";"Non"
2022;"97413";"2080098";"2";"l";"Non";"Non"
2022;"97413";"2080136";"1";"kg";"Non";"Non"
2022;"97413";"2090016";"10";"l";"Non";"Non"
2022;"97413";"2090063";"3";"kg";"Non";"Non"
2022;"97413";"2090127";"10";"l";"Non";"Non"
2022;"97413";"2090136";"30";"l";"Non";"Non"
2022;"97413";"2090199";"0.5";"l";"Oui";"Non"
2022;"97413";"2100026";"8";"l";"Non";"Non"
2022;"97413";"2100028";"5";"l";"Non";"Non"
2022;"97413";"2100122";"2.7";"kg";"Non";"Non"
2022;"97413";"2100206";"45";"l";"Non";"Non"
2022;"97413";"2110012";"6";"l";"Non";"Non"
2022;"97413";"2110073";"1.5";"l";"Non";"Non"
2022;"97413";"2110101";"26";"l";"Non";"Non"
2022;"97413";"2110115";"31";"l";"Non";"Non"
2022;"97413";"2110143";"5";"l";"Non";"Non"
2022;"97413";"2120048";"1";"l";"Non";"Non"
2022;"97413";"2120067";"18";"kg";"Non";"Non"
2022;"97413";"2120143";"180";"l";"Non";"Non"
2022;"97413";"2130075";"30";"kg";"Non";"Non"
2022;"97413";"2130244";"5";"l";"Non";"Non"
2022;"97413";"2130251";"2";"l";"Non";"Non"
2022;"97413";"2130253";"30";"l";"Non";"Non"
2022;"97413";"2140085";"8";"l";"Non";"Non"
2022;"97413";"2140121";"2.5";"l";"Oui";"Non"
2022;"97413";"2140165";"5";"kg";"Non";"Non"
2022;"97413";"2140201";"2";"l";"Non";"Non"
2022;"97413";"2150140";"725";"l";"Non";"Non"
2022;"97413";"2150277";"1";"l";"Non";"Non"
2022;"97413";"2150417";"0.09";"l";"Oui";"Non"
2022;"97413";"2150790";"16.5";"kg";"Oui";"Non"
2022;"97413";"2150919";"4";"l";"Non";"Non"
2022;"97413";"2160494";"2";"kg";"Non";"Non"
2022;"97413";"2190760";"1.1";"kg";"Oui";"Non"
2022;"97413";"2210895";"0.25";"l";"Oui";"Non"
2022;"97413";"7500716";"40";"kg";"Non";"Non"
2022;"97413";"8400600";"1";"l";"Non";"Non"
2022;"97413";"8500174";"5.25";"l";"Non";"Non"
2022;"97413";"8600243";"130";"l";"Non";"Non"
2022;"97413";"8800841";"6.5";"l";"Non";"Non"
2022;"97413";"8900564";"1";"l";"Non";"Non"
2022;"97413";"8900681";"20";"l";"Non";"Non"
2022;"97413";"9200159";"24";"l";"Non";"Non"
2022;"97413";"9200215";"47.5";"kg";"Non";"Non"
2022;"97413";"9500432";"8";"l";"Non";"Non"
2022;"97413";"9500568";"3";"kg";"Non";"Non"
2022;"97413";"9500628";"48";"kg";"Non";"Non"
2022;"97413";"9700332";"64";"l";"Non";"Non"
2022;"97413";"9800144";"1.12";"kg";"Non";"Non"
2022;"97413";"9800336";"22.00";"l";"Non";"Non"
2022;"97413";"9900115";"1";"l";"Non";"Non"
2022;"97413";"9900257";"0.8";"kg";"Oui";"Non"
2022;"97414";"2000044";"33";"l";"Non";"Non"
