"annee";"code_postal_acheteur";"amm";"substance";"cas";"quantite_substance";"classification";"classification_mention";"achat_etranger"
2022;"00000";"2010420";"glyphosate";"1071-83-6";"5.4";"Env A";"";"Non"
2022;"00000";"1030003";"polymere carboxyl sulfone cationique";"8061-53-8";"512.85588";"Autre";"";"Non"
2022;"00000";"2000003";"metazachlore";"67129-08-2";"10";"CMR";"";"Non"
2022;"00000";"2000017";"tau-fluvalinate";"102851-06-9";"6.504";"Env A";"";"Non"
2022;"00000";"2000018";"soufre pour pulverisation (micronise)";"7704-34-9";"11373.632";"Autre";"";"Non"
2022;"00000";"2000044";"fluazifop-p-butyl";"79241-46-6";"23.375";"CMR";"";"Non"
2022;"00000";"2000046";"ethofumesate";"26225-79-6";"4.5";"Env A";"";"Non"
2022;"00000";"2000046";"metamitrone";"41394-05-2";"10.5";"Env A";"";"Non"
2022;"00000";"2000067";"acide benzoique";"65-85-0";"0.9";"Santé A";"";"Non"
2022;"00000";"2000087";"cuivre de l'hydroxyde de cuivre";"20427-59-2";"18.75";"Santé A";"Substitution";"Non"
2022;"00000";"2000122";"metalaxyl-m";"70630-17-0";"791.801344";"Autre";"";"Non"
2022;"00000";"2000125";"cuivre du sulfate de cuivre";"8011-63-0";"1990.630";"Env A";"Substitution";"Non"
2022;"00000";"2000201";"silthiofam";"175217-20-6";"300.50750";"Env A";"";"Non"
2022;"00000";"2000202";"glyphosate";"1071-83-6";"196.2";"Env A";"";"Non"
2022;"00000";"2000210";"cuivre de l'oxychlorure de cuivre";"1332-40-7";"3.575";"Santé A";"Substitution";"Non"
2022;"00000";"2000283";"chlorure d'alkyl dimethyl benzyl ammonium";"68424-85-1";"1";"Autre";"";"Non"
2022;"00000";"2000283";"chlorure de didecyl dimethyl ammonium";"7173-51-5";"0.28";"Autre";"";"Non"
2022;"00000";"2000283";"glutaraldehyde";"111-30-8";"1";"Autre";"";"Non"
2022;"00000";"2000299";"clomazone";"81777-89-1";"68.22";"Env A";"";"Non"
2022;"00000";"2000301";"foramsulfuron";"173159-57-4";"4.0500";"CMR";"";"Non"
2022;"00000";"2000301";"isoxadifen-ethyl";"163520-33-0";"4.0500";"Env A";"";"Non"
2022;"00000";"2000316";"esfenvalerate";"66230-04-4";"34.0975";"Santé A";"Substitution";"Non"
2022;"00000";"2000324";"deltamethrine";"52918-63-5";"0.6";"Santé A";"";"Non"
2022;"00000";"2000327";"carfentrazone ethyl";"128639-02-1";"56.5212";"Env A";"";"Non"
2022;"00000";"2000369";"metsulfuron-methyl";"74223-64-6";"0.04";"Env A";"Substitution";"Non"
2022;"00000";"2000380";"clethodime";"99129-21-2";"7.920";"Env B";"";"Oui"
2022;"00000";"2000510";"fer sous forme de sulfate de fer";"7720-78-7";"4.8";"Autre";"";"Non"
2022;"00000";"2000517";"cuivre de l'hydroxyde de cuivre";"20427-59-2";"3490.3080";"Santé A";"Substitution";"Oui"
2022;"00000";"2000536";"1-dodecanol";"112-53-8";"12.32568";"Env A";"";"Non"
2022;"00000";"2000536";"1-tetradecanol";"112-72-1";"2.85988";"Env A";"";"Non"
2022;"00000";"2000536";"e8,e10-dodecadiene-1-ol";"33956-49-9";"21.10672";"Env A";"";"Non"
2022;"00000";"2010019";"quizalofop-p-ethyl";"100646-51-3";"0.5";"Env A";"";"Non"
2022;"00000";"2010023";"deltamethrine";"52918-63-5";"17.02980";"Santé A";"";"Non"
2022;"00000";"2010027";"milbemectine";"51596-10-2";"0.0093";"Env A";"";"Non"
2022;"00000";"2010030";"mepiquat-chlorure";"24307-26-4";"76.5";"Env B";"";"Non"
2022;"00000";"2060118";"fluoxastrobine";"361377-29-9";"18.70";"CMR";"";"Non"
2022;"00000";"2060118";"prothioconazole";"178928-70-6";"37.4";"Env A";"";"Non"
2022;"00000";"2060119";"metsulfuron-methyl";"74223-64-6";"0.332";"Env A";"Substitution";"Non"
2022;"00000";"2060127";"prothioconazole";"178928-70-6";"233.864";"Env A";"";"Non"
2022;"00000";"2060130";"spinosad";"168316-95-8";"0.01176";"Env A";"";"Non"
2022;"00000";"2060131";"2,4-d";"94-75-7";"16.833";"Env B";"";"Non"
2022;"00000";"2060131";"triclopyr";"55335-06-3";"18.7516";"Env B";"";"Non"
2022;"00000";"2060132";"spinosad";"168316-95-8";"14.16";"Env A";"";"Non"
2022;"00000";"2060134";"captane";"133-06-2";"504.0";"CMR";"";"Non"
2022;"00000";"2060172";"tetraconazole";"112281-77-3";"64.020";"Env A";"";"Oui"
2022;"00000";"2060194";"tefluthrine";"79538-32-2";"25.50";"Santé A";"";"Non"
2022;"00000";"2070107";"fosetyl";"15845-66-6";"53.94";"Autre";"";"Non"
2022;"00000";"2070107";"propamocarbe";"24579-73-5";"92.22";"Autre";"";"Non"
2022;"00000";"2070133";"napropamide";"15299-99-7";"371.25";"Env A";"";"Non"
2022;"00000";"2070143";"cuivre de l'oxychlorure de cuivre";"1332-40-7";"3";"Santé A";"Substitution";"Non"
2022;"00000";"2070143";"cymoxanil";"57966-95-7";"0.3";"CMR";"";"Non"
2022;"00000";"2070184";"chlorotoluron";"15545-48-9";"520";"CMR";"";"Non"
2022;"00000";"2070184";"diflufenicanil";"83164-33-4";"32.50";"Env B";"";"Non"
2022;"00000";"2070221";"metazachlore";"67129-08-2";"15.6";"CMR";"";"Non"
2022;"00000";"2070221";"quinmerac";"90717-03-6";"3.9";"Env A";"";"Non"
2022;"00000";"2080010";"huile minerale paraffinique";"8042-47-5";"160";"Autre";"";"Non"
2022;"00000";"2080019";"laminarine";"9008-22-4";"0.054";"Autre";"";"Non"
2022;"00000";"2080025";"butoxyde de piperonyle";"51-03-6";"5.7";"Autre";"";"Non"
2022;"00000";"2080025";"cypermethrine";"52315-07-8";"2";"Env A";"";"Non"
2022;"00000";"2080026";"nicosulfuron";"111991-09-4";"12.72";"Env A";"";"Non"
2022;"00000";"2080029";"penoxsulame";"219714-96-2";"0.7094";"Env A";"";"Non"
2022;"00000";"2080038";"pyrethrines";"8003-34-7";"25.659072";"Env A";"";"Non"
2022;"00000";"2080049";"thiamethoxam";"153719-23-4";"27.354";"Env A";"";"Non"
2022;"00000";"2080054";"acetamipride";"135410-20-7";"0.00042";"Env B";"";"Non"
2022;"00000";"2080060";"pyriproxyfene";"95737-68-1";"2.4";"Env A";"";"Non"
2022;"00000";"2080063";"benalaxyl-m";"98243-83-5";"4.143375";"Env A";"";"Non"
2022;"00000";"2080063";"folpel";"133-07-3";"53.0352";"CMR";"";"Non"
2022;"00000";"2080070";"boscalid";"188425-85-6";"34.02";"Env A";"";"Non"
2022;"00000";"2080070";"pyraclostrobine";"175013-18-0";"17.28";"Santé A";"";"Non"
2022;"00000";"2080091";"metaldehyde";"108-62-3";"0.075";"CMR";"";"Non"
2022;"00000";"2080094";"florasulame";"145701-23-1";"0.12";"Env A";"";"Non"
2022;"00000";"2080094";"isoxaben";"82558-50-7";"1.830";"Env B";"";"Non"
2022;"00000";"2080098";"mandipropamide";"374726-62-2";"650.000";"Env A";"";"Oui"
2022;"00000";"2080102";"azoxystrobine";"131860-33-8";"28.000";"Santé A";"";"Oui"
2022;"00000";"2080102";"difenoconazole";"119446-68-3";"17.500";"Env A";"";"Oui"
2022;"00000";"2080105";"glyphosate";"1071-83-6";"1923.84";"Env A";"";"Non"
2022;"00000";"2080114";"cymoxanil";"57966-95-7";"82.5";"CMR";"";"Non"
2022;"00000";"2080114";"propamocarbe hcl";"25606-41-1";"660";"Autre";"";"Non"
2022;"00000";"2080117";"prosulfuron";"94125-34-5";"1.3125";"Env A";"Substitution";"Non"
2022;"00000";"2080121";"dimethomorphe";"110488-70-5";"0.468";"Env A";"Exclusion";"Non"
2022;"00000";"2080121";"dithianon";"3347-22-6";"1.092";"Env A";"";"Non"
2022;"00000";"2080123";"metsulfuron-methyl";"74223-64-6";"1.50";"Env A";"Substitution";"Non"
2022;"00000";"2080125";"metsulfuron-methyl";"74223-64-6";"0.28";"Env A";"Substitution";"Non"
2022;"00000";"2080129";"meptyldinocap";"131-72-6";"0.35";"Env A";"";"Non"
2022;"00000";"2080136";"pyridate";"55512-33-9";"0.45";"Env A";"";"Non"
2022;"00000";"2080145";"diflufenicanil";"83164-33-4";"50.4";"Env B";"";"Non"
2022;"00000";"2080145";"flufenacet";"142459-58-3";"100.8";"Env A";"";"Non"
2022;"00000";"2080147";"difenoconazole";"119446-68-3";"5.00";"Env A";"";"Non"
2022;"00000";"2080147";"paclobutrazol";"76738-62-0";"2.500";"CMR";"";"Non"
2022;"00000";"2090001";"proquinazid";"189278-12-4";"3.8";"CMR";"";"Non"
2022;"00000";"2090008";"thirame";"137-26-8";"0.36777";"Env A";"";"Non"
2022;"00000";"2090011";"pendimethaline";"40487-42-1";"63.7728";"Env A";"Substitution";"Non"
2022;"00000";"2090016";"imazamox";"114311-32-9";"5.807258";"Env A";"Substitution";"Non"
2022;"00000";"2090016";"pendimethaline";"40487-42-1";"86.9350";"Env A";"Substitution";"Non"
2022;"00000";"2090019";"6-benzyladenine";"1214-39-7";"4.22";"CMR";"";"Non"
2022;"00000";"2090037";"dicamba";"1918-00-9";"29.35";"Env B";"";"Non"
2022;"00000";"2090037";"prosulfuron";"94125-34-5";"2.935";"Env A";"Substitution";"Non"
2022;"00000";"2090039";"ethofumesate";"26225-79-6";"37.5";"Env A";"";"Non"
2022;"00000";"2090188";"glyphosate";"1071-83-6";"496.8";"Env A";"";"Non"
2022;"00000";"2090199";"huile de colza";"8002-13-9";"1400.575365";"Autre";"";"Non"
2022;"00000";"2090199";"pyrethrines";"8003-34-7";"7.789517";"Env A";"";"Non"
2022;"00000";"2090200";"huile de colza";"8002-13-9";"31.908584";"Autre";"";"Non"
2022;"00000";"2090200";"pyrethrines";"8003-34-7";"0.174075";"Env A";"";"Non"
2022;"00000";"2100002";"triticonazole";"131983-72-7";"22.73525";"Env A";"";"Non"
2022;"00000";"2100009";"thifensulfuron-methyle";"79277-27-3";"5.55444";"Env A";"";"Non"
2022;"00000";"2100009";"tribenuron-methyle";"101200-48-0";"2.78556";"Env A";"";"Non"
2022;"00000";"2100014";"metsulfuron-methyl";"74223-64-6";"0.6432";"Env A";"Substitution";"Non"
2022;"00000";"2100014";"thifensulfuron-methyle";"79277-27-3";"3.1968";"Env A";"";"Non"
2022;"00000";"2100015";"thifensulfuron-methyle";"79277-27-3";"1.135";"Env A";"";"Non"
2022;"00000";"2100016";"metsulfuron-methyl";"74223-64-6";"0.35";"Env A";"Substitution";"Non"
2022;"00000";"2100016";"thifensulfuron-methyle";"79277-27-3";"3.5";"Env A";"";"Non"
2022;"00000";"2100018";"tebuconazole";"107534-96-3";"81.75";"CMR";"";"Non"
2022;"00000";"2100021";"folpel";"133-07-3";"256";"CMR";"";"Non"
2022;"00000";"2100026";"cypermethrine";"52315-07-8";"26.625";"Env A";"";"Non"
2022;"00000";"2100028";"fluroxypyr";"69377-81-7";"29";"Env B";"";"Non"
2022;"00000";"2100030";"phosphate ferrique";"10045-86-0";"53.6085";"Autre";"";"Non"
2022;"00000";"2100036";"e8,e10-dodecadiene-1-ol";"33956-49-9";"0.80684";"Env A";"";"Non"
2022;"00000";"2100037";"boscalid";"188425-85-6";"6.404";"Env A";"";"Non"
2022;"00000";"2100037";"dimoxystrobine";"149961-52-4";"6.404";"CMR";"";"Non"
2022;"00000";"2100038";"kaolin";"1332-58-7";"11075";"Autre";"";"Non"
2022;"00000";"2100041";"phosphonate de potassium";"13492-26-7";"3706.67250";"Autre";"";"Non"
2022;"00000";"2100049";"mandipropamide";"374726-62-2";"20";"Env A";"";"Non"
2022;"00000";"2100051";"ipconazole";"125225-28-7";"15.98925";"CMR";"Exclusion";"Non"
2022;"00000";"2100052";"cyprodinyl";"121552-61-2";"70.518";"Env A";"";"Non"
2022;"00000";"2100053";"fluroxypyr";"69377-81-7";"12";"Env B";"";"Non"
2022;"00000";"2100056";"prothioconazole";"178928-70-6";"7.2";"Env A";"";"Non"
2022;"00000";"2100056";"spiroxamine";"118134-30-8";"13.5";"CMR";"";"Non"
2022;"00000";"2100057";"prothioconazole";"178928-70-6";"24.500";"Env A";"";"Non"
2022;"00000";"2100057";"trifloxystrobine";"141517-21-7";"12.32";"Env A";"";"Non"
2022;"00000";"2100059";"phosphonate de potassium";"13492-26-7";"1864.9675";"Autre";"";"Non"
2022;"00000";"2100060";"phosphonate de potassium";"13492-26-7";"2868.3379";"Autre";"";"Non"
2022;"00000";"2100066";"daminozide";"1596-84-5";"0.8925";"Autre";"";"Non"
2022;"00000";"2100067";"daminozide";"1596-84-5";"144.925";"Autre";"";"Non"
2022;"00000";"2100069";"metsulfuron-methyl";"74223-64-6";"0.189";"Env A";"Substitution";"Non"
2022;"00000";"2100069";"thifensulfuron-methyle";"79277-27-3";"1.836";"Env A";"";"Non"
2022;"00000";"2100072";"lecithine de soja";"8002-43-5";"9.760";"Autre";"";"Oui"
2022;"00000";"2100078";"deltamethrine";"52918-63-5";"0.000011";"Santé A";"";"Non"
2022;"00000";"2100086";"metirame";"9006-42-2";"35.000";"Env A";"";"Oui"
2022;"00000";"2100099";"glyphosate";"1071-83-6";"0.36";"Env A";"";"Non"
2022;"00000";"2100108";"prothioconazole";"178928-70-6";"25.625";"Env A";"";"Non"
2022;"00000";"2100108";"tebuconazole";"107534-96-3";"25.625";"CMR";"";"Non"
2022;"00000";"2100110";"cyprodinyl";"121552-61-2";"5.81975";"Env A";"";"Non"
2022;"00000";"2100110";"fludioxonil";"131341-86-1";"2.909875";"Env A";"";"Non"
2022;"00000";"2100110";"tebuconazole";"107534-96-3";"3.49185";"CMR";"";"Non"
2022;"00000";"2100111";"mesotrione";"104206-82-8";"9.375";"CMR";"";"Non"
2022;"00000";"2100111";"nicosulfuron";"111991-09-4";"3.75";"Env A";"";"Non"
2022;"00000";"2100112";"ethephon";"16672-87-0";"92.64";"Santé A";"";"Non"
2022;"00000";"2100114";"cyprodinyl";"121552-61-2";"8.625";"Env A";"";"Non"
2022;"00000";"2100114";"fludioxonil";"131341-86-1";"5.75";"Env A";"";"Non"
2022;"00000";"2100121";"chlorantraniliprole";"500008-45-7";"18.07";"Env A";"";"Non"
2022;"00000";"2100122";"chlorantraniliprole";"500008-45-7";"1.155";"Env A";"";"Non"
2022;"00000";"2100138";"cloquintocet-mexyl";"99607-70-2";"9.0625";"Autre";"";"Non"
2022;"00000";"2100138";"pinoxaden";"243973-20-8";"36.25";"CMR";"";"Non"
2022;"00000";"2100140";"clodinafop-propargyl";"105512-06-9";"2.3385";"Env A";"";"Non"
2022;"00000";"2100140";"cloquintocet-mexyl";"99607-70-2";"0.584625";"Autre";"";"Non"
2022;"00000";"2100140";"pinoxaden";"243973-20-8";"2.3385";"CMR";"";"Non"
2022;"00000";"2100151";"pyraclostrobine";"175013-18-0";"33.486";"Santé A";"";"Non"
2022;"00000";"2100175";"prothioconazole";"178928-70-6";"18.747";"Env A";"";"Non"
2022;"00000";"2100177";"isoxadifen-ethyl";"163520-33-0";"1.250";"Env A";"";"Non"
2022;"00000";"2110103";"tribenuron-methyle";"101200-48-0";"0.975";"Env A";"";"Non"
2022;"00000";"2110104";"clopyralid";"1702-17-6";"17.92";"Autre";"";"Non"
2022;"00000";"2110104";"florasulame";"145701-23-1";"0.5600";"Env A";"";"Non"
2022;"00000";"2110104";"fluroxypyr-meptyl";"81406-37-3";"32.256";"Env A";"";"Non"
2022;"00000";"2110111";"cyprosulfamide";"221667-31-8";"9.24";"Autre";"";"Non"
2022;"00000";"2110111";"isoxaflutole";"141112-29-0";"9.24";"CMR";"";"Non"
2022;"00000";"2110115";"cypermethrine";"52315-07-8";"16.300";"Env A";"";"Oui"
2022;"00000";"2110141";"dimethomorphe";"110488-70-5";"10.1916";"Env A";"Exclusion";"Non"
2022;"00000";"2110141";"pyraclostrobine";"175013-18-0";"5.662";"Santé A";"";"Non"
2022;"00000";"2110143";"metribuzine";"21087-64-9";"18.0";"Env A";"";"Non"
2022;"00000";"2110144";"fluxapyroxad";"907204-31-3";"9.9375";"Santé A";"";"Non"
2022;"00000";"2110147";"fludioxonil";"131341-86-1";"136.530";"Env A";"";"Non"
2022;"00000";"2110149";"huile de colza";"8002-13-9";"91.579072";"Autre";"";"Non"
2022;"00000";"2110150";"huile de colza";"8002-13-9";"2077.71354";"Autre";"";"Non"
2022;"00000";"2110151";"clodinafop-propargyl";"105512-06-9";"12.7";"Env A";"";"Non"
2022;"00000";"2110151";"cloquintocet-mexyl";"99607-70-2";"3.175";"Autre";"";"Non"
2022;"00000";"2110151";"prosulfocarbe";"52888-80-9";"1016";"Env A";"";"Non"
2022;"00000";"2110152";"cypermethrine";"52315-07-8";"2.56";"Env A";"";"Non"
2022;"00000";"2110154";"2,4-mcpa";"94-74-6";"238.68";"Env A";"";"Non"
2022;"00000";"2110154";"dicamba";"1918-00-9";"21.06";"Env B";"";"Non"
2022;"00000";"2110159";"triticonazole";"131983-72-7";"0.0070";"Env A";"";"Non"
2022;"00000";"2110162";"azoxystrobine";"131860-33-8";"19.00";"Santé A";"";"Non"
2022;"00000";"2110167";"tebuconazole";"107534-96-3";"396.3869";"CMR";"";"Non"
2022;"00000";"2110173";"cuivre de l'oxychlorure de cuivre";"1332-65-6";"225.180900";"Santé A";"Substitution";"Non"
2022;"00000";"2110173";"mandipropamide";"374726-62-2";"40.35500";"Env A";"";"Non"
2022;"00000";"2110174";"2,4-mcpa";"94-74-6";"40.8";"Env A";"";"Non"
2022;"00000";"2110174";"dicamba";"1918-00-9";"3.6";"Env B";"";"Non"
2022;"00000";"2110178";"bixafen";"581809-46-3";"1.125";"Env A";"";"Non"
2022;"00000";"2110178";"prothioconazole";"178928-70-6";"2.25";"Env A";"";"Non"
2022;"00000";"2110179";"(z)-8-dodecenol";"40642-40-8";"0.00136";"Env A";"";"Non"
2022;"00000";"2110179";"1-dodecanol";"112-53-8";"0.06392";"Env A";"";"Non"
2022;"00000";"2110179";"1-tetradecanol";"112-72-1";"0.01156";"Env A";"";"Non"
2022;"00000";"2110179";"acetate de e-8-dodecenyle";"38363-29-0";"0.00748";"Autre";"";"Non"
2022;"00000";"2110179";"acetate de z-8-dodecenyle";"28079-04-1";"0.14416";"Autre";"";"Non"
2022;"00000";"2110179";"e8,e10-dodecadiene-1-ol";"33956-49-9";"0.39168";"Env A";"";"Non"
2022;"00000";"2110180";"cuivre de l'oxyde cuivreux";"1317-39-1";"322.5750";"Env A";"Substitution";"Non"
2022;"00000";"2110191";"difenoconazole";"119446-68-3";"3.5";"Env A";"";"Non"
2022;"00000";"2110191";"tebuconazole";"107534-96-3";"8.75";"CMR";"";"Non"
2022;"00000";"2110192";"metsulfuron-methyl";"74223-64-6";"0.06";"Env A";"Substitution";"Non"
2022;"00000";"2110196";"bicarbonate de potassium";"298-14-6";"40.2135";"Autre";"";"Non"
2022;"00000";"2110197";"spiroxamine";"118134-30-8";"75.760";"CMR";"";"Oui"
2022;"00000";"2120041";"zirame";"137-30-4";"4643.389716";"Santé A";"";"Non"
2022;"00000";"2120048";"aminopyralid";"150114-71-9";"26.31";"Env A";"";"Non"
2022;"00000";"2120048";"triclopyr";"55335-06-3";"210.48";"Env B";"";"Non"
2022;"00000";"2120051";"aminopyralid";"150114-71-9";"3.72";"Env A";"";"Non"
2022;"00000";"2120051";"triclopyr";"55335-06-3";"37.2";"Env B";"";"Non"
2022;"00000";"2120057";"graisse de mouton";"";"2.24";"Autre";"";"Non"
2022;"00000";"2120066";"dichlorprop-p";"15165-67-0";"24";"Autre";"";"Non"
2022;"00000";"2120066";"picolinafen";"137641-05-5";"0.8";"Env A";"";"Non"
2022;"00000";"2120067";"cymoxanil";"57966-95-7";"16.20";"CMR";"";"Non"
2022;"00000";"2120070";"prothioconazole";"178928-70-6";"29.92";"Env A";"";"Non"
2022;"00000";"2120070";"tebuconazole";"107534-96-3";"14.96";"CMR";"";"Non"
2022;"00000";"2120071";"lambda-cyhalothrine";"91465-08-6";"0.00075";"Santé A";"Substitution";"Non"
2022;"00000";"2120075";"dimethenamide-p (dmta-p)";"163515-14-8";"84.01";"Env A";"";"Non"
2022;"00000";"2120075";"metazachlore";"67129-08-2";"84.01";"CMR";"";"Non"
2022;"00000";"2120075";"quinmerac";"90717-03-6";"42.005";"Env A";"";"Non"
2022;"00000";"2120081";"cydia pomonella granulovirus, isolat r5 (cpgv-r5)";"";"";"Autre";"";"Non"
2022;"00000";"2120087";"spinetoram";"935545-74-7";"20.1875";"CMR";"";"Non"
2022;"00000";"2120089";"2,4-mcpa";"94-74-6";"34.8";"Env A";"";"Non"
2022;"00000";"2120089";"diflufenicanil";"83164-33-4";"8.700";"Env B";"";"Non"
2022;"00000";"2120089";"glyphosate";"1071-83-6";"69.6";"Env A";"";"Non"
2022;"00000";"2120092";"ametoctradine";"865318-97-4";"16.5";"Env A";"";"Non"
2022;"00000";"2130152";"trifloxystrobine";"141517-21-7";"244.1450";"Env A";"";"Non"
2022;"00000";"2130153";"acide acetique";"64-19-7";"257.551794";"Autre";"";"Non"
2022;"00000";"2130158";"pyrimicarbe";"23103-98-2";"11.0";"CMR";"";"Non"
2022;"00000";"2130164";"cyprosulfamide";"221667-31-8";"22.425";"Autre";"";"Non"
2022;"00000";"2130164";"foramsulfuron";"173159-57-4";"44.85";"CMR";"";"Non"
2022;"00000";"2130164";"thiencarbazone-methyl";"317815-83-1";"14.95";"Env A";"";"Non"
2022;"00000";"2130167";"cyflufenamid";"180409-60-3";"0.03";"Env A";"";"Non"
2022;"00000";"2130167";"difenoconazole";"119446-68-3";"0.06";"Env A";"";"Non"
2022;"00000";"2130168";"dimethomorphe";"110488-70-5";"0.45";"Env A";"Exclusion";"Non"
2022;"00000";"2130168";"metirame";"9006-42-2";"2.2";"Env A";"";"Non"
2022;"00000";"2130175";"cydia pomonella granulovirus";"";"";"Autre";"";"Non"
2022;"00000";"2130193";"diflufenicanil";"83164-33-4";"29";"Env B";"";"Non"
2022;"00000";"2130193";"flufenacet";"142459-58-3";"58";"Env A";"";"Non"
2022;"00000";"2130202";"fluopyram";"658066-35-4";"24.84375";"Env A";"";"Non"
2022;"00000";"2130202";"prothioconazole";"178928-70-6";"24.84375";"Env A";"";"Non"
2022;"00000";"2130212";"phosmet";"732-11-6";"37.5";"CMR";"";"Non"
2022;"00000";"2130230";"trifloxystrobine";"141517-21-7";"2.5";"Env A";"";"Non"
2022;"00000";"2130242";"chlorotoluron";"15545-48-9";"42";"CMR";"";"Non"
2022;"00000";"2130242";"diflufenicanil";"83164-33-4";"2.8";"Env B";"";"Non"
2022;"00000";"2130244";"difenoconazole";"119446-68-3";"131.25";"Env A";"";"Non"
2022;"00000";"2130244";"mandipropamide";"374726-62-2";"131.25";"Env A";"";"Non"
2022;"00000";"2130249";"pendimethaline";"40487-42-1";"12";"Env A";"Substitution";"Non"
2022;"00000";"2130251";"lambda-cyhalothrine";"91465-08-6";"0.100";"Santé A";"Substitution";"Oui"
2022;"00000";"2130258";"cyflufenamid";"180409-60-3";"0.450";"Env A";"";"Oui"
2022;"00000";"2130258";"difenoconazole";"119446-68-3";"0.900";"Env A";"";"Oui"
2022;"00000";"2130266";"bromuconazole";"116255-48-2";"52.772";"CMR";"";"Non"
2022;"00000";"2130266";"tebuconazole";"107534-96-3";"33.812";"CMR";"";"Non"
2022;"00000";"2130271";"proquinazid";"189278-12-4";"4.64";"CMR";"";"Non"
2022;"00000";"2130271";"tetraconazole";"112281-77-3";"2.32";"Env A";"";"Non"
2022;"00000";"2130276";"pyraflufen-ethyl";"129630-19-9";"0.0265";"Env A";"";"Non"
2022;"00000";"2130277";"soufre";"7704-34-9";"2448";"Autre";"";"Non"
2022;"00000";"2140001";"acide gibberellique";"77-06-5";"48.22";"Autre";"";"Non"
2022;"00000";"2140018";"trinexapac-ethyl";"95266-40-3";"21.25";"Env A";"";"Non"
2022;"00000";"2140022";"oligomeres terpeniques";"70750-57-1";"36.4";"Autre";"";"Non"
2022;"00000";"2140027";"bicarbonate de potassium";"298-14-6";"4.25";"Autre";"";"Non"
2022;"00000";"2140037";"cymoxanil";"57966-95-7";"135";"CMR";"";"Non"
2022;"00000";"2140038";"fluopyram";"658066-35-4";"1.3206";"Env A";"";"Non"
2022;"00000";"2140038";"prothioconazole";"178928-70-6";"6.603";"Env A";"";"Non"
2022;"00000";"2140038";"tebuconazole";"107534-96-3";"3.9618";"CMR";"";"Non"
2022;"00000";"2140040";"phosmet";"732-11-6";"275.0";"CMR";"";"Non"
2022;"00000";"2140043";"e7,z9-dodecadienylacetate";"54364-62-4";"0.04501";"Env A";"";"Non"
2022;"00000";"2140044";"(z)-9-dodecenylacetate";"16974-11-1";"1.27842";"Env A";"";"Non"
2022;"00000";"2140044";"e7,z9-dodecadienylacetate";"54364-62-4";"11.33145";"Env A";"";"Non"
2022;"00000";"2140051";"fluxapyroxad";"907204-31-3";"3186.300576";"Santé A";"";"Non"
2022;"00000";"2140052";"clopyralid";"1702-17-6";"4.8";"Autre";"";"Non"
2022;"00000";"2140078";"fludioxonil";"131341-86-1";"50.205101";"Env A";"";"Non"
2022;"00000";"2140078";"tefluthrine";"79538-32-2";"200.820404";"Santé A";"";"Non"
2022;"00000";"2140082";"trinexapac-ethyl";"95266-40-3";"8.750";"Env A";"";"Non"
2022;"00000";"2140084";"polysulfure de calcium";"1344-81-6";"571.9";"Env A";"";"Non"
2022;"00000";"2140085";"abamectine";"71751-41-2";"2.682";"CMR";"";"Non"
2022;"00000";"2140090";"azadirachtine";"11141-17-6";"1.4112";"CMR";"";"Non"
2022;"00000";"2140094";"npv ha (nucleopolyhedrovirus d'helicoverpa armigera)";"";"";"Autre";"";"Non"
2022;"00000";"2140098";"aminopyralid";"150114-71-9";"1.44925";"Env A";"";"Non"
2022;"00000";"2140098";"propyzamide";"23950-58-5";"137.5";"CMR";"Substitution";"Non"
2022;"00000";"2140099";"quizalofop-p-ethyl";"100646-51-3";"3.75";"Env A";"";"Non"
2022;"00000";"2140104";"fludioxonil";"131341-86-1";"37.0464";"Env A";"";"Non"
2022;"00000";"2140106";"huile minerale paraffinique";"8042-47-5";"38.7100";"Autre";"";"Non"
2022;"00000";"2140121";"acide pelargonique";"112-05-0";"10705.895734";"Autre";"";"Non"
2022;"00000";"2140124";"dicamba";"1918-00-9";"5.25";"Env B";"";"Non"
2022;"00000";"2140124";"prosulfuron";"94125-34-5";"0.525";"Env A";"Substitution";"Non"
2022;"00000";"2140126";"cymoxanil";"57966-95-7";"1.65";"CMR";"";"Non"
2022;"00000";"2140126";"zoxamide";"156052-68-5";"1.65";"Env A";"";"Non"
2022;"00000";"2150054";"cypermethrine";"52315-07-8";"183.6";"Env A";"";"Non"
2022;"00000";"2150058";"difenoconazole";"119446-68-3";"137.5";"Env A";"";"Non"
2022;"00000";"2150067";"phosphonate de disodium";"13708-85-5";"5115.115";"Autre";"";"Non"
2022;"00000";"2150074";"phosphonate de disodium";"13708-85-5";"118.27";"Autre";"";"Non"
2022;"00000";"2150078";"clomazone";"81777-89-1";"0.24";"Env A";"";"Non"
2022;"00000";"2150078";"pethoxamide";"106700-29-2";"4";"Env A";"";"Non"
2022;"00000";"2150081";"cyflufenamid";"180409-60-3";"0.1482";"Env A";"";"Non"
2022;"00000";"2150081";"difenoconazole";"119446-68-3";"0.2964";"Env A";"";"Non"
2022;"00000";"2150084";"mesotrione";"104206-82-8";"4.14";"CMR";"";"Non"
2022;"00000";"2150085";"clopyralid";"1702-17-6";"2.5";"Autre";"";"Non"
2022;"00000";"2150086";"cyantraniliprole";"736994-63-1";"0.9";"Env A";"";"Non"
2022;"00000";"2150104";"huile minerale paraffinique";"8042-47-5";"375.82";"Autre";"";"Non"
2022;"00000";"2150105";"e7,z9-dodecadienylacetate";"54364-62-4";"103.78002";"Env A";"";"Non"
2022;"00000";"2150118";"soufre";"7704-34-9";"20482.6446";"Autre";"";"Non"
2022;"00000";"2150125";"diflufenicanil";"83164-33-4";"0.8";"Env B";"";"Non"
2022;"00000";"2150130";"florasulame";"145701-23-1";"0.32";"Env A";"";"Non"
2022;"00000";"2150140";"glyphosate";"1071-83-6";"4727.3148";"Env A";"";"Non"
2022;"00000";"2150245";"alphamethrine";"67375-30-8";"0.5";"Santé A";"Substitution";"Non"
2022;"00000";"2150248";"dimethomorphe";"110488-70-5";"24";"Env A";"Exclusion";"Non"
2022;"00000";"2150248";"fluazinam";"79622-59-6";"24";"CMR";"";"Non"
2022;"00000";"2150266";"difenoconazole";"119446-68-3";"2.500";"Env A";"";"Oui"
2022;"00000";"2150269";"cyazofamide";"120116-88-3";"0.375";"Env A";"";"Non"
2022;"00000";"2150269";"phosphonate de disodium";"13708-85-5";"3.75";"Autre";"";"Non"
2022;"00000";"2150277";"pyrimethanil";"53112-28-0";"6.4";"Env A";"";"Non"
2022;"00000";"2150353";"cuivre de l'oxyde cuivreux";"1317-39-1";"45.0";"Env A";"Substitution";"Non"
2022;"00000";"2150387";"ametoctradine";"865318-97-4";"318.756";"Env A";"";"Non"
2022;"00000";"2150387";"dimethomorphe";"110488-70-5";"239.06700";"Env A";"Exclusion";"Non"
2022;"00000";"2150417";"bacillus thuringiensis ssp kurstaki souche abts-351";"68038-71-1";"86.250222";"Autre";"";"Non"
2022;"00000";"2150443";"dithianon";"3347-22-6";"1.2";"Env A";"";"Non"
2022;"00000";"2150443";"pyraclostrobine";"175013-18-0";"0.4";"Santé A";"";"Non"
2022;"00000";"2150451";"difenoconazole";"119446-68-3";"0.500";"Env A";"";"Oui"
2022;"00000";"2150479";"cos-oga";"";"4.500";"Autre";"";"Non"
2022;"00000";"2150481";"aclonifen";"74070-46-5";"60";"CMR";"";"Non"
2022;"00000";"2150481";"clomazone";"81777-89-1";"3.60";"Env A";"";"Non"
2022;"00000";"2150483";"lambda-cyhalothrine";"91465-08-6";"6.40";"Santé A";"Substitution";"Non"
2022;"00000";"2150484";"clopyralid";"1702-17-6";"2.1";"Autre";"";"Non"
2022;"00000";"2150484";"florasulame";"145701-23-1";"0.175";"Env A";"";"Non"
2022;"00000";"2150571";"cyprodinyl";"121552-61-2";"7.5";"Env A";"";"Non"
2022;"00000";"2150571";"fludioxonil";"131341-86-1";"5";"Env A";"";"Non"
2022;"00000";"2150646";"fluopyram";"658066-35-4";"8.500";"Env A";"";"Oui"
2022;"00000";"2150646";"trifloxystrobine";"141517-21-7";"8.500";"Env A";"";"Oui"
2022;"00000";"2150742";"carfentrazone ethyl";"128639-02-1";"1.500";"Env A";"";"Oui"
2022;"00000";"2150752";"prosulfocarbe";"52888-80-9";"272";"Env A";"";"Non"
2022;"00000";"2150757";"diflufenicanil";"83164-33-4";"34.84";"Env B";"";"Non"
2022;"00000";"2150757";"glyphosate";"1071-83-6";"217.75";"Env A";"";"Non"
2022;"00000";"2150785";"mesotrione";"104206-82-8";"7";"CMR";"";"Non"
2022;"00000";"2150790";"phosphate ferrique";"10045-86-0";"176.9673";"Autre";"";"Non"
2022;"00000";"2150847";"clonostachys rosea j1446 (anciennement gliocladium catenulatum)";"";"1.3";"Autre";"";"Non"
2022;"00000";"2150870";"florasulame";"145701-23-1";"0.5";"Env A";"";"Non"
2022;"00000";"2150891";"difenoconazole";"119446-68-3";"2.5";"Env A";"";"Non"
2022;"00000";"2150914";"fosetyl-aluminium";"39148-24-8";"672";"Autre";"";"Non"
2022;"00000";"2150964";"lambda-cyhalothrine";"91465-08-6";"15.08";"Santé A";"Substitution";"Non"
2022;"00000";"2150968";"2,4-d";"94-75-7";"43.54";"Env B";"";"Non"
2022;"00000";"2150968";"dicamba";"1918-00-9";"6.22";"Env B";"";"Non"
2022;"00000";"2150969";"phosphate ferrique";"10045-86-0";"2.194236";"Autre";"";"Non"
2022;"00000";"2160008";"fluopyram";"658066-35-4";"14.4";"Env A";"";"Non"
2022;"00000";"2160008";"tebuconazole";"107534-96-3";"14.4";"CMR";"";"Non"
2022;"00000";"2160016";"cymoxanil";"57966-95-7";"3.6508";"CMR";"";"Non"
2022;"00000";"2160016";"folpel";"133-07-3";"22.8175";"CMR";"";"Non"
2022;"00000";"2160016";"fosetyl-aluminium";"39148-24-8";"45.635";"Autre";"";"Non"
2022;"00000";"2160064";"fludioxonil";"131341-86-1";"723.946505";"Env A";"";"Non"
2022;"00000";"2160064";"tebuconazole";"107534-96-3";"144.789301";"CMR";"";"Non"
2022;"00000";"2160824";"metirame";"9006-42-2";"13.200";"Env A";"";"Oui"
2022;"00000";"2160841";"bacillus amyloliquefaciens subsp plantarum d747";"";"";"Autre";"";"Non"
2022;"00000";"2160842";"metribuzine";"21087-64-9";"2.8";"Env A";"";"Non"
2022;"00000";"2160860";"difenoconazole";"119446-68-3";"3.00";"Env A";"";"Non"
2022;"00000";"2160920";"fluroxypyr-meptyl";"81406-37-3";"26.2575";"Env A";"";"Non"
2022;"00000";"2160920";"metsulfuron-methyl";"74223-64-6";"0.675";"Env A";"Substitution";"Non"
2022;"00000";"2160920";"thifensulfuron-methyle";"79277-27-3";"4.05";"Env A";"";"Non"
2022;"00000";"2160931";"bixafen";"581809-46-3";"268.56375";"Env A";"";"Non"
2022;"00000";"2160931";"fluopyram";"658066-35-4";"268.56375";"Env A";"";"Non"
2022;"00000";"2160931";"prothioconazole";"178928-70-6";"537.1275";"Env A";"";"Non"
2022;"00000";"2160936";"cloquintocet-mexyl";"99607-70-2";"0.672";"Autre";"";"Non"
2022;"00000";"2160936";"fluroxypyr-meptyl";"81406-37-3";"22.568";"Env A";"";"Non"
2022;"00000";"2160936";"halauxifen-methyl";"943831-98-9";"0.700";"Env A";"";"Non"
2022;"00000";"2160937";"cloquintocet-mexyl";"99607-70-2";"1.374";"Autre";"";"Non"
2022;"00000";"2160937";"florasulame";"145701-23-1";"1.145";"Env A";"";"Non"
2022;"00000";"2160937";"halauxifen-methyl";"943831-98-9";"1.43125";"Env A";"";"Non"
2022;"00000";"2160959";"benzovindiflupyr";"1072957-71-1";"35.250";"Santé A";"Substitution";"Non"
2022;"00000";"2160959";"prothioconazole";"178928-70-6";"70.50";"Env A";"";"Non"
2022;"00000";"2160962";"fluxapyroxad";"907204-31-3";"18.6";"Santé A";"";"Non"
2022;"00000";"2160963";"fluxapyroxad";"907204-31-3";"83.106";"Santé A";"";"Non"
2022;"00000";"2160967";"1,4-dimethylnaphtalene";"571-58-4";"6.121315";"Env A";"";"Non"
2022;"00000";"2160985";"huile de paraffine";"97862-82-3";"360";"Autre";"";"Non"
2022;"00000";"2161080";"eugenol";"97-53-0";"6.75774";"Autre";"";"Non"
2022;"00000";"2161080";"geraniol";"106-24-1";"13.51548";"Autre";"";"Non"
2022;"00000";"2161080";"thymol";"89-83-8";"13.51548";"Env A";"";"Non"
2022;"00000";"2161101";"fluxapyroxad";"907204-31-3";"111.37875";"Santé A";"";"Non"
2022;"00000";"2161101";"pyraclostrobine";"175013-18-0";"222.7575";"Santé A";"";"Non"
2022;"00000";"2161106";"pyrethrines";"8003-34-7";"0.1";"Env A";"";"Non"
2022;"00000";"2169998";"trichoderma atroviride souche sc1";"";"";"Autre";"";"Non"
2022;"00000";"2169999";"cyantraniliprole";"736994-63-1";"0.2";"Env A";"";"Non"
2022;"00000";"2170031";"metamitrone";"41394-05-2";"119.0";"Env A";"";"Non"
2022;"00000";"2170035";"tribenuron-methyle";"101200-48-0";"0.45";"Env A";"";"Non"
2022;"00000";"2170085";"dithianon";"3347-22-6";"253.33750";"Env A";"";"Non"
2022;"00000";"2170085";"phosphonate de potassium";"13492-26-7";"1137.384040";"Autre";"";"Non"
2022;"00000";"2170139";"pyrimiphos-methyl";"29232-93-7";"7.4";"Santé A";"";"Non"
2022;"00000";"2170158";"dimethenamide-p (dmta-p)";"163515-14-8";"8.67465";"Env A";"";"Non"
2022;"00000";"2170158";"quinmerac";"90717-03-6";"4.35035";"Env A";"";"Non"
2022;"00000";"2170194";"fosetyl";"15845-66-6";"3.1";"Autre";"";"Non"
2022;"00000";"2170194";"propamocarbe";"24579-73-5";"5.3";"Autre";"";"Non"
2022;"00000";"2170200";"difenoconazole";"119446-68-3";"7.5";"Env A";"";"Non"
2022;"00000";"2170208";"iodosulfuron-methyl-sodium";"144550-36-7";"0.222";"Env A";"";"Non"
2022;"00000";"2170208";"mefenpyr-diethyl";"135590-91-9";"3.33";"Autre";"";"Non"
2022;"00000";"2170208";"mesosulfuron-methyl";"208465-21-8";"1.11";"Env A";"";"Non"
2022;"00000";"2170216";"cloquintocet-mexyl";"99607-70-2";"0.7";"Autre";"";"Non"
2022;"00000";"2170216";"diflufenicanil";"83164-33-4";"2.8";"Env B";"";"Non"
2022;"00000";"2170216";"florasulame";"145701-23-1";"0.14";"Env A";"";"Non"
2022;"00000";"2170216";"iodosulfuron-methyl-sodium";"144550-36-7";"0.35";"Env A";"";"Non"
2022;"00000";"2170230";"azoxystrobine";"131860-33-8";"0.52290";"Santé A";"";"Non"
2022;"00000";"2170230";"fludioxonil";"131341-86-1";"1.307250";"Env A";"";"Non"
2022;"00000";"2170230";"metalaxyl-m";"70630-17-0";"1.01094";"Autre";"";"Non"
2022;"00000";"2170230";"thiabendazole";"148-79-8";"10.458";"Env A";"";"Non"
2022;"00000";"2170237";"iodosulfuron-methyl-sodium";"144550-36-7";"0.243";"Env A";"";"Non"
2022;"00000";"2170237";"mefenpyr-diethyl";"135590-91-9";"0.729";"Autre";"";"Non"
2022;"00000";"2170237";"mesosulfuron-methyl";"208465-21-8";"0.243";"Env A";"";"Non"
2022;"00000";"2170237";"thiencarbazone-methyl";"317815-83-1";"0.2025";"Env A";"";"Non"
2022;"00000";"2170243";"acide pelargonique";"112-05-0";"2117.215";"Autre";"";"Non"
2022;"00000";"2170263";"cypermethrine";"52315-07-8";"3.000";"Env A";"";"Oui"
2022;"00000";"2170321";"acide pelargonique";"112-05-0";"100.0";"Autre";"";"Non"
2022;"00000";"2170332";"dimethomorphe";"110488-70-5";"4.5";"Env A";"Exclusion";"Non"
2022;"00000";"2170332";"zoxamide";"156052-68-5";"4.5";"Env A";"";"Non"
2022;"00000";"2170355";"acide pelargonique";"112-05-0";"28.994510";"Autre";"";"Non"
2022;"00000";"2170992";"isoxadifen-ethyl";"163520-33-0";"2.412";"Env A";"";"Non"
2022;"00000";"2170992";"tembotrione";"335104-84-2";"6.21";"CMR";"";"Non"
2022;"00000";"2170992";"thiencarbazone-methyl";"317815-83-1";"1.224";"Env A";"";"Non"
2022;"00000";"2170997";"soufre pour pulverisation (micronise)";"7704-34-9";"36";"Autre";"";"Non"
2022;"00000";"2171010";"isofetamide";"875915-78-9";"162.460";"Env A";"";"Non"
2022;"00000";"2171049";"acide benzoique";"65-85-0";"5.4";"Santé A";"";"Non"
2022;"00000";"2171054";"diflufenicanil";"83164-33-4";"72.64";"Env B";"";"Non"
2022;"00000";"2171054";"flufenacet";"142459-58-3";"145.28";"Env A";"";"Non"
2022;"00000";"2171058";"dicamba";"1918-00-9";"7.2";"Env B";"";"Non"
2022;"00000";"2171066";"imazamox";"114311-32-9";"0.00875";"Env A";"Substitution";"Non"
2022;"00000";"2171067";"bicarbonate de potassium";"298-14-6";"4.071857";"Autre";"";"Non"
2022;"00000";"2171073";"flazasulfuron";"104040-78-0";"15.0750";"Env A";"";"Non"
2022;"00000";"2171086";"pyriproxyfene";"95737-68-1";"0.8";"Env A";"";"Non"
2022;"00000";"2171089";"spinosad";"168316-95-8";"0.048";"Env A";"";"Non"
2022;"00000";"2171111";"metamitrone";"41394-05-2";"66.5";"Env A";"";"Non"
2022;"00000";"2171119";"mandipropamide";"374726-62-2";"177.0725";"Env A";"";"Non"
2022;"00000";"2171119";"zoxamide";"156052-68-5";"169.9896";"Env A";"";"Non"
2022;"00000";"2171126";"(e)-5-decen-1-yl acetate";"38421-90-8";"0.327726";"Autre";"";"Non"
2022;"00000";"2171126";"e-5-decen-1-ol";"56578-18-8";"0.057834";"Autre";"";"Non"
2022;"00000";"2171126";"e/z8 acetate de dodecenyle";"37338-40-2";"0.727272";"Autre";"";"Non"
2022;"00000";"2171126";"n-hexadecylacetate";"629-70-9";"0.269136";"Autre";"";"Non"
2022;"00000";"2171134";"dithianon";"3347-22-6";"107.905";"Env A";"";"Non"
2022;"00000";"2171140";"dithianon";"3347-22-6";"98.0";"Env A";"";"Non"
2022;"00000";"2171141";"chlormequat chlorure";"999-81-5";"91.5";"Autre";"";"Non"
2022;"00000";"2171141";"ethephon";"16672-87-0";"45.75";"Santé A";"";"Non"
2022;"00000";"2171200";"bicarbonate de potassium";"298-14-6";"933.852936";"Autre";"";"Non"
2022;"00000";"2171204";"triflusulfuron-methyl";"126535-15-7";"0.24";"CMR";"";"Non"
2022;"00000";"2171243";"fosetyl-aluminium";"39148-24-8";"88";"Autre";"";"Non"
2022;"00000";"2171250";"huile minerale blanche";"8042-47-5";"61.15245";"Autre";"";"Non"
2022;"00000";"2171251";"dicamba";"1918-00-9";"0.55";"Env B";"";"Non"
2022;"00000";"2171251";"nicosulfuron";"111991-09-4";"0.092";"Env A";"";"Non"
2022;"00000";"2171251";"rimsulfuron";"122931-48-0";"0.023";"Env A";"";"Non"
2022;"00000";"2171253";"bacillus amyloliquefaciens souche mbi 600";"NC";"";"Autre";"";"Non"
2022;"00000";"2171306";"acide alpha naphtylacetique (ana)";"86-87-3";"0.453";"CMR";"";"Non"
2022;"00000";"2171307";"alpha naphtyl acetamide (nad)";"86-86-2";"0.336";"CMR";"";"Non"
2022;"00000";"2171312";"huile de colza";"8002-13-9";"24.710";"Autre";"";"Non"
2022;"00000";"2171312";"pyrethrines";"8003-34-7";"0.24710";"Env A";"";"Non"
2022;"00000";"2180009";"dicamba";"1918-00-9";"4.27";"Env B";"";"Non"
2022;"00000";"2180009";"tritosulfuron";"142469-14-5";"2.135";"Env A";"";"Non"
2022;"00000";"2180029";"clomazone";"81777-89-1";"19.8";"Env A";"";"Non"
2022;"00000";"2180039";"fluopyram";"658066-35-4";"3.3750";"Env A";"";"Non"
2022;"00000";"2180039";"trifloxystrobine";"141517-21-7";"3.3750";"Env A";"";"Non"
2022;"00000";"2180088";"s-metolachlore";"87392-12-9";"57.6";"Env A";"";"Non"
2022;"00000";"2180094";"cymoxanil";"57966-95-7";"9";"CMR";"";"Non"
2022;"00000";"2180094";"fluazinam";"79622-59-6";"13.5";"CMR";"";"Non"
2022;"00000";"2180123";"benzovindiflupyr";"1072957-71-1";"3.000268";"Santé A";"Substitution";"Non"
2022;"00000";"2180123";"difenoconazole";"119446-68-3";"10.017844";"Env A";"";"Non"
2022;"00000";"2180124";"metalaxyl";"57837-19-1";"123.7072";"Env B";"";"Non"
2022;"00000";"2180124";"prothioconazole";"178928-70-6";"618.536";"Env A";"";"Non"
2022;"00000";"2180147";"phosphate ferrique";"10045-86-0";"0.675";"Autre";"";"Non"
2022;"00000";"2180189";"lenacile";"2164-08-1";"23.562";"CMR";"";"Non"
2022;"00000";"2180189";"triflusulfuron-methyl";"126535-15-7";"2.343";"CMR";"";"Non"
2022;"00000";"2180196";"azoxystrobine";"131860-33-8";"1.25";"Santé A";"";"Non"
2022;"00000";"2180233";"dicamba";"1918-00-9";"24.624";"Env B";"";"Non"
2022;"00000";"2180244";"acide acetique";"64-19-7";"6.54";"Autre";"";"Non"
2022;"00000";"2180245";"acide acetique";"64-19-7";"20.4";"Autre";"";"Non"
2022;"00000";"2180246";"cuivre du sulfate tribasique";"12527-76-3";"15";"Env A";"Substitution";"Non"
2022;"00000";"2180256";"sulfate de fer monohydrate";"17375-41-6";"1397.7920";"Autre";"";"Non"
2022;"00000";"2180260";"metaldehyde";"108-62-3";"28.80";"CMR";"";"Non"
2022;"00000";"2180275";"cerevisane";"68876-77-7";"1.65616";"Autre";"";"Non"
2022;"00000";"2180283";"sulfate de fer (sulfate ferreux heptahydrate)";"7782-63-0";"2039.040";"Autre";"";"Non"
2022;"00000";"2190639";"dimethenamide-p (dmta-p)";"163515-14-8";"8.508";"Env A";"";"Non"
2022;"00000";"2190639";"metazachlore";"67129-08-2";"25.524";"CMR";"";"Non"
2022;"00000";"2190639";"quinmerac";"90717-03-6";"8.508";"Env A";"";"Non"
2022;"00000";"2190652";"soufre";"7704-34-9";"40";"Autre";"";"Non"
2022;"00000";"2190659";"azoxystrobine";"131860-33-8";"2.8";"Santé A";"";"Non"
2022;"00000";"2190659";"difenoconazole";"119446-68-3";"1.750";"Env A";"";"Non"
2022;"00000";"2190686";"fluxapyroxad";"907204-31-3";"28.6295";"Santé A";"";"Non"
2022;"00000";"2190686";"mefentrifluconazole";"1417782-03-6";"57.259";"Env A";"";"Non"
2022;"00000";"2190687";"fludioxonil";"131341-86-1";"126.0";"Env A";"";"Non"
2022;"00000";"2190717";"penconazole";"66246-88-6";"7.800";"CMR";"";"Oui"
2022;"00000";"2190722";"aclonifen";"74070-46-5";"1038.000";"CMR";"";"Oui"
2022;"00000";"2190730";"cos-oga";"";"3.3125";"Autre";"";"Non"
2022;"00000";"2190760";"spinosad";"168316-95-8";"5.6491";"Env A";"";"Non"
2022;"00000";"2190808";"huile de colza";"8002-13-9";"63.3460";"Autre";"";"Non"
2022;"00000";"2190808";"pyrethrines";"8003-34-7";"0.633460";"Env A";"";"Non"
2022;"00000";"2190811";"sels de potassium d'acides gras (c8-c18)";"67701-09-1";"16.9453";"Autre";"";"Non"
2022;"00000";"2190811";"soufre";"7704-34-9";"6.77812";"Autre";"";"Non"
2022;"00000";"2190858";"mandipropamide";"374726-62-2";"3";"Env A";"";"Non"
2022;"00000";"2190858";"zoxamide";"156052-68-5";"2.88";"Env A";"";"Non"
2022;"00000";"2190863";"phosphonate de potassium";"13492-26-7";"169.850";"Autre";"";"Oui"
2022;"00000";"2190874";"soufre";"7704-34-9";"1.8176";"Autre";"";"Non"
2022;"00000";"2190883";"prothioconazole";"178928-70-6";"24.50";"Env A";"";"Non"
2022;"00000";"2190925";"dimethenamide-p (dmta-p)";"163515-14-8";"3.330";"Env A";"";"Non"
2022;"00000";"2190925";"quinmerac";"90717-03-6";"1.670";"Env A";"";"Non"
2022;"00000";"2190963";"mandipropamide";"374726-62-2";"1";"Env A";"";"Non"
2022;"00000";"2190963";"zoxamide";"156052-68-5";"0.96";"Env A";"";"Non"
2022;"00000";"2190972";"mandipropamide";"374726-62-2";"2.000";"Env A";"";"Oui"
2022;"00000";"2190972";"zoxamide";"156052-68-5";"1.920";"Env A";"";"Oui"
2022;"00000";"2190975";"cyflufenamid";"180409-60-3";"0.231";"Env A";"";"Non"
2022;"00000";"2199998";"cyantraniliprole";"736994-63-1";"2";"Env A";"";"Non"
2022;"00000";"2200017";"fosetyl-aluminium";"39148-24-8";"40.000";"Autre";"";"Oui"
2022;"00000";"2200048";"bacillus thuringiensis ssp kurstaki souche eg 2348";"68038-71-1";"";"Autre";"";"Non"
2022;"00000";"2200059";"huile essentielle d'orange douce";"8028-48-6";"521.231406";"Env A";"";"Non"
2022;"00000";"2200063";"tebuconazole";"107534-96-3";"22.5";"CMR";"";"Non"
2022;"00000";"2200066";"fenpicoxamide";"517875-34-2";"21.7415";"Env A";"";"Non"
2022;"00000";"2200067";"phosphate ferrique dihydrate";"14567-75-0";"0.344";"Autre";"";"Non"
2022;"00000";"2200068";"phosphate ferrique dihydrate";"14567-75-0";"0.913752";"Autre";"";"Non"
2022;"00000";"2200078";"oxathiapiproline";"1003318-67-9";"1.142";"Env A";"";"Non"
2022;"00000";"2200123";"boscalid";"188425-85-6";"0.306";"Env A";"";"Non"
2022;"00000";"2200123";"pyraclostrobine";"175013-18-0";"0.51";"Santé A";"";"Non"
2022;"00000";"2200132";"e7,z9-dodecadienylacetate";"54364-62-4";"33.370445";"Env A";"";"Non"
2022;"00000";"2200150";"fosetyl-aluminium";"39148-24-8";"36";"Autre";"";"Non"
2022;"00000";"2200197";"paecilomyces lilacinus souche 251";"";"";"Autre";"";"Non"
2022;"00000";"2200215";"clethodime";"99129-21-2";"13.2";"Env B";"";"Non"
2022;"00000";"2200274";"cyprodinyl";"121552-61-2";"75.000";"Env A";"";"Non"
2022;"00000";"2200274";"fludioxonil";"131341-86-1";"50.00";"Env A";"";"Non"
2022;"00000";"2200275";"triflusulfuron-methyl";"126535-15-7";"6.1";"CMR";"";"Non"
2022;"00000";"2200296";"lambda-cyhalothrine";"91465-08-6";"0.65";"Santé A";"Substitution";"Non"
2022;"00000";"2200304";"chlorantraniliprole";"500008-45-7";"2.6";"Env A";"";"Non"
2022;"00000";"2200305";"huile essentielle d'orange douce";"8028-48-6";"0.300";"Env A";"";"Oui"
2022;"00000";"2200388";"e8,e10-dodecadiene-1-ol";"33956-49-9";"0.307923";"Env A";"";"Non"
2022;"00000";"2200389";"(z)-9-dodecenylacetate";"16974-11-1";"165.160126";"Env A";"";"Non"
2022;"00000";"2200389";"e7,z9-dodecadienylacetate";"54364-62-4";"144.396233";"Env A";"";"Non"
2022;"00000";"2200393";"fluazinam";"79622-59-6";"45.000";"CMR";"";"Oui"
2022;"00000";"2200476";"phosphonate de potassium";"13492-26-7";"151";"Autre";"";"Non"
2022;"00000";"2200510";"cerevisane";"68876-77-7";"0.941";"Autre";"";"Oui"
2022;"00000";"2200518";"prothioconazole";"178928-70-6";"11.25";"Env A";"";"Non"
2022;"00000";"2200521";"tebuconazole";"107534-96-3";"2.5";"CMR";"";"Non"
2022;"00000";"2200526";"acide pelargonique";"112-05-0";"3499.732470";"Autre";"";"Non"
2022;"00000";"2200593";"soufre";"7704-34-9";"328.000";"Autre";"";"Oui"
2022;"00000";"2200620";"ethephon";"16672-87-0";"0.6";"Santé A";"";"Non"
2022;"00000";"2200736";"oxathiapiproline";"1003318-67-9";"1.488";"Env A";"";"Non"
2022;"00000";"2200753";"glyphosate";"1071-83-6";"1109.7324";"Env A";"";"Non"
2022;"00000";"2200756";"prohexadione-calcium";"127277-53-6";"7.0";"Env B";"";"Non"
2022;"00000";"2200760";"difenoconazole";"119446-68-3";"4.25";"Env A";"";"Non"
2022;"00000";"2200839";"azoxystrobine";"131860-33-8";"45.000";"Santé A";"";"Oui"
2022;"00000";"2200861";"2,4-d";"94-75-7";"10.32";"Env B";"";"Non"
2022;"00000";"2200861";"dicamba";"1918-00-9";"5.16";"Env B";"";"Non"
2022;"00000";"2200862";"2,4-d";"94-75-7";"2.2";"Env B";"";"Non"
2022;"00000";"2200862";"dicamba";"1918-00-9";"1.1";"Env B";"";"Non"
2022;"00000";"2200862";"sulfate de fer (sulfate ferreux heptahydrate)";"7782-63-0";"473";"Autre";"";"Non"
2022;"00000";"2200891";"fluxapyroxad";"907204-31-3";"0.625";"Santé A";"";"Non"
2022;"00000";"2200904";"bromuconazole";"116255-48-2";"144";"CMR";"";"Non"
2022;"00000";"2200905";"difenoconazole";"119446-68-3";"1.35";"Env A";"";"Non"
2022;"00000";"2200914";"e7,z9-dodecadienylacetate";"54364-62-4";"2.352";"Env A";"";"Non"
2022;"00000";"2201009";"etofenprox";"80844-07-1";"1.4375";"Santé A";"";"Non"
2022;"00000";"2210008";"clomazone";"81777-89-1";"7.56";"Env A";"";"Non"
2022;"00000";"2210009";"butoxyde de piperonyle";"51-03-6";"86.4";"Autre";"";"Non"
2022;"00000";"2210009";"deltamethrine";"52918-63-5";"9.6";"Santé A";"";"Non"
2022;"00000";"2210011";"clomazone";"81777-89-1";"0.55";"Env A";"";"Non"
2022;"00000";"2210011";"pendimethaline";"40487-42-1";"2.75";"Env A";"Substitution";"Non"
2022;"00000";"2210012";"ethephon";"16672-87-0";"9.9";"Santé A";"";"Non"
2022;"00000";"2210013";"fenpicoxamide";"517875-34-2";"1.25";"Env A";"";"Non"
2022;"00000";"2210013";"prothioconazole";"178928-70-6";"2.5";"Env A";"";"Non"
2022;"00000";"2210027";"metazachlore";"67129-08-2";"115";"CMR";"";"Non"
2022;"00000";"2210063";"bacillus amyloliquefaciens subsp plantarum d747";"";"";"Autre";"";"Non"
2022;"00000";"2210128";"phosphonate de potassium";"13492-26-7";"67.95";"Autre";"";"Non"
2022;"00000";"2210138";"metazachlore";"67129-08-2";"56";"CMR";"";"Non"
2022;"00000";"2210138";"quinmerac";"90717-03-6";"14";"Env A";"";"Non"
2022;"00000";"2210146";"aminopyralid";"150114-71-9";"0.3180";"Env A";"";"Non"
2022;"00000";"2210146";"metazachlore";"67129-08-2";"30.0";"CMR";"";"Non"
2022;"00000";"2210146";"piclorame";"1918-02-1";"0.7980";"Env A";"";"Non"
2022;"00000";"2210192";"prosulfocarbe";"52888-80-9";"80";"Env A";"";"Non"
2022;"00000";"2210251";"cyazofamide";"120116-88-3";"0.5608";"Env A";"";"Non"
2022;"00000";"2210251";"folpel";"133-07-3";"5.608";"CMR";"";"Non"
2022;"00000";"2210348";"dithianon";"3347-22-6";"11.25";"Env A";"";"Non"
2022;"00000";"2210348";"phosphonate de potassium";"13492-26-7";"50.508";"Autre";"";"Non"
2022;"00000";"2210355";"esters methyliques d'acides gras c16-c18 et c18 insatures";"67762-38-3";"84.06";"Autre";"";"Non"
2022;"00000";"2210355";"sulfate d'ammonium";"7783-20-2";"27.396";"Autre";"";"Non"
2022;"00000";"2210380";"chlorantraniliprole";"500008-45-7";"0.2";"Env A";"";"Non"
2022;"00000";"2210423";"butoxyde de piperonyle";"51-03-6";"35.1";"Autre";"";"Non"
2022;"00000";"2210423";"deltamethrine";"52918-63-5";"3.9";"Santé A";"";"Non"
2022;"00000";"2210443";"glyphosate";"1071-83-6";"453.6";"Env A";"";"Non"
2022;"00000";"2210452";"prothioconazole";"178928-70-6";"1.25";"Env A";"";"Non"
2022;"00000";"2210563";"acide pelargonique";"112-05-0";"0.7";"Autre";"";"Non"
2022;"00000";"2210567";"mefentrifluconazole";"1417782-03-6";"2.38260";"Env A";"";"Non"
2022;"00000";"2210567";"pyraclostrobine";"175013-18-0";"2.508";"Santé A";"";"Non"
2022;"00000";"2210568";"fluxapyroxad";"907204-31-3";"6.6465";"Santé A";"";"Non"
2022;"00000";"2210568";"mefentrifluconazole";"1417782-03-6";"7.0035";"Env A";"";"Non"
2022;"00000";"2210610";"(z)-8-dodecenol";"40642-40-8";"0.2";"Env A";"";"Non"
2022;"00000";"2210610";"acetate de e-8-dodecenyle";"38363-29-0";"0.2";"Autre";"";"Non"
2022;"00000";"2210610";"acetate de z-8-dodecenyle";"28079-04-1";"0.2";"Autre";"";"Non"
2022;"00000";"2210614";"clomazone";"81777-89-1";"6.48";"Env A";"";"Non"
2022;"00000";"2210742";"prothioconazole";"178928-70-6";"5";"Env A";"";"Non"
2022;"00000";"2210742";"tebuconazole";"107534-96-3";"5";"CMR";"";"Non"
2022;"00000";"2210743";"prothioconazole";"178928-70-6";"20.000";"Env A";"";"Non"
2022;"00000";"2210743";"tebuconazole";"107534-96-3";"20.000";"CMR";"";"Non"
2022;"00000";"2210753";"lambda-cyhalothrine";"91465-08-6";"0.28";"Santé A";"Substitution";"Non"
2022;"00000";"2210797";"mefentrifluconazole";"1417782-03-6";"0.1545";"Env A";"";"Non"
2022;"00000";"2210840";"prothioconazole";"178928-70-6";"2.5";"Env A";"";"Non"
2022;"00000";"2210858";"diflufenicanil";"83164-33-4";"93";"Env B";"";"Non"
2022;"00000";"2210858";"flufenacet";"142459-58-3";"186";"Env A";"";"Non"
2022;"00000";"2210880";"benthiavalicarbe";"177406-68-7";"0.28";"CMR";"";"Non"
2022;"00000";"9100525";"tebufenpyrad";"119168-77-3";"0.7";"Santé A";"";"Non"
2022;"00000";"9100554";"dimethomorphe";"110488-70-5";"0.5";"Env A";"Exclusion";"Non"
2022;"00000";"9100636";"fluazinam";"79622-59-6";"2.5";"CMR";"";"Non"
2022;"00000";"9120616";"sulfate de fer (sulfate ferreux heptahydrate)";"7782-63-0";"4.55";"Autre";"";"Non"
2022;"00000";"9200058";"acide b-indole butyrique (aib)";"133-32-4";"0.010";"CMR";"";"Non"
2022;"00000";"9200060";"acide b-indole butyrique (aib)";"133-32-4";"21.8";"CMR";"";"Non"
2022;"00000";"9200062";"acide b-indole butyrique (aib)";"133-32-4";"0.010";"CMR";"";"Non"
2022;"00000";"9200073";"triflusulfuron-methyl";"126535-15-7";"3.90";"CMR";"";"Non"
2022;"00000";"9200078";"tebuconazole";"107534-96-3";"7.5";"CMR";"";"Non"
2022;"00000";"9200086";"phosphure d'aluminium";"20859-73-8";"567.504";"Santé A";"";"Non"
2022;"00000";"9200135";"cypermethrine";"52315-07-8";"0.09375";"Env A";"";"Non"
2022;"00000";"9200159";"pyrimethanil";"53112-28-0";"14";"Env A";"";"Non"
2022;"00000";"9200214";"soufre pour pulverisation (micronise)";"7704-34-9";"11554.056";"Autre";"";"Non"
2022;"00000";"9200215";"cymoxanil";"57966-95-7";"27.35664";"CMR";"";"Non"
2022;"00000";"9200215";"metirame";"9006-42-2";"324.8601";"Env A";"";"Non"
2022;"00000";"9200380";"flutolanil";"66332-96-5";"36.0";"Env A";"";"Non"
2022;"00000";"9200383";"lambda-cyhalothrine";"91465-08-6";"0.225";"Santé A";"Substitution";"Non"
2022;"00000";"9200436";"cuivre de l'oxychlorure de cuivre";"1332-40-7";"329.733";"Santé A";"Substitution";"Oui"
2022;"00000";"9200436";"cymoxanil";"57966-95-7";"32.9733";"CMR";"";"Oui"
2022;"00000";"9200482";"bacillus thuringiensis ssp kurstaki souche sa-11";"68038-71-1";"575.1355";"Autre";"";"Non"
2022;"00000";"9200532";"polybutene";"9003-29-6";"3765.39865";"Autre";"";"Non"
2022;"00000";"9200532";"polyisobutene";"115-11-7";"2027.52235";"Autre";"";"Non"
2022;"00000";"9200548";"thirame";"137-26-8";"0.1536";"Env A";"";"Non"
2022;"00000";"9300005";"phosphure d'aluminium";"20859-73-8";"2257.92";"Santé A";"";"Non"
2022;"00000";"9300032";"tebufenozide";"112410-23-8";"3.6";"Env A";"";"Non"
2022;"00000";"9300108";"captane";"133-06-2";"396";"CMR";"";"Non"
2022;"00000";"9300143";"folpel";"133-07-3";"633.560";"CMR";"";"Non"
2022;"00000";"9300186";"tebuconazole";"107534-96-3";"36.50";"CMR";"";"Non"
2022;"00000";"9300189";"fluroxypyr";"69377-81-7";"7.52";"Env B";"";"Non"
2022;"00000";"9300189";"triclopyr";"55335-06-3";"22.56";"Env B";"";"Non"
2022;"00000";"9300241";"glyphosate";"1071-83-6";"21.250";"Env A";"";"Non"
2022;"00000";"9300285";"ethephon";"16672-87-0";"4.32";"Santé A";"";"Non"
2022;"00000";"9300305";"prochloraze";"67747-09-5";"2.268";"Env A";"";"Non"
2022;"00000";"9300322";"metamitrone";"41394-05-2";"105.0";"Env A";"";"Non"
2022;"00000";"9300335";"ethofumesate";"26225-79-6";"5.64";"Env A";"";"Non"
2022;"00000";"9300335";"phenmediphame";"13684-63-4";"5.82";"Env A";"";"Non"
2022;"00000";"9300487";"difenoconazole";"119446-68-3";"31.7";"Env A";"";"Non"
2022;"00000";"9300487";"fenpropidine";"67306-00-7";"118.875";"Env A";"";"Non"
2022;"00000";"9300490";"cuivre de l'oxychlorure de cuivre";"1332-40-7";"200";"Santé A";"Substitution";"Non"
2022;"00000";"9300504";"huile de vaseline";"8042-47-5";"19399.665";"Autre";"";"Non"
2022;"00000";"9300571";"cuivre du sulfate de cuivre";"8011-63-0";"85";"Env A";"Substitution";"Non"
2022;"00000";"9400008";"triticonazole";"131983-72-7";"95.799";"Env A";"";"Non"
2022;"00000";"9400012";"tetraconazole";"112281-77-3";"11.21";"Env A";"";"Non"
2022;"00000";"9400039";"huile de colza";"8002-13-9";"64.78";"Autre";"";"Non"
2022;"00000";"9400052";"clethodime";"99129-21-2";"34.08";"Env B";"";"Non"
2022;"00000";"9400083";"2,4-mcpa";"94-74-6";"86.4";"Env A";"";"Non"
2022;"00000";"9400083";"dichlorprop-p";"15165-67-0";"43.2";"Autre";"";"Non"
2022;"00000";"9400083";"mecoprop-p (mcpp-p)";"16484-77-8";"43.2";"Env A";"";"Non"
2022;"00000";"9400085";"etofenprox";"80844-07-1";"73.3125";"Santé A";"";"Non"
2022;"00000";"9400109";"2,4-d";"94-75-7";"1.225";"Env B";"";"Non"
2022;"00000";"9400109";"dicamba";"1918-00-9";"0.175";"Env B";"";"Non"
2022;"00000";"9400202";"phosphure d'aluminium";"20859-73-8";"69.768";"Santé A";"";"Non"
2022;"00000";"9400280";"flumioxazine";"103361-09-7";"119.570";"CMR";"";"Oui"
2022;"00000";"9400336";"chlormequat chlorure";"999-81-5";"18.4";"Autre";"";"Non"
2022;"00000";"9400456";"2,4-d";"94-75-7";"0.018";"Env B";"";"Non"
2022;"00000";"9400456";"mecoprop-p (mcpp-p)";"16484-77-8";"0.0432";"Env A";"";"Non"
2022;"00000";"9400456";"sulfate de fer (sulfate ferreux heptahydrate)";"7782-63-0";"3.6";"Autre";"";"Non"
2022;"00000";"9400462";"e/z9-dodecenyl acetate";"16974-34-8";"0.2002";"Autre";"";"Non"
2022;"00000";"9400463";"phenmediphame";"13684-63-4";"70.4";"Env A";"";"Non"
2022;"00000";"9400485";"cymoxanil";"57966-95-7";"7.1696";"CMR";"";"Non"
2022;"00000";"9400485";"folpel";"133-07-3";"59.86616";"CMR";"";"Non"
2022;"00000";"9700332";"azoxystrobine";"131860-33-8";"42.750";"Santé A";"";"Oui"
2022;"00000";"9700355";"gibberellines (a4+a7)";"8030-53-3";"0.36";"Autre";"";"Non"
2022;"00000";"9700357";"6-benzyladenine";"1214-39-7";"0.019";"CMR";"";"Non"
2022;"00000";"9700357";"gibberellines (a4+a7)";"8030-53-3";"0.019";"Autre";"";"Non"
2022;"00000";"9700401";"cuivre de l'hydroxyde de cuivre";"20427-59-2";"143.5";"Santé A";"Substitution";"Non"
2022;"00000";"9800018";"clomazone";"81777-89-1";"8.55";"Env A";"";"Non"
2022;"00000";"9800018";"dimethachlore";"50563-36-5";"53.4375";"Env A";"";"Non"
2022;"00000";"9800018";"napropamide";"15299-99-7";"53.4375";"Env A";"";"Non"
2022;"00000";"9800076";"cydia pomonella granulosis, isolat m (cpvg m)";"";"";"Autre";"";"Non"
2022;"00000";"9800096";"huile de paraffine";"64742-46-7";"3220.0";"Autre";"";"Non"
2022;"00000";"9800100";"chlorotoluron";"15545-48-9";"338.38";"CMR";"";"Non"
2022;"00000";"9800106";"metribuzine";"21087-64-9";"14.7";"Env A";"";"Non"
2022;"00000";"9800120";"chlorhydrate de poly-imino-imido biguanidine";"91403-50-8";"0.1";"Autre";"";"Non"
2022;"00000";"9800120";"chlorures n-alkyl dimethyl benzyl ammonium";"68424-85-1";"0.25";"Autre";"";"Non"
2022;"00000";"9800126";"flufenacet";"142459-58-3";"252.0";"Env A";"";"Non"
2022;"00000";"9800126";"metribuzine";"21087-64-9";"183.750";"Env A";"";"Non"
2022;"00000";"9800144";"indoxacarbe";"173584-44-6";"0.6";"Santé A";"";"Non"
2022;"00000";"9800182";"s-metolachlore";"87392-12-9";"240.0";"Env A";"";"Non"
2022;"00000";"9800201";"2,4-mcpa";"94-74-6";"15.552";"Env A";"";"Non"
2022;"00000";"9800201";"dichlorprop-p";"15165-67-0";"15.552";"Autre";"";"Non"
2022;"00000";"9800201";"glyphosate";"1071-83-6";"20.736";"Env A";"";"Non"
2022;"00000";"9800210";"phenmediphame";"13684-63-4";"0.8";"Env A";"";"Non"
2022;"00000";"9800219";"ethephon";"16672-87-0";"16.2";"Santé A";"";"Non"
2022;"00000";"9800244";"fenhexamid";"126833-17-8";"106.385";"Env A";"";"Non"
2022;"00000";"9800245";"soufre pour pulverisation (micronise)";"7704-34-9";"27398.52792";"Autre";"";"Non"
2022;"00000";"9800259";"benoxacor";"98730-04-2";"2.250";"Autre";"";"Non"
2022;"00000";"9800259";"s-metolachlore";"87392-12-9";"45.750";"Env A";"";"Non"
2022;"00000";"9800262";"flazasulfuron";"104040-78-0";"9.4375";"Env A";"";"Non"
2022;"00000";"9800277";"florasulame";"145701-23-1";"0.25";"Env A";"";"Non"
2022;"00000";"9800289";"metalaxyl-m";"70630-17-0";"11.6300";"Autre";"";"Non"
2022;"00000";"9800304";"cuivre de l'hydroxyde de cuivre";"20427-59-2";"146.547";"Santé A";"Substitution";"Non"
2022;"00000";"9800320";"acibenzolar-s-methyl";"135158-54-2";"0.12";"Env A";"";"Non"
2022;"00000";"9800320";"metalaxyl-m";"70630-17-0";"1.1628";"Autre";"";"Non"
2022;"00000";"9800336";"lambda-cyhalothrine";"91465-08-6";"58.188";"Santé A";"Substitution";"Non"
2022;"00000";"9800344";"fludioxonil";"131341-86-1";"1.33425";"Env A";"";"Non"
2022;"00000";"9800344";"metalaxyl-m";"70630-17-0";"0.517689";"Autre";"";"Non"
2022;"00000";"9800347";"fluroxypyr-meptyl";"81406-37-3";"0.144";"Env A";"";"Non"
2022;"00000";"9800347";"triclopyr";"55335-06-3";"0.3";"Env B";"";"Non"
2022;"00000";"9800374";"sulfosulfuron";"141776-32-1";"0.400";"Env A";"";"Non"
2022;"00000";"9800401";"huile de vaseline";"8042-47-5";"1.60132";"Autre";"";"Non"
2022;"00000";"9800402";"huile de vaseline";"8042-47-5";"10.8661";"Autre";"";"Non"
2022;"00000";"9800420";"spiroxamine";"118134-30-8";"254.535";"CMR";"";"Non"
2022;"00000";"9800421";"spiroxamine";"118134-30-8";"4.725";"CMR";"";"Non"
2022;"00000";"9800474";"cuivre du sulfate de cuivre";"8011-63-0";"4449.882";"Env A";"Substitution";"Non"
2022;"00000";"9800481";"fleur de chaux (chaux eteinte)";"1305-62-0";"1231.217";"Autre";"";"Non"
2022;"00000";"9800484";"etoxazole";"153233-91-1";"0.44";"Env A";"Substitution";"Non"
2022;"00000";"9800514";"flazasulfuron";"104040-78-0";"0.01";"Env A";"";"Non"
2022;"00000";"9900014";"cypermethrine";"52315-07-8";"0.4";"Env A";"";"Non"
2022;"00000";"9900037";"trifloxystrobine";"141517-21-7";"58.250";"Env A";"";"Non"
2022;"00000";"9900047";"mesotrione";"104206-82-8";"13.700";"CMR";"";"Oui"
2022;"00000";"9900081";"mepanipyrim";"110235-47-7";"0.235";"CMR";"";"Non"
2022;"00000";"9900115";"clethodime";"99129-21-2";"10.08";"Env B";"";"Non"
2022;"00000";"9900123";"1-dodecanol";"112-53-8";"0.612";"Env A";"";"Non"
2022;"00000";"9900123";"1-tetradecanol";"112-72-1";"0.142";"Env A";"";"Non"
2022;"00000";"9900123";"e8,e10-dodecadiene-1-ol";"33956-49-9";"1.048";"Env A";"";"Non"
2022;"00000";"9900154";"chlorpyriphos-ethyl";"2921-88-2";"1.15";"Santé A";"";"Non"
2022;"00000";"9900189";"coniothyrium minitans souche con/m/91-08";"";"";"Autre";"";"Non"
2022;"00000";"9900202";"amidosulfuron";"120923-37-7";"0.825";"Env A";"";"Non"
2022;"00000";"9900202";"iodosulfuron-methyl-sodium";"144550-36-7";"0.0825";"Env A";"";"Non"
2022;"00000";"9900202";"mefenpyr-diethyl";"135590-91-9";"0.825";"Autre";"";"Non"
2022;"00000";"9900227";"cuivre de l'hydroxyde de cuivre";"20427-59-2";"3905.092";"Santé A";"Substitution";"Non"
2022;"00000";"9900251";"dimethenamide-p (dmta-p)";"163515-14-8";"525.6720";"Env A";"";"Oui"
2022;"00000";"9900257";"cuivre du sulfate de cuivre";"8011-63-0";"5648.60";"Env A";"Substitution";"Non"
2022;"00000";"9900262";"flazasulfuron";"104040-78-0";"1.90";"Env A";"";"Non"
2022;"00000";"9900289";"fenhexamid";"126833-17-8";"6.75";"Env A";"";"Non"
2022;"00000";"9900340";"pendimethaline";"40487-42-1";"6.4";"Env A";"Substitution";"Non"
2022;"00000";"9900340";"picolinafen";"137641-05-5";"0.32";"Env A";"";"Non"
2022;"00000";"9900354";"cuivre de l'hydroxyde de cuivre";"20427-59-2";"154.0";"Santé A";"Substitution";"Non"
2022;"00000";"9900371";"nitrate de baryum";"10022-31-8";"3.57742";"Autre";"";"Non"
2022;"00000";"9900371";"soufre triture ventile";"7704-34-9";"1.79032";"Autre";"";"Non"
2022;"00000";"9900446";"cymoxanil";"57966-95-7";"762.63101";"CMR";"";"Non"
2022;"00000";"9900446";"fludioxonil";"131341-86-1";"381.315505";"Env A";"";"Non"
2022;"00000";"9900446";"metalaxyl-m";"70630-17-0";"1293.422193";"Autre";"";"Non"
2022;"00000";"2010030";"prohexadione-calcium";"127277-53-6";"12.75";"Env B";"";"Non"
2022;"00000";"2010035";"2,4-mcpa";"94-74-6";"5";"Env A";"";"Non"
2022;"00000";"2010035";"dichlorprop-p";"15165-67-0";"2.5";"Autre";"";"Non"
2022;"00000";"2010035";"mecoprop-p (mcpp-p)";"16484-77-8";"2.5";"Env A";"";"Non"
2022;"00000";"2010047";"2,4-d";"94-75-7";"0.29";"Env B";"";"Non"
2022;"00000";"2010047";"triclopyr";"55335-06-3";"0.3235";"Env B";"";"Non"
2022;"00000";"2010099";"sels de potassium d'acides gras";"10124-65-9";"3.173629";"Autre";"";"Non"
2022;"00000";"2010100";"sels de potassium d'acides gras";"10124-65-9";"2.491128";"Autre";"";"Non"
2022;"00000";"2010100";"soufre";"7704-34-9";"1.507450";"Autre";"";"Non"
2022;"00000";"2010101";"soufre";"7704-34-9";"1.23480";"Autre";"";"Non"
2022;"00000";"2010123";"cyanamide de calcium";"156-62-7";"1170";"Autre";"";"Non"
2022;"00000";"2010130";"cuivre de l'oxyde cuivreux";"1317-39-1";"1492.7625";"Env A";"Substitution";"Non"
2022;"00000";"2010158";"glyphosate";"1071-83-6";"23.4";"Env A";"";"Non"
2022;"00000";"2010239";"florasulame";"145701-23-1";"0.060";"Env A";"";"Non"
2022;"00000";"2010239";"fluroxypyr-meptyl";"81406-37-3";"8.6460";"Env A";"";"Non"
2022;"00000";"2010280";"metconazole";"125116-23-6";"7.7391";"CMR";"";"Non"
2022;"00000";"2010282";"cypermethrine";"52315-07-8";"13.3";"Env A";"";"Non"
2022;"00000";"2010398";"folpel";"133-07-3";"685.676";"CMR";"";"Non"
2022;"00000";"2010398";"metalaxyl-m";"70630-17-0";"83.138215";"Autre";"";"Non"
2022;"00000";"2010410";"soufre pour pulverisation (micronise)";"7704-34-9";"968.384";"Autre";"";"Non"
2022;"00000";"2090041";"cloquintocet-mexyl";"99607-70-2";"1.9125";"Autre";"";"Non"
2022;"00000";"2090041";"pyroxsulame";"422556-08-9";"1.9125";"Env A";"";"Non"
2022;"00000";"2090042";"cloquintocet-mexyl";"99607-70-2";"0.4098";"Autre";"";"Non"
2022;"00000";"2090042";"florasulame";"145701-23-1";"0.1368";"Env A";"";"Non"
2022;"00000";"2090042";"pyroxsulame";"422556-08-9";"0.4098";"Env A";"";"Non"
2022;"00000";"2090050";"cypermethrine";"52315-07-8";"41.528";"Env A";"";"Non"
2022;"00000";"2090052";"tribenuron-methyle";"101200-48-0";"37.560";"Env A";"";"Non"
2022;"00000";"2090054";"metsulfuron-methyl";"74223-64-6";"0.07150";"Env A";"Substitution";"Non"
2022;"00000";"2090054";"tribenuron-methyle";"101200-48-0";"0.07150";"Env A";"";"Non"
2022;"00000";"2090055";"6-benzyladenine";"1214-39-7";"0.8";"CMR";"";"Non"
2022;"00000";"2090057";"metsulfuron-methyl";"74223-64-6";"0.92685";"Env A";"Substitution";"Non"
2022;"00000";"2090057";"tribenuron-methyle";"101200-48-0";"1.8537";"Env A";"";"Non"
2022;"00000";"2090063";"tebuconazole";"107534-96-3";"4.200";"CMR";"";"Oui"
2022;"00000";"2090063";"trifloxystrobine";"141517-21-7";"2.100";"Env A";"";"Oui"
2022;"00000";"2090064";"imazamox";"114311-32-9";"6.416";"Env A";"Substitution";"Non"
2022;"00000";"2090072";"florasulame";"145701-23-1";"0.300";"Env A";"";"Non"
2022;"00000";"2090079";"acide acetique";"64-19-7";"1.26";"Autre";"";"Non"
2022;"00000";"2090080";"sulcotrione";"99105-77-8";"40.5";"CMR";"";"Non"
2022;"00000";"2090093";"glyphosate";"1071-83-6";"1099.359";"Env A";"";"Non"
2022;"00000";"2090094";"thiophanate-methyl";"23564-05-8";"220.5632";"CMR";"Exclusion";"Non"
2022;"00000";"2090095";"ethofumesate";"26225-79-6";"38.0";"Env A";"";"Non"
2022;"00000";"2090095";"phenmediphame";"13684-63-4";"40";"Env A";"";"Non"
2022;"00000";"2090096";"pethoxamide";"106700-29-2";"6";"Env A";"";"Non"
2022;"00000";"2090099";"metazachlore";"67129-08-2";"2.5";"CMR";"";"Non"
2022;"00000";"2090101";"nicosulfuron";"111991-09-4";"11.400";"Env A";"";"Oui"
2022;"00000";"2090105";"soufre";"7704-34-9";"4284.75";"Autre";"";"Non"
2022;"00000";"2090111";"cypermethrine";"52315-07-8";"10707.07815";"Env A";"";"Non"
2022;"00000";"2090112";"dimethenamide-p (dmta-p)";"163515-14-8";"2";"Env A";"";"Non"
2022;"00000";"2090112";"metazachlore";"67129-08-2";"2";"CMR";"";"Non"
2022;"00000";"2090113";"dimethenamide-p (dmta-p)";"163515-14-8";"237.160625";"Env A";"";"Non"
2022;"00000";"2090113";"pendimethaline";"40487-42-1";"279.0125";"Env A";"Substitution";"Non"
2022;"00000";"2090114";"diflufenicanil";"83164-33-4";"4.86";"Env B";"";"Non"
2022;"00000";"2090114";"iodosulfuron-methyl-sodium";"144550-36-7";"0.135";"Env A";"";"Non"
2022;"00000";"2090117";"tebuconazole";"107534-96-3";"43.2";"CMR";"";"Non"
2022;"00000";"2090118";"flufenacet";"142459-58-3";"73.2522";"Env A";"";"Non"
2022;"00000";"2090118";"pendimethaline";"40487-42-1";"366.261";"Env A";"Substitution";"Non"
2022;"00000";"2090119";"cuivre du sulfate tribasique";"12527-76-3";"981.3633";"Env A";"Substitution";"Non"
2022;"00000";"2090123";"acide pelargonique";"112-05-0";"3.734";"Autre";"";"Non"
2022;"00000";"2090123";"hydrazide maleique";"123-33-1";"0.6";"Autre";"";"Non"
2022;"00000";"2090126";"cyazofamide";"120116-88-3";"126.41300";"Env A";"";"Non"
2022;"00000";"2090126";"phosphonate de disodium";"13708-85-5";"1264.1300";"Autre";"";"Non"
2022;"00000";"2090127";"huile essentielle d'orange douce";"8028-48-6";"272.4060";"Env A";"";"Non"
2022;"00000";"2090132";"cuivre du sulfate tribasique";"12527-76-3";"2275.268374";"Env A";"Substitution";"Non"
2022;"00000";"2090132";"zoxamide";"156052-68-5";"341.3756";"Env A";"";"Non"
2022;"00000";"2090133";"cuivre de l'hydroxyde de cuivre";"20427-59-2";"46.2";"Santé A";"Substitution";"Non"
2022;"00000";"2090134";"cuivre de l'hydroxyde de cuivre";"20427-59-2";"130.29";"Santé A";"Substitution";"Non"
2022;"00000";"2090136";"fluopicolide";"239110-15-7";"144.375";"Env A";"";"Non"
2022;"00000";"2090136";"propamocarbe hcl";"25606-41-1";"1443.75";"Autre";"";"Non"
2022;"00000";"2090137";"cuivre du sulfate de cuivre";"8011-63-0";"483.748";"Env A";"Substitution";"Non"
2022;"00000";"2090146";"abamectine";"71751-41-2";"0.0843810";"CMR";"";"Non"
2022;"00000";"2090146";"pyrethrines";"8003-34-7";"1.1247200";"Env A";"";"Non"
2022;"00000";"2090149";"ethephon";"16672-87-0";"12.0";"Santé A";"";"Non"
2022;"00000";"2090153";"dicamba";"1918-00-9";"38.586";"Env B";"";"Oui"
2022;"00000";"2090153";"tritosulfuron";"142469-14-5";"8.03875";"Env A";"";"Oui"
2022;"00000";"2090157";"cyflufenamid";"180409-60-3";"0.90";"Env A";"";"Non"
2022;"00000";"2090159";"tritosulfuron";"142469-14-5";"6.91152";"Env A";"";"Non"
2022;"00000";"2090168";"trichoderma harzianum souche t22";"";"11.5575";"Autre";"";"Non"
2022;"00000";"2090169";"trichoderma harzianum souche t22";"";"1.05225";"Autre";"";"Non"
2022;"00000";"2090170";"cuivre de l'hydroxyde de cuivre";"20427-59-2";"263.868";"Santé A";"Substitution";"Non"
2022;"00000";"2090186";"prosulfocarbe";"52888-80-9";"88";"Env A";"";"Non"
2022;"00000";"2100177";"tembotrione";"335104-84-2";"2.50";"CMR";"";"Non"
2022;"00000";"2100178";"folpel";"133-07-3";"6";"CMR";"";"Non"
2022;"00000";"2100178";"fosetyl-aluminium";"39148-24-8";"12";"Autre";"";"Non"
2022;"00000";"2100178";"iprovalicarbe";"140923-17-7";"0.96";"CMR";"";"Non"
2022;"00000";"2100181";"fluopicolide";"239110-15-7";"327.228888";"Env A";"";"Non"
2022;"00000";"2100181";"fosetyl-aluminium";"39148-24-8";"4913.592334";"Autre";"";"Non"
2022;"00000";"2100186";"glyphosate";"1071-83-6";"437.1012";"Env A";"";"Oui"
2022;"00000";"2100206";"glyphosate";"1071-83-6";"67.5";"Env A";"";"Non"
2022;"00000";"2100214";"clomazone";"81777-89-1";"5.4";"Env A";"";"Non"
2022;"00000";"2100215";"pendimethaline";"40487-42-1";"72.000";"Env A";"Substitution";"Oui"
2022;"00000";"2100221";"ametoctradine";"865318-97-4";"851.5380";"Env A";"";"Non"
2022;"00000";"2100221";"metirame";"9006-42-2";"3122.3060";"Env A";"";"Non"
2022;"00000";"2100231";"emamectine benzoate";"155569-91-8";"28.231435";"Santé A";"";"Non"
2022;"00000";"2100234";"diflufenicanil";"83164-33-4";"12.6";"Env B";"";"Non"
2022;"00000";"2100234";"iodosulfuron-methyl-sodium";"144550-36-7";"0.7875";"Env A";"";"Non"
2022;"00000";"2100234";"mefenpyr-diethyl";"135590-91-9";"2.835";"Autre";"";"Non"
2022;"00000";"2100234";"mesosulfuron-methyl";"208465-21-8";"0.945";"Env A";"";"Non"
2022;"00000";"2100245";"prothioconazole";"178928-70-6";"1.25";"Env A";"";"Non"
2022;"00000";"2100245";"tebuconazole";"107534-96-3";"1.25";"CMR";"";"Non"
2022;"00000";"2110004";"propyzamide";"23950-58-5";"24";"CMR";"Substitution";"Non"
2022;"00000";"2110005";"fluazinam";"79622-59-6";"25";"CMR";"";"Non"
2022;"00000";"2110006";"cuivre du sulfate de cuivre";"8011-63-0";"232";"Env A";"Substitution";"Non"
2022;"00000";"2110009";"huile de poisson";"";"14.16828";"Autre";"";"Non"
2022;"00000";"2110010";"diflufenicanil";"83164-33-4";"0.36";"Env B";"";"Non"
2022;"00000";"2110010";"iodosulfuron-methyl-sodium";"144550-36-7";"0.010";"Env A";"";"Non"
2022;"00000";"2110011";"clomazone";"81777-89-1";"0.6";"Env A";"";"Non"
2022;"00000";"2110011";"metribuzine";"21087-64-9";"2.33";"Env A";"";"Non"
2022;"00000";"2110012";"cyazofamide";"120116-88-3";"318.08";"Env A";"";"Non"
2022;"00000";"2110018";"difenoconazole";"119446-68-3";"4.39975";"Env A";"";"Non"
2022;"00000";"2110018";"fludioxonil";"131341-86-1";"4.39975";"Env A";"";"Non"
2022;"00000";"2110021";"cuivre de l'hydroxyde de cuivre";"20427-59-2";"2.796";"Santé A";"Substitution";"Non"
2022;"00000";"2110033";"acide pelargonique";"112-05-0";"0.7755";"Autre";"";"Non"
2022;"00000";"2110040";"bacillus subtilis souche qst 713";"68038-70-0";"3.019609";"Autre";"";"Non"
2022;"00000";"2110042";"cuivre du sulfate de cuivre";"8011-63-0";"12.400";"Env A";"Substitution";"Oui"
2022;"00000";"2110054";"indoxacarbe";"173584-44-6";"1.200";"Santé A";"";"Oui"
2022;"00000";"2110056";"acide pelargonique";"112-05-0";"84.015";"Autre";"";"Non"
2022;"00000";"2110059";"bicarbonate de potassium";"298-14-6";"2104.6850";"Autre";"";"Non"
2022;"00000";"2110063";"clopyralid";"1702-17-6";"11.160";"Autre";"";"Non"
2022;"00000";"2110072";"thifensulfuron-methyle";"79277-27-3";"0.90";"Env A";"";"Non"
2022;"00000";"2110072";"tribenuron-methyle";"101200-48-0";"0.450";"Env A";"";"Non"
2022;"00000";"2110073";"indoxacarbe";"173584-44-6";"69.300";"Santé A";"";"Oui"
2022;"00000";"2110077";"cloquintocet-mexyl";"99607-70-2";"1.3800";"Autre";"";"Non"
2022;"00000";"2110077";"fenoxaprop-p-ethyl";"71283-80-2";"2.760";"Env A";"";"Non"
2022;"00000";"2110082";"diflufenicanil";"83164-33-4";"0.36";"Env B";"";"Non"
2022;"00000";"2110082";"metsulfuron-methyl";"74223-64-6";"0.036";"Env A";"Substitution";"Non"
2022;"00000";"2110083";"cuivre du sulfate tribasique";"12527-76-3";"0.008288";"Env A";"Substitution";"Non"
2022;"00000";"2110083";"pyrethrines";"8003-34-7";"0.002438";"Env A";"";"Non"
2022;"00000";"2110083";"soufre";"7704-34-9";"0.0585";"Autre";"";"Non"
2022;"00000";"2110084";"butoxyde de piperonyle";"51-03-6";"0.0234";"Autre";"";"Non"
2022;"00000";"2110084";"pyrethrines";"8003-34-7";"0.00325";"Env A";"";"Non"
2022;"00000";"2110086";"spirotetramat";"203313-25-1";"167.600";"CMR";"";"Oui"
2022;"00000";"2110090";"azoxystrobine";"131860-33-8";"6.75";"Santé A";"";"Non"
2022;"00000";"2110092";"thifensulfuron-methyle";"79277-27-3";"0.75";"Env A";"";"Non"
2022;"00000";"2110092";"tribenuron-methyle";"101200-48-0";"0.75";"Env A";"";"Non"
2022;"00000";"2110095";"cloquintocet-mexyl";"99607-70-2";"0.11250";"Autre";"";"Non"
2022;"00000";"2110095";"florasulame";"145701-23-1";"0.050";"Env A";"";"Non"
2022;"00000";"2110095";"pinoxaden";"243973-20-8";"0.450";"CMR";"";"Non"
2022;"00000";"2110101";"pyraflufen-ethyl";"129630-19-9";"33.425245";"Env A";"";"Non"
2022;"00000";"2110102";"difenoconazole";"119446-68-3";"3770.675787";"Env A";"";"Non"
2022;"00000";"2110102";"fludioxonil";"131341-86-1";"3770.675787";"Env A";"";"Non"
2022;"00000";"2110102";"sedaxane";"874967-67-6";"7541.351570";"CMR";"";"Non"
2022;"00000";"2120092";"dimethomorphe";"110488-70-5";"12.375";"Env A";"Exclusion";"Non"
2022;"00000";"2120096";"trifloxystrobine";"141517-21-7";"31";"Env A";"";"Non"
2022;"00000";"2120100";"emamectine benzoate";"155569-91-8";"0.855";"Santé A";"";"Oui"
2022;"00000";"2120117";"2,4-d";"94-75-7";"17.69";"Env B";"";"Non"
2022;"00000";"2120117";"triclopyr";"55335-06-3";"19.7335";"Env B";"";"Non"
2022;"00000";"2120120";"bentazone";"25057-89-0";"46.176";"Env B";"";"Non"
2022;"00000";"2120120";"imazamox";"114311-32-9";"2.15488";"Env A";"Substitution";"Non"
2022;"00000";"2120130";"(z)-8-dodecenol";"40642-40-8";"2.2076";"Env A";"";"Non"
2022;"00000";"2120130";"acetate de e-8-dodecenyle";"38363-29-0";"13.2456";"Autre";"";"Non"
2022;"00000";"2120130";"acetate de z-8-dodecenyle";"28079-04-1";"205.3068";"Autre";"";"Non"
2022;"00000";"2120132";"dimethomorphe";"110488-70-5";"329.4072";"Env A";"Exclusion";"Non"
2022;"00000";"2120132";"metirame";"9006-42-2";"1610.4352";"Env A";"";"Non"
2022;"00000";"2120143";"glyphosate";"1071-83-6";"3239.5200";"Env A";"";"Non"
2022;"00000";"2120149";"cymoxanil";"57966-95-7";"4.500";"CMR";"";"Oui"
2022;"00000";"2120153";"propyzamide";"23950-58-5";"156";"CMR";"Substitution";"Non"
2022;"00000";"2120158";"kaolin";"1332-58-7";"891.0";"Autre";"";"Non"
2022;"00000";"2120159";"thirame";"137-26-8";"56.929512";"Env A";"";"Non"
2022;"00000";"2120160";"bentazone";"25057-89-0";"14.4";"Env B";"";"Non"
2022;"00000";"2120171";"fosetyl-aluminium";"39148-24-8";"191.2";"Autre";"";"Non"
2022;"00000";"2120174";"acide pelargonique";"112-05-0";"29.4986";"Autre";"";"Non"
2022;"00000";"2120174";"hydrazide maleique";"123-33-1";"4.74";"Autre";"";"Non"
2022;"00000";"2120176";"phlebiopsis gigantea souche vra 1835";"";"";"Autre";"";"Non"
2022;"00000";"2120177";"clonostachys rosea j1446 (anciennement gliocladium catenulatum)";"";"";"Autre";"";"Non"
2022;"00000";"2120179";"folpel";"133-07-3";"72";"CMR";"";"Non"
2022;"00000";"2120179";"fosetyl-aluminium";"39148-24-8";"144";"Autre";"";"Non"
2022;"00000";"2120189";"fluopicolide";"239110-15-7";"0.888";"Env A";"";"Non"
2022;"00000";"2120189";"fosetyl-aluminium";"39148-24-8";"13.334";"Autre";"";"Non"
2022;"00000";"2120191";"trifloxystrobine";"141517-21-7";"1.500";"Env A";"";"Oui"
2022;"00000";"2120199";"hydrazide maleique";"123-33-1";"1991.25";"Autre";"";"Non"
2022;"00000";"2120209";"cymoxanil";"57966-95-7";"15.00";"CMR";"";"Non"
2022;"00000";"2120209";"fluazinam";"79622-59-6";"22.500";"CMR";"";"Non"
2022;"00000";"2120219";"tebuconazole";"107534-96-3";"10.00";"CMR";"";"Non"
2022;"00000";"2120219";"trifloxystrobine";"141517-21-7";"5.000";"Env A";"";"Non"
2022;"00000";"2130002";"abamectine";"71751-41-2";"0.09";"CMR";"";"Non"
2022;"00000";"2130031";"ametoctradine";"865318-97-4";"4.8";"Env A";"";"Non"
2022;"00000";"2130031";"metirame";"9006-42-2";"17.6";"Env A";"";"Non"
2022;"00000";"2130049";"cyflufenamid";"180409-60-3";"50.0847";"Env A";"";"Non"
2022;"00000";"2130049";"difenoconazole";"119446-68-3";"100.1694";"Env A";"";"Non"
2022;"00000";"2130059";"lambda-cyhalothrine";"91465-08-6";"5.1";"Santé A";"Substitution";"Non"
2022;"00000";"2130061";"metconazole";"125116-23-6";"5.1";"CMR";"";"Non"
2022;"00000";"2130063";"nicosulfuron";"111991-09-4";"3.78";"Env A";"";"Non"
2022;"00000";"2130067";"cyflufenamid";"180409-60-3";"49.6475";"Env A";"";"Non"
2022;"00000";"2130068";"diflufenicanil";"83164-33-4";"32.55";"Env B";"";"Non"
2022;"00000";"2130069";"diflufenicanil";"83164-33-4";"72.0";"Env B";"";"Non"
2022;"00000";"2130075";"metaldehyde";"108-62-3";"0.8";"CMR";"";"Non"
2022;"00000";"2130079";"cyflufenamid";"180409-60-3";"1.10";"Env A";"";"Non"
2022;"00000";"2130083";"lambda-cyhalothrine";"91465-08-6";"8.995";"Santé A";"Substitution";"Non"
2022;"00000";"2130086";"metaldehyde";"108-62-3";"19.925";"CMR";"";"Non"
2022;"00000";"2130088";"metaldehyde";"108-62-3";"12.5050";"CMR";"";"Non"
2022;"00000";"2130091";"diflufenicanil";"83164-33-4";"7.0";"Env B";"";"Non"
2022;"00000";"2130092";"spiromesifen";"283594-90-1";"10.56";"Autre";"";"Non"
2022;"00000";"2130102";"ametoctradine";"865318-97-4";"1.8";"Env A";"";"Non"
2022;"00000";"2130102";"metirame";"9006-42-2";"6.6";"Env A";"";"Non"
2022;"00000";"2130108";"e7,z9-dodecadienylacetate";"54364-62-4";"3.440";"Env A";"";"Non"
2022;"00000";"2130115";"deltamethrine";"52918-63-5";"0.086949";"Santé A";"";"Non"
2022;"00000";"2130125";"sulfate de fer (sulfate ferreux heptahydrate)";"7782-63-0";"";"Autre";"";"Non"
2022;"00000";"2130126";"fer sous forme de sulfate de fer";"7720-78-7";"1364.5730";"Autre";"";"Non"
2022;"00000";"2130127";"sulfate de fer (sulfate ferreux heptahydrate)";"7782-63-0";"371.28";"Autre";"";"Non"
2022;"00000";"2130129";"kieselguhr";"";"1145.4";"Autre";"";"Non"
2022;"00000";"2130140";"diflufenicanil";"83164-33-4";"26.8";"Env B";"";"Non"
2022;"00000";"2130140";"pendimethaline";"40487-42-1";"268";"Env A";"Substitution";"Non"
2022;"00000";"2130152";"fluopyram";"658066-35-4";"244.1450";"Env A";"";"Non"
2022;"00000";"2140127";"cymoxanil";"57966-95-7";"41.7582";"CMR";"";"Non"
2022;"00000";"2140127";"zoxamide";"156052-68-5";"41.7582";"Env A";"";"Non"
2022;"00000";"2140134";"soufre triture ventile";"7704-34-9";"13.002";"Autre";"";"Non"
2022;"00000";"2140137";"cymoxanil";"57966-95-7";"112.5";"CMR";"";"Non"
2022;"00000";"2140146";"acetate de tetradecyle";"638-59-5";"0.03591";"Autre";"";"Non"
2022;"00000";"2140146";"e8,e10-dodecadiene-1-ol";"33956-49-9";"0.161784";"Env A";"";"Non"
2022;"00000";"2140147";"deltamethrine";"52918-63-5";"13.23105";"Santé A";"";"Oui"
2022;"00000";"2140152";"diflufenicanil";"83164-33-4";"0.5";"Env B";"";"Non"
2022;"00000";"2140152";"iodosulfuron-methyl-sodium";"144550-36-7";"0.025";"Env A";"";"Non"
2022;"00000";"2140152";"mefenpyr-diethyl";"135590-91-9";"0.225";"Autre";"";"Non"
2022;"00000";"2140152";"mesosulfuron-methyl";"208465-21-8";"0.075";"Env A";"";"Non"
2022;"00000";"2140156";"2,4-mcpa";"94-74-6";"12.0015";"Env A";"";"Non"
2022;"00000";"2140156";"clopyralid";"1702-17-6";"1.0485";"Autre";"";"Non"
2022;"00000";"2140156";"fluroxypyr";"69377-81-7";"2.7";"Env B";"";"Non"
2022;"00000";"2140165";"metribuzine";"21087-64-9";"8.400";"Env A";"";"Oui"
2022;"00000";"2140166";"acide decanoique";"334-48-5";"27.278557";"Env B";"";"Non"
2022;"00000";"2140166";"acide octanoique";"124-07-2";"40.917842";"Env B";"";"Non"
2022;"00000";"2140167";"acide decanoique";"334-48-5";"25.780772";"Env B";"";"Non"
2022;"00000";"2140167";"acide octanoique";"124-07-2";"38.671117";"Env B";"";"Non"
2022;"00000";"2140168";"cuivre du sulfate tribasique";"12527-76-3";"165.5318";"Env A";"Substitution";"Non"
2022;"00000";"2140173";"fluxapyroxad";"907204-31-3";"15.083125";"Santé A";"";"Non"
2022;"00000";"2140173";"metconazole";"125116-23-6";"10.85985";"CMR";"";"Non"
2022;"00000";"2140175";"metconazole";"125116-23-6";"14.5449";"CMR";"";"Non"
2022;"00000";"2140177";"pyriofenone";"688046-61-9";"10.2";"CMR";"";"Non"
2022;"00000";"2140179";"amisulbrom";"348635-87-0";"272.498";"CMR";"";"Non"
2022;"00000";"2140184";"fenpyrazamine";"473798-59-3";"29.855";"Env A";"";"Non"
2022;"00000";"2140188";"dithianon";"3347-22-6";"1.25";"Env A";"";"Non"
2022;"00000";"2140188";"pyrimethanil";"53112-28-0";"1.25";"Env A";"";"Non"
2022;"00000";"2140193";"sulfate de fer (sulfate ferreux heptahydrate)";"7782-63-0";"86.5249";"Autre";"";"Non"
2022;"00000";"2140199";"amidosulfuron";"120923-37-7";"0.60";"Env A";"";"Non"
2022;"00000";"2140199";"iodosulfuron-methyl-sodium";"144550-36-7";"0.12";"Env A";"";"Non"
2022;"00000";"2140199";"mefenpyr-diethyl";"135590-91-9";"1.08";"Autre";"";"Non"
2022;"00000";"2140199";"mesosulfuron-methyl";"208465-21-8";"0.36";"Env A";"";"Non"
2022;"00000";"2140201";"cyflufenamid";"180409-60-3";"0.060";"Env A";"";"Non"
2022;"00000";"2140201";"difenoconazole";"119446-68-3";"0.500";"Env A";"";"Non"
2022;"00000";"2140207";"clodinafop-propargyl";"105512-06-9";"2.3";"Env A";"";"Non"
2022;"00000";"2140207";"cloquintocet-mexyl";"99607-70-2";"0.575";"Autre";"";"Non"
2022;"00000";"2140208";"streptomyces k61 (anciennement streptomyces griseoviridis)";"";"";"Autre";"";"Non"
2022;"00000";"2140215";"(z)-9-dodecenylacetate";"16974-11-1";"214.180200";"Env A";"";"Non"
2022;"00000";"2140215";"e7,z9-dodecadienylacetate";"54364-62-4";"205.650912";"Env A";"";"Non"
2022;"00000";"2140238";"cydia pomonella granulovirus";"";"";"Autre";"";"Non"
2022;"00000";"2140252";"phosphate ferrique";"10045-86-0";"202.836999";"Autre";"";"Non"
2022;"00000";"2140254";"acide pelargonique";"112-05-0";"231.2";"Autre";"";"Non"
2022;"00000";"2140255";"acide pelargonique";"112-05-0";"95.2";"Autre";"";"Non"
2022;"00000";"2140257";"iodosulfuron-methyl-sodium";"144550-36-7";"1.34";"Env A";"";"Non"
2022;"00000";"2140257";"mefenpyr-diethyl";"135590-91-9";"20.10";"Autre";"";"Non"
2022;"00000";"2140257";"mesosulfuron-methyl";"208465-21-8";"6.70";"Env A";"";"Non"
2022;"00000";"2140258";"iodosulfuron-methyl-sodium";"144550-36-7";"0.6750";"Env A";"";"Non"
2022;"00000";"2140258";"mesosulfuron-methyl";"208465-21-8";"0.6750";"Env A";"";"Non"
2022;"00000";"2140270";"ametoctradine";"865318-97-4";"95.558";"Env A";"";"Non"
2022;"00000";"2150002";"metamitrone";"41394-05-2";"6.00";"Env A";"";"Non"
2022;"00000";"2150007";"clomazone";"81777-89-1";"2.59";"Env A";"";"Non"
2022;"00000";"2150007";"napropamide";"15299-99-7";"29.6";"Env A";"";"Non"
2022;"00000";"2150008";"prohexadione-calcium";"127277-53-6";"11.975";"Env B";"";"Non"
2022;"00000";"2150009";"cymoxanil";"57966-95-7";"6.3";"CMR";"";"Non"
2022;"00000";"2150009";"mandipropamide";"374726-62-2";"8.75";"Env A";"";"Non"
2022;"00000";"2150012";"mesotrione";"104206-82-8";"1.92";"CMR";"";"Non"
2022;"00000";"2150019";"silthiofam";"175217-20-6";"1702.980001";"Env A";"";"Non"
2022;"00000";"2150020";"rimsulfuron";"122931-48-0";"0.3";"Env A";"";"Non"
2022;"00000";"2150022";"dicamba";"1918-00-9";"2.88";"Env B";"";"Non"
2022;"00000";"2150028";"metobromuron";"3060-89-7";"840.0";"CMR";"";"Non"
2022;"00000";"2160114";"maltodextrine";"9050-36-6";"9.5648";"Autre";"";"Non"
2022;"00000";"2160115";"acide pelargonique";"112-05-0";"667.197969";"Autre";"";"Non"
2022;"00000";"2160177";"clomazone";"81777-89-1";"4.32";"Env A";"";"Non"
2022;"00000";"2160226";"phosphate ferrique";"10045-86-0";"22.6512";"Autre";"";"Non"
2022;"00000";"2160248";"dicamba";"1918-00-9";"2.4";"Env B";"";"Non"
2022;"00000";"2160248";"mesotrione";"104206-82-8";"1.00";"CMR";"";"Non"
2022;"00000";"2160260";"metconazole";"125116-23-6";"9.45";"CMR";"";"Non"
2022;"00000";"2160263";"tebuconazole";"107534-96-3";"21.25";"CMR";"";"Non"
2022;"00000";"2160272";"hexythiazox";"78587-05-0";"0.6250";"Env A";"";"Non"
2022;"00000";"2160278";"cymoxanil";"57966-95-7";"6.72";"CMR";"";"Non"
2022;"00000";"2160278";"folpel";"133-07-3";"55.44";"CMR";"";"Non"
2022;"00000";"2160384";"trinexapac-ethyl";"95266-40-3";"31.25";"Env A";"";"Non"
2022;"00000";"2160387";"tebuconazole";"107534-96-3";"58.75";"CMR";"";"Non"
2022;"00000";"2160390";"gibberellines (a4+a7)";"8030-53-3";"0.87";"Autre";"";"Non"
2022;"00000";"2160395";"fenbuconazole";"114369-43-6";"38";"Env A";"";"Non"
2022;"00000";"2160395";"tetraconazole";"112281-77-3";"38";"Env A";"";"Non"
2022;"00000";"2160400";"difenoconazole";"119446-68-3";"7.5";"Env A";"";"Non"
2022;"00000";"2160400";"mandipropamide";"374726-62-2";"7.5";"Env A";"";"Non"
2022;"00000";"2160409";"phosphate ferrique";"10045-86-0";"10.0386";"Autre";"";"Non"
2022;"00000";"2160417";"bentazone";"25057-89-0";"10.44";"Env B";"";"Non"
2022;"00000";"2160423";"e7,z9-dodecadienylacetate";"54364-62-4";"33.551425";"Env A";"";"Non"
2022;"00000";"2160475";"soufre";"7704-34-9";"9000";"Autre";"";"Non"
2022;"00000";"2160479";"s-metolachlore";"87392-12-9";"355.2";"Env A";"";"Non"
2022;"00000";"2160484";"difenoconazole";"119446-68-3";"0.1";"Env A";"";"Non"
2022;"00000";"2160484";"fludioxonil";"131341-86-1";"0.1";"Env A";"";"Non"
2022;"00000";"2160492";"trichoderma asperellum t34";"";"";"Autre";"";"Non"
2022;"00000";"2160508";"cyflufenamid";"180409-60-3";"0.650";"Env A";"";"Oui"
2022;"00000";"2160512";"cuivre de l'oxyde cuivreux";"1317-39-1";"120.0";"Env A";"Substitution";"Non"
2022;"00000";"2160527";"sels de potassium d'acides gras";"10124-65-9";"159.7734";"Autre";"";"Non"
2022;"00000";"2160549";"benalaxyl-m";"98243-83-5";"0.938";"Env A";"";"Oui"
2022;"00000";"2160549";"folpel";"133-07-3";"12.000";"CMR";"";"Oui"
2022;"00000";"2160556";"clomazone";"81777-89-1";"5.40";"Env A";"";"Non"
2022;"00000";"2160608";"huile de colza";"8002-13-9";"103.9878";"Autre";"";"Non"
2022;"00000";"2160608";"pyrethrines";"8003-34-7";"0.57834";"Env A";"";"Non"
2022;"00000";"2160615";"soufre triture ventile";"7704-34-9";"985.04925";"Autre";"";"Non"
2022;"00000";"2160617";"benzovindiflupyr";"1072957-71-1";"36.242";"Santé A";"Substitution";"Non"
2022;"00000";"2160659";"dimethomorphe";"110488-70-5";"1.3086";"Env A";"Exclusion";"Non"
2022;"00000";"2160659";"metirame";"9006-42-2";"6.3976";"Env A";"";"Non"
2022;"00000";"2160686";"trichoderma atroviride souche l-1237";"";"";"Autre";"";"Non"
2022;"00000";"2160693";"cyprosulfamide";"221667-31-8";"12.60";"Autre";"";"Non"
2022;"00000";"2160693";"isoxaflutole";"141112-29-0";"18.900";"CMR";"";"Non"
2022;"00000";"2160693";"thiencarbazone-methyl";"317815-83-1";"7.56";"Env A";"";"Non"
2022;"00000";"2160706";"nucleopolyhedrovirus de spodoptera littoralis";"";"";"Autre";"";"Non"
2022;"00000";"2160710";"cyazofamide";"120116-88-3";"0.611";"Env A";"";"Non"
2022;"00000";"2160710";"phosphonate de disodium";"13708-85-5";"6.11";"Autre";"";"Non"
2022;"00000";"2160713";"spinetoram";"935545-74-7";"10.08";"CMR";"";"Non"
2022;"00000";"2160723";"tebuconazole";"107534-96-3";"0.15";"CMR";"";"Non"
2022;"00000";"2160723";"trifloxystrobine";"141517-21-7";"0.075";"Env A";"";"Non"
2022;"00000";"2160724";"azoxystrobine";"131860-33-8";"20.625";"Santé A";"";"Non"
2022;"00000";"2160724";"difenoconazole";"119446-68-3";"20.625";"Env A";"";"Non"
2022;"00000";"2160726";"dithianon";"3347-22-6";"169.375";"Env A";"";"Non"
2022;"00000";"2160726";"phosphonate de potassium";"13492-26-7";"760.426";"Autre";"";"Non"
2022;"00000";"2160730";"fludioxonil";"131341-86-1";"9.3975";"Env A";"";"Non"
2022;"00000";"2160752";"pyridate";"55512-33-9";"57";"Env A";"";"Non"
2022;"00000";"2160756";"dodine";"2439-10-3";"296.48";"Env A";"";"Non"
2022;"00000";"2160781";"s-metolachlore";"87392-12-9";"96";"Env A";"";"Non"
2022;"00000";"2160792";"captane";"133-06-2";"4";"CMR";"";"Non"
2022;"00000";"2160802";"trinexapac-ethyl";"95266-40-3";"6.25";"Env A";"";"Non"
2022;"00000";"2160817";"clomazone";"81777-89-1";"0.43";"Env A";"";"Non"
2022;"00000";"2160817";"pendimethaline";"40487-42-1";"2.98";"Env A";"Substitution";"Non"
2022;"00000";"2160818";"soufre";"7704-34-9";"2933.6";"Autre";"";"Non"
2022;"00000";"2160824";"dimethomorphe";"110488-70-5";"2.700";"Env A";"Exclusion";"Oui"
2022;"00000";"2170381";"mesotrione";"104206-82-8";"45.50";"CMR";"";"Non"
2022;"00000";"2170381";"terbuthylazine";"5915-41-3";"214.50";"Env A";"";"Non"
2022;"00000";"2170392";"deltamethrine";"52918-63-5";"0.003";"Santé A";"";"Non"
2022;"00000";"2170410";"bupirimate";"41483-43-6";"1";"CMR";"";"Non"
2022;"00000";"2170412";"huile essentielle d'orange douce";"8028-48-6";"21.708";"Env A";"";"Non"
2022;"00000";"2170421";"mesotrione";"104206-82-8";"7.5";"CMR";"";"Non"
2022;"00000";"2170423";"mesotrione";"104206-82-8";"3";"CMR";"";"Non"
2022;"00000";"2170424";"mesotrione";"104206-82-8";"2";"CMR";"";"Non"
2022;"00000";"2170425";"mesotrione";"104206-82-8";"2.5";"CMR";"";"Non"
2022;"00000";"2170428";"flazasulfuron";"104040-78-0";"3.0075";"Env A";"";"Non"
2022;"00000";"2170429";"fenpropidine";"67306-00-7";"6.00";"Env A";"";"Non"
2022;"00000";"2170429";"prochloraze";"67747-09-5";"8";"Env A";"";"Non"
2022;"00000";"2170429";"tebuconazole";"107534-96-3";"4.0";"CMR";"";"Non"
2022;"00000";"2170434";"acetate de tetradecyle";"638-59-5";"0.23067";"Autre";"";"Non"
2022;"00000";"2170434";"e8,e10-dodecadiene-1-ol";"33956-49-9";"1.19063";"Env A";"";"Non"
2022;"00000";"2170434";"z-11-tetradecenyl acetate";"20711-10-8";"0.93899";"Autre";"";"Non"
2022;"00000";"2170437";"beauveria bassiana souche atcc 74040";"63428-82-0";"";"Autre";"";"Non"
2022;"00000";"2170455";"beflubutamide";"113614-08-7";"7.5";"Env A";"";"Non"
2022;"00000";"2170457";"metamitrone";"41394-05-2";"91";"Env A";"";"Non"
2022;"00000";"2170458";"cuivre du sulfate tribasique";"12527-76-3";"20.3925";"Env A";"Substitution";"Non"
2022;"00000";"2170458";"fosetyl-aluminium";"39148-24-8";"27.19";"Autre";"";"Non"
2022;"00000";"2170459";"fludioxonil";"131341-86-1";"167.31";"Env A";"";"Non"
2022;"00000";"2170459";"sedaxane";"874967-67-6";"167.31";"CMR";"";"Non"
2022;"00000";"2170462";"huile minerale blanche";"8042-47-5";"395";"Autre";"";"Non"
2022;"00000";"2170464";"huile minerale blanche";"8042-47-5";"15.8";"Autre";"";"Non"
2022;"00000";"2170501";"cyprodinyl";"121552-61-2";"1.25";"Env A";"";"Non"
2022;"00000";"2170547";"flazasulfuron";"104040-78-0";"0.625";"Env A";"";"Non"
2022;"00000";"2170654";"cerevisane";"68876-77-7";"22.81925";"Autre";"";"Non"
2022;"00000";"2170684";"cymoxanil";"57966-95-7";"102.375";"CMR";"";"Non"
2022;"00000";"2170685";"acide acetique";"64-19-7";"118.2456";"Autre";"";"Non"
2022;"00000";"2170691";"diflufenicanil";"83164-33-4";"30.790625";"Env B";"";"Non"
2022;"00000";"2170691";"metribuzine";"21087-64-9";"123.1625";"Env A";"";"Non"
2022;"00000";"2170697";"phosphure de zinc";"1314-84-7";"0.25832";"Santé A";"";"Non"
2022;"00000";"2170698";"phosphure de zinc";"1314-84-7";"0.875";"Santé A";"";"Non"
2022;"00000";"2170700";"prothioconazole";"178928-70-6";"15.4785";"Env A";"";"Non"
2022;"00000";"2170700";"tebuconazole";"107534-96-3";"2.0638";"CMR";"";"Non"
2022;"00000";"2170711";"pyrimiphos-methyl";"29232-93-7";"4.05";"Santé A";"";"Non"
2022;"00000";"2170712";"azoxystrobine";"131860-33-8";"1.25";"Santé A";"";"Non"
2022;"00000";"2170752";"sedaxane";"874967-67-6";"11.150";"CMR";"";"Non"
2022;"00000";"2170757";"prochloraze";"67747-09-5";"142.845";"Env A";"";"Non"
2022;"00000";"2170757";"tebuconazole";"107534-96-3";"71.155";"CMR";"";"Non"
2022;"00000";"2170769";"cyflufenamid";"180409-60-3";"0.900";"Env A";"";"Oui"
2022;"00000";"2170769";"difenoconazole";"119446-68-3";"1.800";"Env A";"";"Oui"
2022;"00000";"2170780";"beauveria bassiana souche gha";"63428-82-0";"";"Autre";"";"Non"
2022;"00000";"2170785";"1-dodecanol";"112-53-8";"94.51227";"Env A";"";"Non"
2022;"00000";"2170785";"1-tetradecanol";"112-72-1";"23.21354";"Env A";"";"Non"
2022;"00000";"2170785";"e8,e10-dodecadiene-1-ol";"33956-49-9";"649.97912";"Env A";"";"Non"
2022;"00000";"2170785";"z-11-tetradecenyl acetate";"20711-10-8";"638.37235";"Autre";"";"Non"
2022;"00000";"2170785";"z-9-tetradecenyl acetate";"16725-53-4";"127.67447";"Autre";"";"Non"
2022;"00000";"2170843";"napropamide";"15299-99-7";"11.250";"Env A";"";"Oui"
2022;"00000";"2170917";"difenoconazole";"119446-68-3";"125";"Env A";"";"Non"
2022;"00000";"2170932";"cos-oga";"";"0.002875";"Autre";"";"Non"
2022;"00000";"2170933";"prohexadione-calcium";"127277-53-6";"3.4";"Env B";"";"Non"
2022;"00000";"2170933";"trinexapac-ethyl";"95266-40-3";"5.10";"Env A";"";"Non"
2022;"00000";"2170960";"(e,z)-2,13-octadecadienyl acetate";"86252-65-5";"1.06818";"Autre";"";"Non"
2022;"00000";"2170960";"(e,z)-3,13-octadecadienyl acetate";"53120-26-6";"0.02622";"Autre";"";"Non"
2022;"00000";"2170977";"huile de colza";"8002-13-9";"8.017844";"Autre";"";"Non"
2022;"00000";"2170978";"huile de colza";"8002-13-9";"324.655375";"Autre";"";"Non"
2022;"00000";"2170979";"cloquintocet-mexyl";"99607-70-2";"2.6904";"Autre";"";"Non"
2022;"00000";"2170979";"florasulame";"145701-23-1";"0.5396";"Env A";"";"Non"
2022;"00000";"2170979";"pyroxsulame";"422556-08-9";"2.6904";"Env A";"";"Non"
2022;"00000";"2180289";"graisse de mouton";"";"0.2261";"Autre";"";"Non"
2022;"00000";"2180319";"cuivre du sulfate tribasique";"12527-76-3";"8.398593";"Env A";"Substitution";"Non"
2022;"00000";"2180334";"difenoconazole";"119446-68-3";"12.91224";"Env A";"";"Non"
2022;"00000";"2180334";"fludioxonil";"131341-86-1";"12.91224";"Env A";"";"Non"
2022;"00000";"2180335";"trinexapac-ethyl";"95266-40-3";"1.3968";"Env A";"";"Non"
2022;"00000";"2180337";"fluopyram";"658066-35-4";"3.0";"Env A";"";"Non"
2022;"00000";"2180337";"fosetyl-aluminium";"39148-24-8";"39.960";"Autre";"";"Non"
2022;"00000";"2180355";"fluopicolide";"239110-15-7";"2.664";"Env A";"";"Oui"
2022;"00000";"2180355";"fosetyl-aluminium";"39148-24-8";"40.002";"Autre";"";"Oui"
2022;"00000";"2180369";"acide octanoique";"124-07-2";"744.48";"Env B";"";"Non"
2022;"00000";"2180379";"oxathiapiproline";"1003318-67-9";"56.45";"Env A";"";"Non"
2022;"00000";"2180380";"oxathiapiproline";"1003318-67-9";"35.571";"Env A";"";"Non"
2022;"00000";"2180401";"diflufenicanil";"83164-33-4";"2";"Env B";"";"Non"
2022;"00000";"2180404";"bacillus subtilis souche qst 713";"68038-70-0";"";"Autre";"";"Non"
2022;"00000";"2180408";"huile de paraffine";"64742-46-7";"9.6";"Autre";"";"Non"
2022;"00000";"2180436";"chlorantraniliprole";"500008-45-7";"123.3125";"Env A";"";"Non"
2022;"00000";"2180461";"metaldehyde";"108-62-3";"5";"CMR";"";"Non"
2022;"00000";"2180462";"metaldehyde";"108-62-3";"2";"CMR";"";"Non"
2022;"00000";"2180463";"metaldehyde";"108-62-3";"34";"CMR";"";"Non"
2022;"00000";"2180474";"clethodime";"99129-21-2";"2.8";"Env B";"";"Non"
2022;"00000";"2180474";"quizalofop-p-ethyl";"100646-51-3";"1.4";"Env A";"";"Non"
2022;"00000";"2180549";"(e)-5-decen-1-yl acetate";"38421-90-8";"0.27572";"Autre";"";"Non"
2022;"00000";"2180549";"(z)-8-dodecenol";"40642-40-8";"0.00226";"Env A";"";"Non"
2022;"00000";"2180549";"1-tetradecanol";"112-72-1";"0.16611";"Env A";"";"Non"
2022;"00000";"2180549";"acetate de e-8-dodecenyle";"38363-29-0";"0.02825";"Autre";"";"Non"
2022;"00000";"2180549";"acetate de z-8-dodecenyle";"28079-04-1";"0.49042";"Autre";"";"Non"
2022;"00000";"2180549";"e-5-decen-1-ol";"56578-18-8";"0.01695";"Autre";"";"Non"
2022;"00000";"2180598";"phosphonate de potassium";"13492-26-7";"30.200";"Autre";"";"Non"
2022;"00000";"2180619";"aclonifen";"74070-46-5";"696";"CMR";"";"Non"
2022;"00000";"2180625";"pyraflufen-ethyl";"129630-19-9";"0.344";"Env A";"";"Oui"
2022;"00000";"2180631";"huile essentielle d'orange douce";"8028-48-6";"4.2";"Env A";"";"Non"
2022;"00000";"2180633";"bacillus pumilus souche qst 2808";"";"4.0467";"Autre";"";"Non"
2022;"00000";"2180651";"bacillus amyloliquefaciens souche fzb24";"NC";"";"Autre";"";"Non"
2022;"00000";"2180662";"fludioxonil";"131341-86-1";"3.325";"Env A";"";"Non"
2022;"00000";"2180662";"pyrimethanil";"53112-28-0";"8.4";"Env A";"";"Non"
2022;"00000";"2180672";"bifenox";"42576-02-3";"7.2";"Env A";"";"Non"
2022;"00000";"2180694";"dimethachlore";"50563-36-5";"42.5";"Env A";"";"Non"
2022;"00000";"2180720";"phosphonate de potassium";"13492-26-7";"283.8532";"Autre";"";"Non"
2022;"00000";"2180730";"difenoconazole";"119446-68-3";"2.5";"Env A";"";"Non"
2022;"00000";"2180735";"spinetoram";"935545-74-7";"6.250";"CMR";"";"Oui"
2022;"00000";"2180751";"boscalid";"188425-85-6";"0.36";"Env A";"";"Non"
2022;"00000";"2180751";"pyraclostrobine";"175013-18-0";"0.180";"Santé A";"";"Non"
2022;"00000";"2180766";"fludioxonil";"131341-86-1";"0.190350";"Env A";"";"Non"
2022;"00000";"2180766";"metalaxyl-m";"70630-17-0";"0.121824";"Autre";"";"Non"
2022;"00000";"2180766";"sedaxane";"874967-67-6";"0.12690";"CMR";"";"Non"
2022;"00000";"2180807";"diflufenicanil";"83164-33-4";"19.2";"Env B";"";"Non"
2022;"00000";"2180807";"flufenacet";"142459-58-3";"76.8";"Env A";"";"Non"
2022;"00000";"2180807";"pendimethaline";"40487-42-1";"319.68";"Env A";"Substitution";"Non"
2022;"00000";"2180829";"cuivre de l'hydroxyde de cuivre";"20427-59-2";"51.85952";"Santé A";"Substitution";"Non"
2022;"00000";"2180829";"cuivre de l'oxychlorure de cuivre";"1332-65-6";"51.85952";"Santé A";"Substitution";"Non"
2022;"00000";"2180834";"benalaxyl-m";"98243-83-5";"0.5";"Env A";"";"Non"
2022;"00000";"2180834";"cuivre de l'hydroxyde de cuivre";"20427-59-2";"1.5";"Santé A";"Substitution";"Non"
2022;"00000";"2180834";"cuivre de l'oxychlorure de cuivre";"1332-65-6";"1.5";"Santé A";"Substitution";"Non"
2022;"00000";"2180858";"huile essentielle de menthe verte";"8008-79-5";"15.66708";"Env A";"";"Non"
2022;"00000";"2180864";"flufenacet";"142459-58-3";"13.212";"Env A";"";"Non"
2022;"00000";"2180864";"picolinafen";"137641-05-5";"5.505";"Env A";"";"Non"
2022;"00000";"2180865";"ipconazole";"125225-28-7";"26.50528";"CMR";"Exclusion";"Non"
2022;"00000";"2180888";"cuivre du sulfate tribasique";"12527-76-3";"60.4086";"Env A";"Substitution";"Non"
2022;"00000";"2189993";"cuivre du sulfate de cuivre";"8011-63-0";"505.79";"Env A";"Substitution";"Non"
2022;"00000";"2189994";"cuivre du sulfate de cuivre";"8011-63-0";"1";"Env A";"Substitution";"Non"
2022;"00000";"2189996";"azadirachtine";"11141-17-6";"11.492";"CMR";"";"Non"
2022;"00000";"2189997";"beauveria bassiana souche 203";"63428-82-0";"";"Autre";"";"Non"
2022;"00000";"2189998";"(z)-11-hexadecenal";"53939-28-9";"0.07";"Autre";"";"Non"
2022;"00000";"2190010";"saccharomyces cerevisiae souche las02";"";"";"Autre";"";"Non"
2022;"00000";"2190016";"pyrimicarbe";"23103-98-2";"19.150";"CMR";"";"Oui"
2022;"00000";"2190016";"tau-fluvalinate";"102851-06-9";"6.894";"Env A";"";"Oui"
2022;"00000";"2190025";"prohexadione-calcium";"127277-53-6";"1.75";"Env B";"";"Non"
2022;"00000";"2190040";"benoxacor";"98730-04-2";"1.125";"Autre";"";"Non"
2022;"00000";"2190040";"s-metolachlore";"87392-12-9";"22.875";"Env A";"";"Non"
2022;"00000";"2190041";"prothioconazole";"178928-70-6";"10.00";"Env A";"";"Non"
2022;"00000";"2190047";"difenoconazole";"119446-68-3";"29.7050";"Env A";"";"Non"
2022;"00000";"2190054";"spinosad";"168316-95-8";"11.064";"Env A";"";"Non"
2022;"00000";"2190062";"halauxifen-methyl";"943831-98-9";"1.59";"Env A";"";"Non"
2022;"00000";"2190062";"piclorame";"1918-02-1";"7.632";"Env A";"";"Non"
2022;"00000";"2190065";"huile de paraffine";"64742-46-7";"672";"Autre";"";"Non"
2022;"00000";"2190066";"fer sous forme de sulfate de fer";"7720-78-7";"144.1083";"Autre";"";"Non"
2022;"00000";"2190088";"spinosad";"168316-95-8";"17.16432";"Env A";"";"Non"
2022;"00000";"2190097";"metamitrone";"41394-05-2";"126.191";"Env A";"";"Non"
2022;"00000";"2190097";"quinmerac";"90717-03-6";"15.691";"Env A";"";"Non"
2022;"00000";"2190146";"cyantraniliprole";"736994-63-1";"0.84";"Env A";"";"Non"
2022;"00000";"2190148";"difenoconazole";"119446-68-3";"0.15";"Env A";"";"Non"
2022;"00000";"2190148";"fluxapyroxad";"907204-31-3";"0.225";"Santé A";"";"Non"
2022;"00000";"2190149";"flufenacet";"142459-58-3";"18";"Env A";"";"Non"
2022;"00000";"2190160";"phosphonate de potassium";"13492-26-7";"687.3";"Autre";"";"Non"
2022;"00000";"2190173";"metaldehyde";"108-62-3";"61.553";"CMR";"";"Non"
2022;"00000";"2190173";"phosphate ferrique";"10045-86-0";"99.71586";"Autre";"";"Non"
2022;"00000";"2190190";"acide phosphoreux";"10294-56-1";"0.129223";"Autre";"";"Non"
2022;"00000";"2190198";"soufre pour pulverisation (micronise)";"7704-34-9";"3168";"Autre";"";"Non"
2022;"00000";"2190214";"aclonifen";"74070-46-5";"172.395";"CMR";"";"Non"
2022;"00000";"2190214";"diflufenicanil";"83164-33-4";"22.986";"Env B";"";"Non"
2022;"00000";"2190214";"flufenacet";"142459-58-3";"28.7325";"Env A";"";"Non"
2022;"00000";"2190215";"clomazone";"81777-89-1";"0.36";"Env A";"";"Non"
2022;"00000";"2190246";"prosulfocarbe";"52888-80-9";"144";"Env A";"";"Non"
2022;"00000";"2190265";"bicarbonate de potassium";"298-14-6";"38.25";"Autre";"";"Non"
2022;"00000";"2190268";"diflufenicanil";"83164-33-4";"32.85";"Env B";"";"Non"
2022;"00000";"2190311";"fludioxonil";"131341-86-1";"1.047285";"Env A";"";"Non"
2022;"00000";"2190311";"fluxapyroxad";"907204-31-3";"1.047285";"Santé A";"";"Non"
2022;"00000";"2190311";"triticonazole";"131983-72-7";"1.047285";"Env A";"";"Non"
2022;"00000";"2190319";"acide pelargonique";"112-05-0";"601.003060";"Autre";"";"Non"
2022;"00000";"2190334";"iodosulfuron-methyl-sodium";"144550-36-7";"0.24";"Env A";"";"Non"
2022;"00000";"2190334";"mefenpyr-diethyl";"135590-91-9";"3.6";"Autre";"";"Non"
2022;"00000";"2190334";"mesosulfuron-methyl";"208465-21-8";"1.2";"Env A";"";"Non"
2022;"00000";"2190346";"bacillus amyloliquefaciens subsp plantarum d747";"";"";"Autre";"";"Non"
2022;"00000";"2190395";"prothioconazole";"178928-70-6";"1.50";"Env A";"";"Non"
2022;"00000";"2190441";"spinosad";"168316-95-8";"0.36";"Env A";"";"Non"
2022;"00000";"2190468";"dicamba";"1918-00-9";"11.5";"Env B";"";"Non"
2022;"00000";"2190468";"prosulfuron";"94125-34-5";"1.15";"Env A";"Substitution";"Non"
2022;"00000";"2190499";"soufre";"7704-34-9";"3567.669";"Autre";"";"Non"
2022;"00000";"2190509";"mefentrifluconazole";"1417782-03-6";"149.507";"Env A";"";"Non"
2022;"00000";"2190537";"phosphate ferrique";"10045-86-0";"3.552";"Autre";"";"Non"
2022;"00000";"2190538";"huile essentielle d'orange douce";"8028-48-6";"2.4";"Env A";"";"Non"
2022;"00000";"2190549";"flazasulfuron";"104040-78-0";"3.000";"Env A";"";"Oui"
2022;"00000";"2190567";"phosphonate de disodium";"13708-85-5";"21.515";"Autre";"";"Non"
2022;"00000";"2190594";"(e,z)-3,8-tetradecadien-1-yl acetate";"163041-87-0";"";"Autre";"";"Non"
2022;"00000";"2190594";"(e,z,z)-3,8,11-tetradecatrien-1-yl acetate";"163041-94-9";"";"Autre";"";"Non"
2022;"00000";"2190598";"oxathiapiproline";"1003318-67-9";"0.111";"Env A";"";"Non"
2022;"00000";"2190607";"lenacile";"2164-08-1";"19";"CMR";"";"Non"
2022;"00000";"2190608";"flufenacet";"142459-58-3";"6.5";"Env A";"";"Non"
2022;"00000";"2190632";"soufre";"7704-34-9";"990";"Autre";"";"Non"
2022;"00000";"2190634";"azoxystrobine";"131860-33-8";"27.3425";"Santé A";"";"Non"
2022;"00000";"2190635";"quizalofop-p-ethyl";"100646-51-3";"5.25";"Env A";"";"Non"
2022;"00000";"2210880";"oxathiapiproline";"1003318-67-9";"0.12";"Env A";"";"Non"
2022;"00000";"2210895";"huile essentielle d'orange douce";"8028-48-6";"0.2806";"Env A";"";"Non"
2022;"00000";"2211140";"chlorotoluron";"15545-48-9";"55";"CMR";"";"Non"
2022;"00000";"2219999";"cyantraniliprole";"736994-63-1";"0.0125";"Env A";"";"Non"
2022;"00000";"2220146";"prosulfocarbe";"52888-80-9";"120";"Env A";"";"Non"
2022;"00000";"2220210";"dimethomorphe";"110488-70-5";"1.7928";"Env A";"Exclusion";"Non"
2022;"00000";"2220210";"metirame";"9006-42-2";"8.7648";"Env A";"";"Non"
2022;"00000";"2220261";"prosulfocarbe";"52888-80-9";"240";"Env A";"";"Non"
2022;"00000";"2220321";"fludioxonil";"131341-86-1";"0.1375";"Env A";"";"Non"
2022;"00000";"2220324";"aclonifen";"74070-46-5";"67.5";"CMR";"";"Non"
2022;"00000";"2220324";"diflufenicanil";"83164-33-4";"9.0";"Env B";"";"Non"
2022;"00000";"2220324";"flufenacet";"142459-58-3";"11.25";"Env A";"";"Non"
2022;"00000";"2220753";"acibenzolar-s-methyl";"135158-54-2";"0.00375";"Env A";"";"Non"
2022;"00000";"2220766";"cyantraniliprole";"736994-63-1";"0.8";"Env A";"";"Non"
2022;"00000";"5100219";"soufre sublime";"7704-34-9";"13185.1566";"Autre";"";"Non"
2022;"00000";"5500179";"2,4-mcpb";"94-81-5";"60";"Env A";"";"Non"
2022;"00000";"6200075";"cuivre du sulfate de cuivre";"8011-63-0";"21";"Env A";"Substitution";"Non"
2022;"00000";"6200445";"soufre triture";"7704-34-9";"990.91";"Autre";"";"Non"
2022;"00000";"6400401";"lenacile";"2164-08-1";"13.6";"CMR";"";"Non"
2022;"00000";"6600031";"phosmet";"732-11-6";"5.5";"CMR";"";"Non"
2022;"00000";"6800403";"dazomet";"533-74-4";"38.8";"Env A";"";"Non"
2022;"00000";"7100280";"benfluraline";"1861-40-1";"36.9";"CMR";"";"Non"
2022;"00000";"7200313";"alcools terpeniques";"98-55-5";"129.675";"Autre";"";"Non"
2022;"00000";"7400115";"chlorpyriphos-methyl";"5598-13-0";"5";"Env A";"";"Non"
2022;"00000";"7400610";"cire d'abeille";"";"";"Autre";"";"Non"
2022;"00000";"7400610";"huile de resine";"8050-18-8";"";"Autre";"";"Non"
2022;"00000";"7400610";"poix";"61789-60-4";"";"Autre";"";"Non"
2022;"00000";"7400755";"acide alpha naphtylacetique (ana)";"86-87-3";"5.25";"CMR";"";"Non"
2022;"00000";"7500716";"cuivre du sulfate de cuivre";"8011-63-0";"98";"Env A";"Substitution";"Non"
2022;"00000";"7600008";"bupirimate";"41483-43-6";"19.75";"CMR";"";"Non"
2022;"00000";"7600310";"soufre triture";"7704-34-9";"2754.8";"Autre";"";"Non"
2022;"00000";"7700216";"soufre pour pulverisation (micronise)";"7704-34-9";"3154.35450";"Autre";"";"Non"
2022;"00000";"7700703";"pyrimiphos-methyl";"29232-93-7";"2329.525";"Santé A";"";"Non"
2022;"00000";"7700706";"2,4-d";"94-75-7";"3.50";"Env B";"";"Non"
2022;"00000";"7700706";"dicamba";"1918-00-9";"0.50";"Env B";"";"Non"
2022;"00000";"7900200";"methiocarbe";"2032-65-7";"0.014";"Santé A";"";"Non"
2022;"00000";"7900323";"2,4-mcpa";"94-74-6";"5.4";"Env A";"";"Non"
2022;"00000";"7900323";"dicamba";"1918-00-9";"0.45";"Env B";"";"Non"
2022;"00000";"7900708";"ethephon";"16672-87-0";"34.875";"Santé A";"";"Non"
2022;"00000";"7900708";"mepiquat-chlorure";"24307-26-4";"68.625";"Env B";"";"Non"
2022;"00000";"7900753";"clopyralid (sous forme de sel de monoethanolamine)";"57754-85-5";"10.1";"Autre";"";"Non"
2022;"00000";"8000084";"2,4-mcpa";"94-74-6";"172";"Env A";"";"Non"
2022;"00000";"8100291";"metazachlore";"67129-08-2";"0.25";"CMR";"";"Non"
2022;"00000";"8100345";"hymexazol";"10004-44-1";"42.385";"CMR";"";"Non"
2022;"00000";"8100462";"huile vegetale";"";"14.1933";"Autre";"";"Non"
2022;"00000";"8100462";"resines (colophane)";"8050-09-7";"140.39025";"Autre";"";"Non"
2022;"00000";"8100472";"pyrimiphos-methyl";"29232-93-7";"12.5";"Santé A";"";"Non"
2022;"00000";"8200024";"cuivre de l'hydroxyde de cuivre";"20427-59-2";"70";"Santé A";"Substitution";"Non"
2022;"00000";"8200489";"6-benzyladenine";"1214-39-7";"0.0095";"CMR";"";"Non"
2022;"00000";"8200489";"gibberellines (a4+a7)";"8030-53-3";"0.0095";"Autre";"";"Non"
2022;"00000";"8200538";"2,4-d";"94-75-7";"2.25";"Env B";"";"Non"
2022;"00000";"8200538";"2,4-mcpa";"94-74-6";"2.625";"Env A";"";"Non"
2022;"00000";"8200538";"clopyralid (sous forme de sel de monoethanolamine)";"57754-85-5";"0.525";"Autre";"";"Non"
2022;"00000";"8300025";"penconazole";"66246-88-6";"2.300";"CMR";"";"Oui"
2022;"00000";"8300063";"soufre pour pulverisation (micronise)";"7704-34-9";"2012";"Autre";"";"Non"
2022;"00000";"8300488";"soufre pour pulverisation (micronise)";"7704-34-9";"1256";"Autre";"";"Non"
2022;"00000";"8400096";"dicamba";"1918-00-9";"17.28";"Env B";"";"Non"
2022;"00000";"8400255";"metsulfuron-methyl";"74223-64-6";"1.092";"Env A";"Substitution";"Non"
2022;"00000";"8400528";"isoxaben";"82558-50-7";"88.98125";"Env B";"";"Oui"
2022;"00000";"8400574";"propyzamide";"23950-58-5";"307.864";"CMR";"Substitution";"Non"
2022;"00000";"8400600";"fluroxypyr-meptyl";"81406-37-3";"5.1876";"Env A";"";"Non"
2022;"00000";"8500174";"abamectine";"71751-41-2";"0.5535";"CMR";"";"Non"
2022;"00000";"8500321";"acide malique";"6915-15-7";"29";"Autre";"";"Non"
2022;"00000";"8500321";"acide sulfamique";"5329-14-6";"14.5";"Autre";"";"Non"
2022;"00000";"8500321";"pentapotassium bis(peroxymonosulfate) bis(sulfate)";"70693-62-8";"65.25";"Autre";"";"Non"
2022;"00000";"8500351";"acide b-indole butyrique (aib)";"133-32-4";"0.001300";"CMR";"";"Non"
2022;"00000";"8500470";"huile de vaseline";"8042-47-5";"2421";"Autre";"";"Non"
2022;"00000";"8600063";"cuivre de l'oxyde cuivreux";"1317-39-1";"244.8";"Env A";"Substitution";"Non"
2022;"00000";"8600232";"2,4-mcpa";"94-74-6";"4.8";"Env A";"";"Non"
2022;"00000";"8600232";"dichlorprop-p";"15165-67-0";"9.3";"Autre";"";"Non"
2022;"00000";"8600232";"mecoprop-p (mcpp-p)";"16484-77-8";"3.9";"Env A";"";"Non"
2022;"00000";"8600243";"aclonifen";"74070-46-5";"157.302";"CMR";"";"Non"
2022;"00000";"8600313";"pyrimiphos-methyl";"29232-93-7";"14.5";"Santé A";"";"Non"
2022;"00000";"8600330";"paclobutrazol";"76738-62-0";"1.016";"CMR";"";"Non"
2022;"00000";"8600349";"huile vegetale";"";"15.1845";"Autre";"";"Non"
2022;"00000";"8600349";"resines (colophane)";"8050-09-7";"40.492";"Autre";"";"Non"
2022;"00000";"8600395";"huile vegetale";"";"18.15620";"Autre";"";"Non"
2022;"00000";"8600395";"resines (colophane)";"8050-09-7";"58.4156";"Autre";"";"Non"
2022;"00000";"8700002";"chlorotoluron";"15545-48-9";"155";"CMR";"";"Non"
2022;"00000";"8700020";"flurochloridone";"61213-25-0";"26.75";"CMR";"Exclusion";"Non"
2022;"00000";"8700107";"metirame";"9006-42-2";"2488.570";"Env A";"";"Non"
2022;"00000";"8700111";"huile de ricin";"8001-79-4";"242.1568";"Autre";"";"Non"
2022;"00000";"8700111";"resines (colophane)";"8050-09-7";"121.0784";"Autre";"";"Non"
2022;"00000";"8700196";"butoxyde de piperonyle";"51-03-6";"16.425";"Autre";"";"Non"
2022;"00000";"8700196";"deltamethrine";"52918-63-5";"1.825";"Santé A";"";"Non"
2022;"00000";"8700462";"prosulfocarbe";"52888-80-9";"5229.040";"Env A";"";"Oui"
2022;"00000";"8800029";"phenmediphame";"13684-63-4";"94.4";"Env A";"";"Non"
2022;"00000";"8800161";"triallate";"2303-17-5";"223.2";"Env A";"";"Non"
2022;"00000";"8800199";"propaquizafop";"111479-05-1";"15.349";"Env A";"";"Non"
2022;"00000";"8800395";"lambda-cyhalothrine";"91465-08-6";"3.11625";"Santé A";"Substitution";"Non"
2022;"00000";"8800395";"pyrimicarbe";"23103-98-2";"62.325";"CMR";"";"Non"
2022;"00000";"8800417";"captane";"133-06-2";"9.6";"CMR";"";"Non"
2022;"00000";"8800469";"huile minerale paraffinique";"8042-47-5";"23.11293";"Autre";"";"Non"
2022;"00000";"8800504";"butoxyde de piperonyle";"51-03-6";"30.7125";"Autre";"";"Non"
2022;"00000";"8800504";"deltamethrine";"52918-63-5";"3.4125";"Santé A";"";"Non"
2022;"00000";"8800519";"goudrons de pin";"8011-48-1";"918.72";"Autre";"";"Non"
2022;"00000";"8800603";"napropamide";"15299-99-7";"13.50";"Env A";"";"Non"
2022;"00000";"8800841";"difenoconazole";"119446-68-3";"22.125";"Env A";"";"Non"
2022;"00000";"8800941";"metaldehyde";"108-62-3";"9.504";"CMR";"";"Non"
2022;"00000";"8900137";"bacillus thuringiensis serotype 3a 3b";"68038-71-1";"";"Autre";"";"Non"
2022;"00000";"8900564";"tau-fluvalinate";"102851-06-9";"157.584";"Env A";"";"Non"
2022;"00000";"8900620";"folpel";"133-07-3";"87.385";"CMR";"";"Non"
2022;"00000";"8900681";"pendimethaline";"40487-42-1";"74.060";"Env A";"Substitution";"Oui"
2022;"00000";"8900685";"e/z8 acetate de dodecenyle";"37338-40-2";"22.050918";"Autre";"";"Non"
2022;"00000";"9000069";"ethofumesate";"26225-79-6";"27.5";"Env A";"";"Non"
2022;"00000";"9000163";"rimsulfuron";"122931-48-0";"0.9";"Env A";"";"Non"
2022;"00000";"9000184";"2,4-mcpa";"94-74-6";"30";"Env A";"";"Non"
2022;"00000";"9000184";"clopyralid";"1702-17-6";"3.0";"Autre";"";"Non"
2022;"00000";"9000184";"fluroxypyr-meptyl";"81406-37-3";"8.640";"Env A";"";"Non"
2022;"00000";"9000222";"soufre";"7704-34-9";"26422.03914";"Autre";"";"Non"
2022;"00000";"9000259";"amidosulfuron";"120923-37-7";"3.81";"Env A";"";"Non"
2022;"00000";"9000277";"cuivre de l'hydroxyde de cuivre";"20427-59-2";"285";"Santé A";"Substitution";"Non"
2022;"00000";"9000282";"butoxyde de piperonyle";"51-03-6";"1542.510";"Autre";"";"Non"
2022;"00000";"9000282";"deltamethrine";"52918-63-5";"171.390";"Santé A";"";"Non"
2022;"00000";"9000361";"goudrons de pin";"8011-48-1";"174.6";"Autre";"";"Non"
2022;"00000";"9000490";"cycloxydime";"101205-02-1";"238.363";"CMR";"";"Non"
2022;"00000";"9000619";"chlorotoluron";"15545-48-9";"280";"CMR";"";"Non"
2022;"00000";"9000741";"tetraconazole";"112281-77-3";"15.750";"Env A";"";"Non"
2022;"00000";"9000753";"metaldehyde";"108-62-3";"1.5";"CMR";"";"Non"
2022;"00000";"9000833";"metazachlore";"67129-08-2";"2";"CMR";"";"Non"
2022;"00000";"9000833";"quinmerac";"90717-03-6";"0.5";"Env A";"";"Non"
2022;"00000";"9100034";"chlormequat chlorure";"999-81-5";"133.4";"Autre";"";"Non"
2022;"00000";"9100296";"2,4-d";"94-75-7";"525";"Env B";"";"Non"
2022;"00000";"9100418";"nicosulfuron";"111991-09-4";"4.4";"Env A";"";"Non"
2022;"00000";"9400555";"prochloraze";"67747-09-5";"6.75";"Env A";"";"Non"
2022;"00000";"9420113";"2,4-d";"94-75-7";"0.189";"Env B";"";"Non"
2022;"00000";"9420113";"dicamba";"1918-00-9";"0.027";"Env B";"";"Non"
2022;"00000";"9420113";"sulfate de fer (sulfate ferreux heptahydrate)";"7782-63-0";"13.5";"Autre";"";"Non"
2022;"00000";"9500040";"quizalofop-p-ethyl";"100646-51-3";"10.00";"Env A";"";"Non"
2022;"00000";"9500126";"cypermethrine";"52315-07-8";"10.5";"Env A";"";"Non"
2022;"00000";"9500135";"metaldehyde";"108-62-3";"1.25";"CMR";"";"Non"
2022;"00000";"9500147";"soufre pour pulverisation (micronise)";"7704-34-9";"2206.92";"Autre";"";"Non"
2022;"00000";"9500152";"cintofen";"130561-48-7";"116";"CMR";"";"Non"
2022;"00000";"9500199";"propamocarbe hcl";"25606-41-1";"54.872";"Autre";"";"Non"
2022;"00000";"9500234";"tetraconazole";"112281-77-3";"4.32";"Env A";"";"Non"
2022;"00000";"9500302";"cuivre du sulfate de cuivre";"8011-63-0";"263.824";"Env A";"Substitution";"Non"
2022;"00000";"9500321";"phosphure d'aluminium";"20859-73-8";"1789.76";"Santé A";"";"Non"
2022;"00000";"9500323";"phosphure d'aluminium";"20859-73-8";"616";"Santé A";"";"Non"
2022;"00000";"9500326";"phosphure de magnesium";"12057-74-8";"15.7248";"Santé A";"";"Non"
2022;"00000";"9500328";"phosphure de magnesium";"12057-74-8";"86.4864";"Santé A";"";"Non"
2022;"00000";"9500341";"soufre";"7704-34-9";"366.496";"Autre";"";"Non"
2022;"00000";"9500364";"myclobutanil";"88671-89-0";"0.04725";"CMR";"";"Non"
2022;"00000";"9500414";"cypermethrine";"52315-07-8";"0.03";"Env A";"";"Non"
2022;"00000";"9500432";"acrinathrine";"101007-06-1";"0.600";"CMR";"";"Non"
2022;"00000";"9500452";"cuivre du sulfate de cuivre";"8011-63-0";"162";"Env A";"Substitution";"Non"
2022;"00000";"9500467";"triclopyr";"55335-06-3";"0.48";"Env B";"";"Non"
2022;"00000";"9500485";"2,4-mcpa";"94-74-6";"3.6";"Env A";"";"Non"
2022;"00000";"9500485";"dicamba";"1918-00-9";"0.3";"Env B";"";"Non"
2022;"00000";"9500568";"cyprodinyl";"121552-61-2";"195.37875";"Env A";"";"Non"
2022;"00000";"9500568";"fludioxonil";"131341-86-1";"130.2525";"Env A";"";"Non"
2022;"00000";"9500595";"2,4-d";"94-75-7";"75.90";"Env B";"";"Non"
2022;"00000";"9500595";"2,4-mcpa";"94-74-6";"88.550";"Env A";"";"Non"
2022;"00000";"9500595";"clopyralid";"1702-17-6";"17.710";"Autre";"";"Non"
2022;"00000";"9500628";"bentazone";"25057-89-0";"107.445";"Env B";"";"Non"
2022;"00000";"9500629";"cyprodinyl";"121552-61-2";"4.0";"Env A";"";"Non"
2022;"00000";"9500649";"folpel";"133-07-3";"2412.2050";"CMR";"";"Oui"
2022;"00000";"9500649";"fosetyl-aluminium";"39148-24-8";"4824.410";"Autre";"";"Oui"
2022;"00000";"9600001";"cymoxanil";"57966-95-7";"6.772";"CMR";"";"Non"
2022;"00000";"9600001";"folpel";"133-07-3";"42.325";"CMR";"";"Non"
2022;"00000";"9600001";"fosetyl-aluminium";"39148-24-8";"84.65";"Autre";"";"Non"
2022;"00000";"9600025";"fosetyl-aluminium";"39148-24-8";"211.2";"Autre";"";"Non"
2022;"00000";"9600093";"azoxystrobine";"131860-33-8";"211.4500";"Santé A";"";"Non"
2022;"00000";"9600097";"cuivre de l'hydroxyde de cuivre";"20427-59-2";"1.2528";"Santé A";"Substitution";"Non"
2022;"00000";"9600116";"zirame";"137-30-4";"1603.6";"Santé A";"";"Non"
2022;"00000";"9600195";"fenoxaprop-p-ethyl";"71283-80-2";"0.69";"Env A";"";"Non"
2022;"00000";"9600195";"mefenpyr-diethyl";"135590-91-9";"0.1875";"Autre";"";"Non"
2022;"00000";"9600197";"carfentrazone ethyl";"128639-02-1";"0.8";"Env A";"";"Non"
2022;"00000";"9600197";"metsulfuron-methyl";"74223-64-6";"0.2";"Env A";"Substitution";"Non"
2022;"00000";"9600229";"fenpropidine";"67306-00-7";"289.9650";"Env A";"";"Non"
2022;"00000";"9600368";"fosetyl-aluminium";"39148-24-8";"39.564";"Autre";"";"Non"
2022;"00000";"9600368";"metirame";"9006-42-2";"24.276";"Env A";"";"Non"
2022;"00000";"9600370";"2,4-mcpa";"94-74-6";"304.50";"Env A";"";"Non"
2022;"00000";"9600370";"clopyralid (sous forme de sel de monoethanolamine)";"57754-85-5";"30.450";"Autre";"";"Non"
2022;"00000";"9600390";"glyphosate";"1071-83-6";"295.2";"Env A";"";"Non"
2022;"00000";"9600395";"dithianon";"3347-22-6";"89.6";"Env A";"";"Non"
2022;"00000";"9600512";"folpel";"133-07-3";"423.004";"CMR";"";"Non"
2022;"00000";"9600512";"fosetyl-aluminium";"39148-24-8";"423.004";"Autre";"";"Non"
2022;"00000";"9600526";"acibenzolar-s-methyl";"135158-54-2";"2.2";"Env A";"";"Non"
2022;"00000";"9600550";"diflufenicanil";"83164-33-4";"0.8";"Env B";"";"Non"
2022;"00000";"9600550";"glyphosate";"1071-83-6";"5";"Env A";"";"Non"
2022;"00000";"9700027";"hexythiazox";"78587-05-0";"0.15";"Env A";"";"Non"
2022;"00000";"9700070";"flazasulfuron";"104040-78-0";"6.6975";"Env A";"";"Non"
2022;"00000";"9700076";"thiodicarbe";"59669-26-0";"4.0";"Autre";"";"Non"
2022;"00000";"9700114";"soufre pour pulverisation (micronise)";"7704-34-9";"4280";"Autre";"";"Non"
2022;"00000";"9700214";"kresoxim-methyl";"143390-89-0";"17.1";"CMR";"";"Non"
2022;"00000";"9700282";"nicosulfuron";"111991-09-4";"0.1";"Env A";"";"Non"
2022;"00000";"2010427";"quizalofop-p-ethyl";"100646-51-3";"8.4";"Env A";"";"Non"
2022;"00000";"2010509";"cuivre du sulfate de cuivre";"8011-63-0";"195.00";"Env A";"Substitution";"Non"
2022;"00000";"2010513";"bacillus thuringiensis ssp kurstaki souche abts-351";"68038-71-1";"";"Autre";"";"Non"
2022;"00000";"2010530";"myclobutanil";"88671-89-0";"0.0360";"CMR";"";"Non"
2022;"00000";"2020003";"phosphate ferrique";"10045-86-0";"62.485929";"Autre";"";"Non"
2022;"00000";"2020021";"laminarine";"9008-22-4";"0.555";"Autre";"";"Non"
2022;"00000";"2020064";"deltamethrine";"52918-63-5";"0.015";"Santé A";"";"Non"
2022;"00000";"2020099";"trifloxystrobine";"141517-21-7";"375.675";"Env A";"";"Non"
2022;"00000";"2020114";"chlorure de didecyl dimethyl ammonium";"7173-51-5";"0.369";"Autre";"";"Non"
2022;"00000";"2020114";"n-n bis (3 aminopropyl) dodecylamine";"2372-82-9";"0.26568";"Autre";"";"Non"
2022;"00000";"2020199";"goudrons de pin";"8011-48-1";"36.3";"Autre";"";"Non"
2022;"00000";"2020219";"fenoxaprop-p-ethyl";"71283-80-2";"2.553";"Env A";"";"Non"
2022;"00000";"2020226";"clethodime";"99129-21-2";"4.2";"Env B";"";"Non"
2022;"00000";"2020241";"bacillus thuringiensis ssp aizawai souche abts-1857";"68038-71-1";"5.40";"Autre";"";"Non"
2022;"00000";"2020298";"bifenthrine";"82657-04-3";"0.00045";"CMR";"";"Non"
2022;"00000";"2020474";"metazachlore";"67129-08-2";"2.5";"CMR";"";"Non"
2022;"00000";"2030011";"carfentrazone ethyl";"128639-02-1";"32.1";"Env A";"";"Non"
2022;"00000";"2030071";"metaldehyde";"108-62-3";"92.000";"CMR";"";"Oui"
2022;"00000";"2030089";"clopyralid (sous forme de sel de monoethanolamine)";"57754-85-5";"0.3";"Autre";"";"Non"
2022;"00000";"2030175";"bacillus thuringiensis ssp kurstaki souche sa-11";"68038-71-1";"272.5610";"Autre";"";"Non"
2022;"00000";"2030184";"soufre pour pulverisation (micronise)";"7704-34-9";"2.4";"Autre";"";"Non"
2022;"00000";"2030273";"lambda-cyhalothrine";"91465-08-6";"0.05250";"Santé A";"Substitution";"Non"
2022;"00000";"2030273";"pyrimicarbe";"23103-98-2";"1.050";"CMR";"";"Non"
2022;"00000";"2030323";"fludioxonil";"131341-86-1";"1145.689268";"Env A";"";"Non"
2022;"00000";"2030332";"2,4-d";"94-75-7";"230.16";"Env B";"";"Non"
2022;"00000";"2030332";"dichlorprop-p";"15165-67-0";"115.08";"Autre";"";"Non"
2022;"00000";"2030342";"chlormequat chlorure";"999-81-5";"869.4";"Autre";"";"Non"
2022;"00000";"2030404";"pendimethaline";"40487-42-1";"84";"Env A";"Substitution";"Non"
2022;"00000";"2030457";"azoxystrobine";"131860-33-8";"9.25";"Santé A";"";"Non"
2022;"00000";"2030466";"soufre triture ventile";"7704-34-9";"1498.27275";"Autre";"";"Non"
2022;"00000";"2040080";"2,4-d";"94-75-7";"10.22175";"Env B";"";"Non"
2022;"00000";"2040080";"dicamba";"1918-00-9";"1.46025";"Env B";"";"Non"
2022;"00000";"2040080";"sulfate de fer (sulfate ferreux heptahydrate)";"7782-63-0";"730.125";"Autre";"";"Non"
2022;"00000";"2040146";"tefluthrine";"79538-32-2";"4796.31398";"Santé A";"";"Non"
2022;"00000";"2040201";"2,4-mcpa";"94-74-6";"21.6";"Env A";"";"Non"
2022;"00000";"2040201";"dicamba";"1918-00-9";"1.80";"Env B";"";"Non"
2022;"00000";"2050046";"flonicamide";"158062-67-0";"67.00";"Autre";"";"Non"
2022;"00000";"2050075";"boscalid";"188425-85-6";"6.76";"Env A";"";"Non"
2022;"00000";"2050076";"boscalid";"188425-85-6";"5";"Env A";"";"Non"
2022;"00000";"2060002";"difenoconazole";"119446-68-3";"20.555";"Env A";"";"Non"
2022;"00000";"2060019";"metazachlore";"67129-08-2";"0.04";"CMR";"";"Non"
2022;"00000";"2060026";"flazasulfuron";"104040-78-0";"0.75";"Env A";"";"Non"
2022;"00000";"2060034";"kaolin";"1332-58-7";"1318.125";"Autre";"";"Non"
2022;"00000";"2060045";"huile vegetale";"";"36.90750";"Autre";"";"Non"
2022;"00000";"2060045";"resines (colophane)";"8050-09-7";"358.530";"Autre";"";"Non"
2022;"00000";"2060050";"metrafenone";"220899-03-6";"471.170";"Env A";"";"Oui"
2022;"00000";"2060051";"metrafenone";"220899-03-6";"27.3";"Env A";"";"Non"
2022;"00000";"2060063";"picolinafen";"137641-05-5";"1.515";"Env A";"";"Non"
2022;"00000";"2060064";"virus de la granulose";"";"0.5";"Autre";"";"Non"
2022;"00000";"2060084";"boscalid";"188425-85-6";"162.7365";"Env A";"";"Oui"
2022;"00000";"2060084";"pyraclostrobine";"175013-18-0";"40.8365";"Santé A";"";"Oui"
2022;"00000";"2060085";"boscalid";"188425-85-6";"16.302";"Env A";"";"Non"
2022;"00000";"2060085";"kresoxim-methyl";"143390-89-0";"8.151";"CMR";"";"Non"
2022;"00000";"2060086";"pyraclostrobine";"175013-18-0";"18.656";"Santé A";"";"Non"
2022;"00000";"2060088";"benoxacor";"98730-04-2";"29.8";"Autre";"";"Non"
2022;"00000";"2060088";"mesotrione";"104206-82-8";"59.6";"CMR";"";"Non"
2022;"00000";"2060088";"s-metolachlore";"87392-12-9";"596";"Env A";"";"Non"
2022;"00000";"2060098";"spinosad";"168316-95-8";"132.0816";"Env A";"";"Oui"
2022;"00000";"2060113";"bifenazate";"149877-41-8";"3.732";"Env A";"";"Non"
2022;"00000";"2060116";"prothioconazole";"178928-70-6";"55.1200";"Env A";"";"Non"
