"annee";"code_postal_acheteur";"amm";"substance";"cas";"quantite_substance";"classification";"classification_mention";"achat_etranger"
2022;"97400";"2000125";"cuivre du sulfate de cuivre";"8011-63-0";"0.52";"Env A";"Substitution";"Non"
2022;"97411";"2000044";"fluazifop-p-butyl";"79241-46-6";"0.375";"CMR";"";"Non"
2022;"97411";"2000125";"cuivre du sulfate de cuivre";"8011-63-0";"1.64";"Env A";"Substitution";"Non"
2022;"97411";"2010023";"deltamethrine";"52918-63-5";"0.165";"Santé A";"";"Non"
2022;"97411";"2030404";"pendimethaline";"40487-42-1";"8";"Env A";"Substitution";"Non"
2022;"97411";"2060084";"boscalid";"188425-85-6";"0.267";"Env A";"";"Non"
2022;"97411";"2060084";"pyraclostrobine";"175013-18-0";"0.067";"Santé A";"";"Non"
2022;"97411";"2060088";"benoxacor";"98730-04-2";"0.9";"Autre";"";"Non"
2022;"97411";"2060088";"mesotrione";"104206-82-8";"1.8";"CMR";"";"Non"
2022;"97411";"2060088";"s-metolachlore";"87392-12-9";"18";"Env A";"";"Non"
2022;"97411";"2060098";"spinosad";"168316-95-8";"0.528";"Env A";"";"Non"
2022;"97411";"2060130";"spinosad";"168316-95-8";"0.00096";"Env A";"";"Non"
2022;"97411";"2060194";"tefluthrine";"79538-32-2";"0.36";"Santé A";"";"Non"
2022;"97411";"2090127";"huile essentielle d'orange douce";"8028-48-6";"0.36";"Env A";"";"Non"
2022;"97411";"2100026";"cypermethrine";"52315-07-8";"5.0";"Env A";"";"Non"
2022;"97411";"2100122";"chlorantraniliprole";"500008-45-7";"0.105";"Env A";"";"Non"
2022;"97411";"2100231";"emamectine benzoate";"155569-91-8";"0.0095";"Santé A";"";"Non"
2022;"97411";"2110012";"cyazofamide";"120116-88-3";"0.64";"Env A";"";"Non"
2022;"97411";"2110101";"pyraflufen-ethyl";"129630-19-9";"0.1855";"Env A";"";"Non"
2022;"97411";"2110111";"cyprosulfamide";"221667-31-8";"0.88";"Autre";"";"Non"
2022;"97411";"2110111";"isoxaflutole";"141112-29-0";"0.88";"CMR";"";"Non"
2022;"97411";"2110115";"cypermethrine";"52315-07-8";"3.8";"Env A";"";"Non"
2022;"97411";"2110143";"metribuzine";"21087-64-9";"0.6";"Env A";"";"Non"
2022;"97411";"2110150";"huile de colza";"8002-13-9";"0.6216";"Autre";"";"Non"
2022;"97411";"2120048";"aminopyralid";"150114-71-9";"0.87";"Env A";"";"Non"
2022;"97411";"2120048";"triclopyr";"55335-06-3";"6.96";"Env B";"";"Non"
2022;"97411";"2120143";"glyphosate";"1071-83-6";"38.4";"Env A";"";"Non"
2022;"97411";"2130153";"acide acetique";"64-19-7";"0.108";"Autre";"";"Non"
2022;"97411";"2140085";"abamectine";"71751-41-2";"0.324";"CMR";"";"Non"
2022;"97411";"2140121";"acide pelargonique";"112-05-0";"0.810182";"Autre";"";"Non"
2022;"97411";"2140147";"deltamethrine";"52918-63-5";"0.015";"Santé A";"";"Non"
2022;"97411";"2140165";"metribuzine";"21087-64-9";"33.6";"Env A";"";"Non"
2022;"97411";"2150140";"glyphosate";"1071-83-6";"54.0";"Env A";"";"Non"
2022;"97411";"2150417";"bacillus thuringiensis ssp kurstaki souche abts-351";"68038-71-1";"0.076626";"Autre";"";"Non"
2022;"97411";"2150790";"phosphate ferrique";"10045-86-0";"0.44";"Autre";"";"Non"
2022;"97411";"2160226";"phosphate ferrique";"10045-86-0";"0.484";"Autre";"";"Non"
2022;"97411";"2160842";"metribuzine";"21087-64-9";"7.0";"Env A";"";"Non"
2022;"97411";"2190760";"spinosad";"168316-95-8";"0.0023";"Env A";"";"Non"
2022;"97411";"2210895";"huile essentielle d'orange douce";"8028-48-6";"0.02745";"Env A";"";"Non"
2022;"97411";"7500716";"cuivre du sulfate de cuivre";"8011-63-0";"16";"Env A";"Substitution";"Non"
2022;"97411";"8400600";"fluroxypyr-meptyl";"81406-37-3";"2.8820";"Env A";"";"Non"
2022;"97411";"8500174";"abamectine";"71751-41-2";"0.036";"CMR";"";"Non"
2022;"97411";"8800841";"difenoconazole";"119446-68-3";"0.125";"Env A";"";"Non"
2022;"97411";"9100296";"2,4-d";"94-75-7";"48";"Env B";"";"Non"
2022;"97411";"9200215";"cymoxanil";"57966-95-7";"0.60";"CMR";"";"Non"
2022;"97411";"9200215";"metirame";"9006-42-2";"7.125";"Env A";"";"Non"
2022;"97411";"9500568";"cyprodinyl";"121552-61-2";"1.5";"Env A";"";"Non"
2022;"97411";"9500568";"fludioxonil";"131341-86-1";"1";"Env A";"";"Non"
2022;"97411";"9700332";"azoxystrobine";"131860-33-8";"1.50";"Santé A";"";"Non"
2022;"97411";"9800336";"lambda-cyhalothrine";"91465-08-6";"0.625";"Santé A";"Substitution";"Non"
2022;"97411";"9900037";"trifloxystrobine";"141517-21-7";"0.25";"Env A";"";"Non"
2022;"97411";"9900257";"cuivre du sulfate de cuivre";"8011-63-0";"0.48";"Env A";"Substitution";"Non"
2022;"97412";"2000044";"fluazifop-p-butyl";"79241-46-6";"1.25";"CMR";"";"Non"
2022;"97412";"2000202";"glyphosate";"1071-83-6";"45.0";"Env A";"";"Non"
2022;"97412";"2000316";"esfenvalerate";"66230-04-4";"0.05";"Santé A";"Substitution";"Non"
2022;"97412";"2000327";"carfentrazone ethyl";"128639-02-1";"0.18";"Env A";"";"Non"
2022;"97412";"2000517";"cuivre de l'hydroxyde de cuivre";"20427-59-2";"1.8";"Santé A";"Substitution";"Non"
2022;"97412";"2000519";"2,4-d";"94-75-7";"48";"Env B";"";"Non"
2022;"97412";"2010023";"deltamethrine";"52918-63-5";"0.195";"Santé A";"";"Non"
2022;"97412";"2010282";"cypermethrine";"52315-07-8";"3.1";"Env A";"";"Non"
2022;"97412";"2030404";"pendimethaline";"40487-42-1";"20";"Env A";"Substitution";"Non"
2022;"97412";"2060084";"boscalid";"188425-85-6";"0.267";"Env A";"";"Non"
2022;"97412";"2060084";"pyraclostrobine";"175013-18-0";"0.067";"Santé A";"";"Non"
2022;"97416";"2060084";"pyraclostrobine";"175013-18-0";"0.067";"Santé A";"";"Non"
2022;"97416";"2060088";"benoxacor";"98730-04-2";"4.6";"Autre";"";"Non"
2022;"97416";"2060088";"mesotrione";"104206-82-8";"9.2";"CMR";"";"Non"
2022;"97416";"2060088";"s-metolachlore";"87392-12-9";"92";"Env A";"";"Non"
2022;"97416";"2060098";"spinosad";"168316-95-8";"0.192";"Env A";"";"Non"
2022;"97416";"2060194";"tefluthrine";"79538-32-2";"0.54";"Santé A";"";"Non"
2022;"97416";"2080060";"pyriproxyfene";"95737-68-1";"0.3";"Env A";"";"Non"
2022;"97416";"2100122";"chlorantraniliprole";"500008-45-7";"0.315";"Env A";"";"Non"
2022;"97416";"2110012";"cyazofamide";"120116-88-3";"0.64";"Env A";"";"Non"
2022;"97416";"2110086";"spirotetramat";"203313-25-1";"0.7";"CMR";"";"Non"
2022;"97416";"2110115";"cypermethrine";"52315-07-8";"0.3";"Env A";"";"Non"
2022;"97416";"2110143";"metribuzine";"21087-64-9";"0.6";"Env A";"";"Non"
2022;"97416";"2120143";"glyphosate";"1071-83-6";"28.8";"Env A";"";"Non"
2022;"97416";"2130075";"metaldehyde";"108-62-3";"0.2";"CMR";"";"Non"
2022;"97416";"2130212";"phosmet";"732-11-6";"2.5";"CMR";"";"Non"
2022;"97416";"2130251";"lambda-cyhalothrine";"91465-08-6";"0.4";"Santé A";"Substitution";"Non"
2022;"97416";"2140085";"abamectine";"71751-41-2";"0.054";"CMR";"";"Non"
2022;"97416";"2140121";"acide pelargonique";"112-05-0";"0.216207";"Autre";"";"Non"
2022;"97416";"2140165";"metribuzine";"21087-64-9";"44.1";"Env A";"";"Non"
2022;"97416";"2140201";"cyflufenamid";"180409-60-3";"0.09";"Env A";"";"Non"
2022;"97416";"2140201";"difenoconazole";"119446-68-3";"0.75";"Env A";"";"Non"
2022;"97416";"2150140";"glyphosate";"1071-83-6";"27.0";"Env A";"";"Non"
2022;"97416";"2150417";"bacillus thuringiensis ssp kurstaki souche abts-351";"68038-71-1";"0.007663";"Autre";"";"Non"
2022;"97416";"2150790";"phosphate ferrique";"10045-86-0";"0.12";"Autre";"";"Non"
2022;"97416";"2190173";"metaldehyde";"108-62-3";"0.18";"CMR";"";"Non"
2022;"97416";"2190173";"phosphate ferrique";"10045-86-0";"0.2916";"Autre";"";"Non"
2022;"97416";"7500716";"cuivre du sulfate de cuivre";"8011-63-0";"4";"Env A";"Substitution";"Non"
2022;"97416";"8300025";"penconazole";"66246-88-6";"0.2";"CMR";"";"Non"
2022;"97416";"8400600";"fluroxypyr-meptyl";"81406-37-3";"6.3404";"Env A";"";"Non"
2022;"97416";"8500174";"abamectine";"71751-41-2";"0.18";"CMR";"";"Non"
2022;"97416";"8600243";"aclonifen";"74070-46-5";"6";"CMR";"";"Non"
2022;"97416";"8800395";"lambda-cyhalothrine";"91465-08-6";"0.05";"Santé A";"Substitution";"Non"
2022;"97416";"8800395";"pyrimicarbe";"23103-98-2";"1";"CMR";"";"Non"
2022;"97416";"8800841";"difenoconazole";"119446-68-3";"0.750";"Env A";"";"Non"
2022;"97416";"8900681";"pendimethaline";"40487-42-1";"4";"Env A";"Substitution";"Non"
2022;"97416";"9100296";"2,4-d";"94-75-7";"123";"Env B";"";"Non"
2022;"97416";"9200215";"cymoxanil";"57966-95-7";"0.48";"CMR";"";"Non"
2022;"97416";"9200215";"metirame";"9006-42-2";"5.7";"Env A";"";"Non"
2022;"97416";"9500628";"bentazone";"25057-89-0";"2.61";"Env B";"";"Non"
2022;"97416";"9700332";"azoxystrobine";"131860-33-8";"3.5";"Santé A";"";"Non"
2022;"97416";"9800144";"indoxacarbe";"173584-44-6";"0.45";"Santé A";"";"Non"
2022;"97416";"9800259";"benoxacor";"98730-04-2";"0.900";"Autre";"";"Non"
2022;"97416";"9800259";"s-metolachlore";"87392-12-9";"18.300";"Env A";"";"Non"
2022;"97416";"9800336";"lambda-cyhalothrine";"91465-08-6";"2.25";"Santé A";"Substitution";"Non"
2022;"97416";"9900227";"cuivre de l'hydroxyde de cuivre";"20427-59-2";"2";"Santé A";"Substitution";"Non"
2022;"97417";"2000125";"cuivre du sulfate de cuivre";"8011-63-0";"0.14";"Env A";"Substitution";"Non"
2022;"97417";"2000316";"esfenvalerate";"66230-04-4";"0.05";"Santé A";"Substitution";"Non"
2022;"97417";"2000517";"cuivre de l'hydroxyde de cuivre";"20427-59-2";"2.16";"Santé A";"Substitution";"Non"
2022;"97417";"2060098";"spinosad";"168316-95-8";"0.048";"Env A";"";"Non"
2022;"97417";"2060130";"spinosad";"168316-95-8";"0.00024";"Env A";"";"Non"
2022;"97417";"2100206";"glyphosate";"1071-83-6";"10.8";"Env A";"";"Non"
2022;"97417";"2110150";"huile de colza";"8002-13-9";"0.6216";"Autre";"";"Non"
2022;"97417";"2140121";"acide pelargonique";"112-05-0";"1.480186";"Autre";"";"Non"
2022;"97417";"2150140";"glyphosate";"1071-83-6";"1.8";"Env A";"";"Non"
2022;"97417";"2150417";"bacillus thuringiensis ssp kurstaki souche abts-351";"68038-71-1";"0.007663";"Autre";"";"Non"
2022;"97417";"2150790";"phosphate ferrique";"10045-86-0";"0.2345";"Autre";"";"Non"
2022;"97417";"2190760";"spinosad";"168316-95-8";"0.0022";"Env A";"";"Non"
2022;"97417";"2210895";"huile essentielle d'orange douce";"8028-48-6";"0.0061";"Env A";"";"Non"
2022;"97417";"9000361";"goudrons de pin";"8011-48-1";"0.8";"Autre";"";"Non"
2022;"97417";"9700332";"azoxystrobine";"131860-33-8";"0.75";"Santé A";"";"Non"
2022;"97418";"2000003";"metazachlore";"67129-08-2";"17.5";"CMR";"";"Non"
2022;"97418";"2000044";"fluazifop-p-butyl";"79241-46-6";"20.250";"CMR";"";"Non"
2022;"97418";"2000125";"cuivre du sulfate de cuivre";"8011-63-0";"1.42";"Env A";"Substitution";"Non"
2022;"97418";"2000202";"glyphosate";"1071-83-6";"21.6";"Env A";"";"Non"
2022;"97418";"2000299";"clomazone";"81777-89-1";"0.72";"Env A";"";"Non"
2022;"97418";"2000316";"esfenvalerate";"66230-04-4";"0.35";"Santé A";"Substitution";"Non"
2022;"97418";"2000327";"carfentrazone ethyl";"128639-02-1";"0.42";"Env A";"";"Non"
2022;"97418";"2000517";"cuivre de l'hydroxyde de cuivre";"20427-59-2";"30.60";"Santé A";"Substitution";"Non"
2022;"97418";"2010023";"deltamethrine";"52918-63-5";"3.420";"Santé A";"";"Non"
2022;"97418";"2010282";"cypermethrine";"52315-07-8";"43.5";"Env A";"";"Non"
2022;"97418";"2020241";"bacillus thuringiensis ssp aizawai souche abts-1857";"68038-71-1";"4.86";"Autre";"";"Non"
2022;"97418";"2020474";"metazachlore";"67129-08-2";"10";"CMR";"";"Non"
2022;"97418";"2030255";"tebuconazole";"107534-96-3";"6.25";"CMR";"";"Non"
2022;"97418";"2030404";"pendimethaline";"40487-42-1";"4";"Env A";"Substitution";"Non"
2022;"97418";"2050046";"flonicamide";"158062-67-0";"0.75";"Autre";"";"Non"
2022;"97418";"2060002";"difenoconazole";"119446-68-3";"2.25";"Env A";"";"Non"
2022;"97418";"2060050";"metrafenone";"220899-03-6";"2";"Env A";"";"Non"
2022;"97418";"2060084";"boscalid";"188425-85-6";"55.002";"Env A";"";"Non"
2022;"97418";"2060084";"pyraclostrobine";"175013-18-0";"13.802";"Santé A";"";"Non"
2022;"97418";"2060085";"boscalid";"188425-85-6";"0.2";"Env A";"";"Non"
2022;"97418";"2060085";"kresoxim-methyl";"143390-89-0";"0.1";"CMR";"";"Non"
2022;"97418";"2060088";"benoxacor";"98730-04-2";"1.3";"Autre";"";"Non"
2022;"97418";"2060088";"mesotrione";"104206-82-8";"2.6";"CMR";"";"Non"
2022;"97418";"2060088";"s-metolachlore";"87392-12-9";"26";"Env A";"";"Non"
2022;"97418";"2060098";"spinosad";"168316-95-8";"22.368";"Env A";"";"Non"
2022;"97418";"2060113";"bifenazate";"149877-41-8";"0.30";"Env A";"";"Non"
2022;"97418";"2060130";"spinosad";"168316-95-8";"0.00048";"Env A";"";"Non"
2022;"97418";"2060194";"tefluthrine";"79538-32-2";"0.18";"Santé A";"";"Non"
2022;"97418";"2070185";"fluazinam";"79622-59-6";"15";"CMR";"";"Non"
2022;"97418";"2080060";"pyriproxyfene";"95737-68-1";"0.3";"Env A";"";"Non"
2022;"97418";"2080098";"mandipropamide";"374726-62-2";"4.25";"Env A";"";"Non"
2022;"97418";"2080102";"azoxystrobine";"131860-33-8";"1";"Santé A";"";"Non"
2022;"97418";"2080102";"difenoconazole";"119446-68-3";"0.625";"Env A";"";"Non"
2022;"97418";"2080114";"cymoxanil";"57966-95-7";"35.0";"CMR";"";"Non"
2022;"97418";"2080114";"propamocarbe hcl";"25606-41-1";"280";"Autre";"";"Non"
2022;"97418";"2080129";"meptyldinocap";"131-72-6";"6.3";"Env A";"";"Non"
2022;"97418";"2080136";"pyridate";"55512-33-9";"0.45";"Env A";"";"Non"
2022;"97418";"2090063";"tebuconazole";"107534-96-3";"2.4";"CMR";"";"Non"
2022;"97418";"2090063";"trifloxystrobine";"141517-21-7";"1.2";"Env A";"";"Non"
2022;"97418";"2090093";"glyphosate";"1071-83-6";"72";"Env A";"";"Non"
2022;"97418";"2090127";"huile essentielle d'orange douce";"8028-48-6";"4.8";"Env A";"";"Non"
2022;"97418";"2090136";"fluopicolide";"239110-15-7";"23.750";"Env A";"";"Non"
2022;"97418";"2090136";"propamocarbe hcl";"25606-41-1";"237.50";"Autre";"";"Non"
2022;"97418";"2100026";"cypermethrine";"52315-07-8";"89.5";"Env A";"";"Non"
2022;"97418";"2100028";"fluroxypyr";"69377-81-7";"5";"Env B";"";"Non"
2022;"97418";"2100122";"chlorantraniliprole";"500008-45-7";"8.295";"Env A";"";"Non"
2022;"97418";"2100206";"glyphosate";"1071-83-6";"118.8";"Env A";"";"Non"
2022;"97418";"2100231";"emamectine benzoate";"155569-91-8";"0.5605";"Santé A";"";"Non"
2022;"97418";"2110011";"clomazone";"81777-89-1";"1.8";"Env A";"";"Non"
2022;"97418";"2110011";"metribuzine";"21087-64-9";"6.99";"Env A";"";"Non"
2022;"97418";"2110012";"cyazofamide";"120116-88-3";"16.64";"Env A";"";"Non"
2022;"97418";"2110073";"indoxacarbe";"173584-44-6";"1.4625";"Santé A";"";"Non"
2022;"97418";"2110086";"spirotetramat";"203313-25-1";"5.3";"CMR";"";"Non"
2022;"97418";"2110101";"pyraflufen-ethyl";"129630-19-9";"5.8035";"Env A";"";"Non"
2022;"97418";"2110115";"cypermethrine";"52315-07-8";"55.6";"Env A";"";"Non"
2022;"97418";"2110141";"dimethomorphe";"110488-70-5";"7.92";"Env A";"Exclusion";"Non"
2022;"97418";"2110141";"pyraclostrobine";"175013-18-0";"4.4";"Santé A";"";"Non"
2022;"97418";"2110143";"metribuzine";"21087-64-9";"46.8";"Env A";"";"Non"
2022;"97418";"2110150";"huile de colza";"8002-13-9";"0.3108";"Autre";"";"Non"
2022;"97418";"2110180";"cuivre de l'oxyde cuivreux";"1317-39-1";"0.075";"Env A";"Substitution";"Non"
2022;"97418";"2120048";"aminopyralid";"150114-71-9";"15.24";"Env A";"";"Non"
2022;"97418";"2120048";"triclopyr";"55335-06-3";"121.92";"Env B";"";"Non"
2022;"97418";"2120067";"cymoxanil";"57966-95-7";"35.55";"CMR";"";"Non"
2022;"97418";"2120087";"spinetoram";"935545-74-7";"0.25";"CMR";"";"Non"
2022;"97418";"2120143";"glyphosate";"1071-83-6";"182.4";"Env A";"";"Non"
2022;"97418";"2120209";"cymoxanil";"57966-95-7";"36.25";"CMR";"";"Non"
2022;"97418";"2120209";"fluazinam";"79622-59-6";"54.375";"CMR";"";"Non"
2022;"97418";"2130059";"lambda-cyhalothrine";"91465-08-6";"0.5";"Santé A";"Substitution";"Non"
2022;"97418";"2130075";"metaldehyde";"108-62-3";"8.6";"CMR";"";"Non"
2022;"97418";"2130115";"deltamethrine";"52918-63-5";"0.001848";"Santé A";"";"Non"
2022;"97418";"2130152";"fluopyram";"658066-35-4";"2.75";"Env A";"";"Non"
2022;"97418";"2130152";"trifloxystrobine";"141517-21-7";"2.75";"Env A";"";"Non"
2022;"97418";"2130153";"acide acetique";"64-19-7";"0.054";"Autre";"";"Non"
2022;"97418";"2130244";"difenoconazole";"119446-68-3";"27.5";"Env A";"";"Non"
2022;"97418";"2130244";"mandipropamide";"374726-62-2";"27.5";"Env A";"";"Non"
2022;"97418";"2130251";"lambda-cyhalothrine";"91465-08-6";"0.5";"Santé A";"Substitution";"Non"
2022;"97418";"2130253";"2,4-d";"94-75-7";"28.8";"Env B";"";"Non"
2022;"97418";"2130253";"glyphosate";"1071-83-6";"43.2";"Env A";"";"Non"
2022;"97418";"2140085";"abamectine";"71751-41-2";"2.196";"CMR";"";"Non"
2022;"97418";"2140121";"acide pelargonique";"112-05-0";"0.216207";"Autre";"";"Non"
2022;"97418";"2140147";"deltamethrine";"52918-63-5";"0.03";"Santé A";"";"Non"
2022;"97418";"2140165";"metribuzine";"21087-64-9";"60.2";"Env A";"";"Non"
2022;"97418";"2140201";"cyflufenamid";"180409-60-3";"0.765";"Env A";"";"Non"
2022;"97418";"2140201";"difenoconazole";"119446-68-3";"6.375";"Env A";"";"Non"
2022;"97418";"2150009";"cymoxanil";"57966-95-7";"2.7";"CMR";"";"Non"
2022;"97418";"2150009";"mandipropamide";"374726-62-2";"3.75";"Env A";"";"Non"
2022;"97418";"2150028";"metobromuron";"3060-89-7";"2.5";"CMR";"";"Non"
2022;"97418";"2150140";"glyphosate";"1071-83-6";"869.4";"Env A";"";"Non"
2022;"97418";"2150277";"pyrimethanil";"53112-28-0";"0.4";"Env A";"";"Non"
2022;"97418";"2150417";"bacillus thuringiensis ssp kurstaki souche abts-351";"68038-71-1";"0.091951";"Autre";"";"Non"
2022;"97418";"2150790";"phosphate ferrique";"10045-86-0";"0.285";"Autre";"";"Non"
2022;"97418";"2150919";"abamectine";"71751-41-2";"0.774";"CMR";"";"Non"
2022;"97418";"2160226";"phosphate ferrique";"10045-86-0";"0.242";"Autre";"";"Non"
2022;"97418";"2160272";"hexythiazox";"78587-05-0";"0.0625";"Env A";"";"Non"
2022;"97418";"2160494";"bacillus thuringiensis ssp kurstaki souche eg 2348";"68038-71-1";"2.625";"Autre";"";"Non"
2022;"97418";"2160527";"sels de potassium d'acides gras";"10124-65-9";"2.8788";"Autre";"";"Non"
2022;"97418";"2160608";"huile de colza";"8002-13-9";"0.8253";"Autre";"";"Non"
2022;"97418";"2160608";"pyrethrines";"8003-34-7";"0.00459";"Env A";"";"Non"
2022;"97418";"2160842";"metribuzine";"21087-64-9";"7.7";"Env A";"";"Non"
2022;"97418";"2160962";"fluxapyroxad";"907204-31-3";"0.3";"Santé A";"";"Non"
2022;"97418";"2180670";"cuivre de l'hydroxyde de cuivre";"20427-59-2";"2.8";"Santé A";"Substitution";"Non"
2022;"97418";"2180670";"cuivre de l'oxychlorure de cuivre";"1332-65-6";"2.8";"Santé A";"Substitution";"Non"
2022;"97418";"2180735";"spinetoram";"935545-74-7";"0.375";"CMR";"";"Non"
2022;"97418";"2190016";"pyrimicarbe";"23103-98-2";"0.55";"CMR";"";"Non"
2022;"97418";"2190016";"tau-fluvalinate";"102851-06-9";"0.198";"Env A";"";"Non"
2022;"97418";"2190173";"metaldehyde";"108-62-3";"0.54";"CMR";"";"Non"
2022;"97418";"2190173";"phosphate ferrique";"10045-86-0";"0.8748";"Autre";"";"Non"
2022;"97418";"2210895";"huile essentielle d'orange douce";"8028-48-6";"0.01525";"Env A";"";"Non"
2022;"97418";"7500716";"cuivre du sulfate de cuivre";"8011-63-0";"52";"Env A";"Substitution";"Non"
2022;"97418";"7600008";"bupirimate";"41483-43-6";"0.75";"CMR";"";"Non"
2022;"97418";"7700216";"soufre pour pulverisation (micronise)";"7704-34-9";"8.25";"Autre";"";"Non"
2022;"97418";"8300025";"penconazole";"66246-88-6";"1.4";"CMR";"";"Non"
2022;"97418";"8400096";"dicamba";"1918-00-9";"3.36";"Env B";"";"Non"
2022;"97418";"8400528";"isoxaben";"82558-50-7";"0.125";"Env B";"";"Non"
2022;"97418";"8400600";"fluroxypyr-meptyl";"81406-37-3";"2.8820";"Env A";"";"Non"
2022;"97418";"8500174";"abamectine";"71751-41-2";"1.2015";"CMR";"";"Non"
2022;"97418";"8600243";"aclonifen";"74070-46-5";"132";"CMR";"";"Non"
2022;"97418";"8700462";"prosulfocarbe";"52888-80-9";"48";"Env A";"";"Non"
2022;"97418";"8800029";"phenmediphame";"13684-63-4";"0.8";"Env A";"";"Non"
2022;"97418";"8800395";"lambda-cyhalothrine";"91465-08-6";"0.400";"Santé A";"Substitution";"Non"
2022;"97418";"8800395";"pyrimicarbe";"23103-98-2";"8.0";"CMR";"";"Non"
2022;"97418";"8800841";"difenoconazole";"119446-68-3";"7.00";"Env A";"";"Non"
2022;"97418";"8900564";"tau-fluvalinate";"102851-06-9";"1.44";"Env A";"";"Non"
2022;"97418";"8900681";"pendimethaline";"40487-42-1";"8";"Env A";"Substitution";"Non"
2022;"97418";"9000163";"rimsulfuron";"122931-48-0";"0.025";"Env A";"";"Non"
2022;"97418";"9100296";"2,4-d";"94-75-7";"96";"Env B";"";"Non"
2022;"97418";"9200073";"triflusulfuron-methyl";"126535-15-7";"0.2";"CMR";"";"Non"
2022;"97418";"9200159";"pyrimethanil";"53112-28-0";"22.4";"Env A";"";"Non"
2022;"97418";"9200215";"cymoxanil";"57966-95-7";"38.40";"CMR";"";"Non"
2022;"97418";"9200215";"metirame";"9006-42-2";"456.000";"Env A";"";"Non"
2022;"97418";"9300504";"huile de vaseline";"8042-47-5";"8.17";"Autre";"";"Non"
2022;"97418";"9400463";"phenmediphame";"13684-63-4";"12.8";"Env A";"";"Non"
2022;"97418";"9500199";"propamocarbe hcl";"25606-41-1";"1.444";"Autre";"";"Non"
2022;"97418";"9500432";"acrinathrine";"101007-06-1";"1.35";"CMR";"";"Non"
2022;"97418";"9500568";"cyprodinyl";"121552-61-2";"17.250";"Env A";"";"Non"
2022;"97418";"9500568";"fludioxonil";"131341-86-1";"11.50";"Env A";"";"Non"
2022;"97418";"9600025";"fosetyl-aluminium";"39148-24-8";"3.2";"Autre";"";"Non"
2022;"97418";"9600199";"fosthiazate";"98886-44-3";"4";"Santé A";"";"Non"
2022;"97418";"9700332";"azoxystrobine";"131860-33-8";"29.25";"Santé A";"";"Non"
2022;"97418";"9800144";"indoxacarbe";"173584-44-6";"5.190";"Santé A";"";"Non"
2022;"97418";"9800219";"ethephon";"16672-87-0";"1.2";"Santé A";"";"Non"
2022;"97418";"9800244";"fenhexamid";"126833-17-8";"0.75";"Env A";"";"Non"
2022;"97418";"9800336";"lambda-cyhalothrine";"91465-08-6";"17.150";"Santé A";"Substitution";"Non"
2022;"97418";"9800474";"cuivre du sulfate de cuivre";"8011-63-0";"21";"Env A";"Substitution";"Non"
2022;"97418";"9800484";"etoxazole";"153233-91-1";"1.76";"Env A";"Substitution";"Non"
2022;"97418";"9900047";"mesotrione";"104206-82-8";"1.5";"CMR";"";"Non"
2022;"97418";"9900081";"mepanipyrim";"110235-47-7";"9.6";"CMR";"";"Non"
2022;"97418";"9900115";"clethodime";"99129-21-2";"0.72";"Env B";"";"Non"
2022;"97418";"9900227";"cuivre de l'hydroxyde de cuivre";"20427-59-2";"66";"Santé A";"Substitution";"Non"
2022;"97418";"9900257";"cuivre du sulfate de cuivre";"8011-63-0";"0.48";"Env A";"Substitution";"Non"
2022;"97419";"2000044";"fluazifop-p-butyl";"79241-46-6";"0.625";"CMR";"";"Non"
2022;"97419";"2000125";"cuivre du sulfate de cuivre";"8011-63-0";"0.28";"Env A";"Substitution";"Non"
2022;"97419";"2010023";"deltamethrine";"52918-63-5";"0.105";"Santé A";"";"Non"
2022;"97419";"2010282";"cypermethrine";"52315-07-8";"0.2";"Env A";"";"Non"
2022;"97419";"2050046";"flonicamide";"158062-67-0";"0.25";"Autre";"";"Non"
2022;"97419";"2060088";"benoxacor";"98730-04-2";"0.8";"Autre";"";"Non"
2022;"97419";"2060088";"mesotrione";"104206-82-8";"1.6";"CMR";"";"Non"
2022;"97419";"2060088";"s-metolachlore";"87392-12-9";"16";"Env A";"";"Non"
2022;"97419";"2080060";"pyriproxyfene";"95737-68-1";"0.1";"Env A";"";"Non"
2022;"97419";"2110115";"cypermethrine";"52315-07-8";"3.1";"Env A";"";"Non"
2022;"97419";"2110143";"metribuzine";"21087-64-9";"5.4";"Env A";"";"Non"
2022;"97419";"2110150";"huile de colza";"8002-13-9";"0.3108";"Autre";"";"Non"
2022;"97419";"2120048";"aminopyralid";"150114-71-9";"0.15";"Env A";"";"Non"
2022;"97419";"2120048";"triclopyr";"55335-06-3";"1.20";"Env B";"";"Non"
2022;"97419";"2140085";"abamectine";"71751-41-2";"0.072";"CMR";"";"Non"
2022;"97419";"2140121";"acide pelargonique";"112-05-0";"1.513448";"Autre";"";"Non"
2022;"97419";"2140165";"metribuzine";"21087-64-9";"2.1";"Env A";"";"Non"
2022;"97419";"2150140";"glyphosate";"1071-83-6";"23.4";"Env A";"";"Non"
2022;"97419";"2150417";"bacillus thuringiensis ssp kurstaki souche abts-351";"68038-71-1";"0.038313";"Autre";"";"Non"
2022;"97419";"2150790";"phosphate ferrique";"10045-86-0";"0.1935";"Autre";"";"Non"
2022;"97419";"2190760";"spinosad";"168316-95-8";"0.0006";"Env A";"";"Non"
2022;"97419";"2210895";"huile essentielle d'orange douce";"8028-48-6";"0.04575";"Env A";"";"Non"
2022;"97419";"8400096";"dicamba";"1918-00-9";"1.92";"Env B";"";"Non"
2022;"97419";"8400600";"fluroxypyr-meptyl";"81406-37-3";"2.882";"Env A";"";"Non"
2022;"97419";"9000361";"goudrons de pin";"8011-48-1";"0.8";"Autre";"";"Non"
2022;"97419";"9100296";"2,4-d";"94-75-7";"18";"Env B";"";"Non"
2022;"97419";"9200313";"fenazaquin";"120928-09-8";"0.2";"Santé A";"";"Non"
2022;"97419";"9700332";"azoxystrobine";"131860-33-8";"0.5";"Santé A";"";"Non"
2022;"97419";"9800336";"lambda-cyhalothrine";"91465-08-6";"0.2";"Santé A";"Substitution";"Non"
2022;"97419";"9800484";"etoxazole";"153233-91-1";"0.11";"Env A";"Substitution";"Non"
2022;"97420";"2000327";"carfentrazone ethyl";"128639-02-1";"0.06";"Env A";"";"Non"
2022;"97420";"2010282";"cypermethrine";"52315-07-8";"0.3";"Env A";"";"Non"
2022;"97420";"2060088";"benoxacor";"98730-04-2";"1.2";"Autre";"";"Non"
2022;"97420";"2060088";"mesotrione";"104206-82-8";"2.4";"CMR";"";"Non"
2022;"97420";"2060088";"s-metolachlore";"87392-12-9";"24";"Env A";"";"Non"
2022;"97420";"2060098";"spinosad";"168316-95-8";"0.24";"Env A";"";"Non"
2022;"97420";"2060130";"spinosad";"168316-95-8";"0.00024";"Env A";"";"Non"
2022;"97420";"2100026";"cypermethrine";"52315-07-8";"1.5";"Env A";"";"Non"
2022;"97420";"2140121";"acide pelargonique";"112-05-0";"0.216207";"Autre";"";"Non"
2022;"97420";"2150140";"glyphosate";"1071-83-6";"3.6";"Env A";"";"Non"
2022;"97424";"2100111";"mesotrione";"104206-82-8";"1.125";"CMR";"";"Non"
2022;"97424";"2100111";"nicosulfuron";"111991-09-4";"0.45";"Env A";"";"Non"
2022;"97424";"2100122";"chlorantraniliprole";"500008-45-7";"2.345";"Env A";"";"Non"
2022;"97424";"2100206";"glyphosate";"1071-83-6";"8.1";"Env A";"";"Non"
2022;"97424";"2100231";"emamectine benzoate";"155569-91-8";"0.0760";"Santé A";"";"Non"
2022;"97424";"2110012";"cyazofamide";"120116-88-3";"4.48";"Env A";"";"Non"
2022;"97424";"2110073";"indoxacarbe";"173584-44-6";"1.200";"Santé A";"";"Non"
2022;"97424";"2110086";"spirotetramat";"203313-25-1";"4.8";"CMR";"";"Non"
2022;"97424";"2110101";"pyraflufen-ethyl";"129630-19-9";"0.8215";"Env A";"";"Non"
2022;"97424";"2110115";"cypermethrine";"52315-07-8";"7.7";"Env A";"";"Non"
2022;"97424";"2110143";"metribuzine";"21087-64-9";"33.6";"Env A";"";"Non"
2022;"97424";"2110150";"huile de colza";"8002-13-9";"0.3108";"Autre";"";"Non"
2022;"97424";"2120048";"aminopyralid";"150114-71-9";"9.48";"Env A";"";"Non"
2022;"97424";"2120048";"triclopyr";"55335-06-3";"75.84";"Env B";"";"Non"
2022;"97424";"2120067";"cymoxanil";"57966-95-7";"16.65";"CMR";"";"Non"
2022;"97424";"2120143";"glyphosate";"1071-83-6";"105.6";"Env A";"";"Non"
2022;"97424";"2130059";"lambda-cyhalothrine";"91465-08-6";"1.8";"Santé A";"Substitution";"Non"
2022;"97424";"2130075";"metaldehyde";"108-62-3";"3.8";"CMR";"";"Non"
2022;"97424";"2130153";"acide acetique";"64-19-7";"0.054";"Autre";"";"Non"
2022;"97424";"2130212";"phosmet";"732-11-6";"2.5";"CMR";"";"Non"
2022;"97424";"2130244";"difenoconazole";"119446-68-3";"7.5";"Env A";"";"Non"
2022;"97424";"2130244";"mandipropamide";"374726-62-2";"7.5";"Env A";"";"Non"
2022;"97424";"2130251";"lambda-cyhalothrine";"91465-08-6";"1";"Santé A";"Substitution";"Non"
2022;"97424";"2130253";"2,4-d";"94-75-7";"38.4";"Env B";"";"Non"
2022;"97424";"2130253";"glyphosate";"1071-83-6";"57.6";"Env A";"";"Non"
2022;"97424";"2140085";"abamectine";"71751-41-2";"0.540";"CMR";"";"Non"
2022;"97424";"2140121";"acide pelargonique";"112-05-0";"1.026389";"Autre";"";"Non"
2022;"97424";"2140147";"deltamethrine";"52918-63-5";"0.03";"Santé A";"";"Non"
2022;"97424";"2140165";"metribuzine";"21087-64-9";"74.2";"Env A";"";"Non"
2022;"97424";"2140201";"cyflufenamid";"180409-60-3";"0.390";"Env A";"";"Non"
2022;"97424";"2140201";"difenoconazole";"119446-68-3";"3.250";"Env A";"";"Non"
2022;"97424";"2150140";"glyphosate";"1071-83-6";"252.0";"Env A";"";"Non"
2022;"97424";"2150790";"phosphate ferrique";"10045-86-0";"0.0495";"Autre";"";"Non"
2022;"97424";"2150919";"abamectine";"71751-41-2";"3.438";"CMR";"";"Non"
2022;"97424";"2160272";"hexythiazox";"78587-05-0";"0.125";"Env A";"";"Non"
2022;"97424";"2160494";"bacillus thuringiensis ssp kurstaki souche eg 2348";"68038-71-1";"0.75";"Autre";"";"Non"
2022;"97424";"2160527";"sels de potassium d'acides gras";"10124-65-9";"10.0758";"Autre";"";"Non"
2022;"97424";"2160781";"s-metolachlore";"87392-12-9";"4.8";"Env A";"";"Non"
2022;"97424";"2160842";"metribuzine";"21087-64-9";"4.9";"Env A";"";"Non"
2022;"97424";"2169999";"cyantraniliprole";"736994-63-1";"0.2";"Env A";"";"Non"
2022;"97424";"2180735";"spinetoram";"935545-74-7";"3.375";"CMR";"";"Non"
2022;"97424";"2210895";"huile essentielle d'orange douce";"8028-48-6";"0.0061";"Env A";"";"Non"
2022;"97424";"7500716";"cuivre du sulfate de cuivre";"8011-63-0";"22";"Env A";"Substitution";"Non"
2022;"97424";"8300025";"penconazole";"66246-88-6";"1.5";"CMR";"";"Non"
2022;"97424";"8400096";"dicamba";"1918-00-9";"5.76";"Env B";"";"Non"
2022;"97424";"8400528";"isoxaben";"82558-50-7";"0.125";"Env B";"";"Non"
2022;"97424";"8400600";"fluroxypyr-meptyl";"81406-37-3";"24.7852";"Env A";"";"Non"
2022;"97424";"8500174";"abamectine";"71751-41-2";"1.440";"CMR";"";"Non"
2022;"97424";"8800395";"lambda-cyhalothrine";"91465-08-6";"0.10";"Santé A";"Substitution";"Non"
2022;"97424";"8800395";"pyrimicarbe";"23103-98-2";"2";"CMR";"";"Non"
2022;"97424";"8800841";"difenoconazole";"119446-68-3";"10.875";"Env A";"";"Non"
2022;"97424";"8900564";"tau-fluvalinate";"102851-06-9";"0.48";"Env A";"";"Non"
2022;"97424";"8900681";"pendimethaline";"40487-42-1";"32";"Env A";"Substitution";"Non"
2022;"97424";"9100296";"2,4-d";"94-75-7";"267";"Env B";"";"Non"
2022;"97424";"9200215";"cymoxanil";"57966-95-7";"2.28";"CMR";"";"Non"
2022;"97424";"9200215";"metirame";"9006-42-2";"27.075";"Env A";"";"Non"
2022;"97424";"9300504";"huile de vaseline";"8042-47-5";"4.085";"Autre";"";"Non"
2022;"97424";"9500432";"acrinathrine";"101007-06-1";"0.225";"CMR";"";"Non"
2022;"97424";"9500568";"cyprodinyl";"121552-61-2";"1.875";"Env A";"";"Non"
2022;"97424";"9500568";"fludioxonil";"131341-86-1";"1.25";"Env A";"";"Non"
2022;"97424";"9500628";"bentazone";"25057-89-0";"2.61";"Env B";"";"Non"
2022;"97424";"9600025";"fosetyl-aluminium";"39148-24-8";"0.8";"Autre";"";"Non"
2022;"97424";"9700332";"azoxystrobine";"131860-33-8";"8.75";"Santé A";"";"Non"
2022;"97424";"9800144";"indoxacarbe";"173584-44-6";"1.104";"Santé A";"";"Non"
2022;"97424";"9800219";"ethephon";"16672-87-0";"3.0";"Santé A";"";"Non"
2022;"97424";"9800336";"lambda-cyhalothrine";"91465-08-6";"13.20";"Santé A";"Substitution";"Non"
2022;"97424";"9900047";"mesotrione";"104206-82-8";"2.9";"CMR";"";"Non"
2022;"97424";"9900115";"clethodime";"99129-21-2";"0.12";"Env B";"";"Non"
2022;"97424";"9900227";"cuivre de l'hydroxyde de cuivre";"20427-59-2";"18";"Santé A";"Substitution";"Non"
2022;"97424";"9900257";"cuivre du sulfate de cuivre";"8011-63-0";"0.16";"Env A";"Substitution";"Non"
2022;"97425";"2000125";"cuivre du sulfate de cuivre";"8011-63-0";"1.36";"Env A";"Substitution";"Non"
2022;"97425";"2000202";"glyphosate";"1071-83-6";"7.2";"Env A";"";"Non"
2022;"97425";"2010023";"deltamethrine";"52918-63-5";"0.060";"Santé A";"";"Non"
2022;"97425";"2010130";"cuivre de l'oxyde cuivreux";"1317-39-1";"7.5";"Env A";"Substitution";"Non"
2022;"97425";"2010282";"cypermethrine";"52315-07-8";"1.0";"Env A";"";"Non"
2022;"97425";"2060050";"metrafenone";"220899-03-6";"1.0";"Env A";"";"Non"
2022;"97425";"2060085";"boscalid";"188425-85-6";"0.2";"Env A";"";"Non"
2022;"97425";"2060085";"kresoxim-methyl";"143390-89-0";"0.1";"CMR";"";"Non"
2022;"97425";"2060088";"benoxacor";"98730-04-2";"0.2";"Autre";"";"Non"
2022;"97425";"2060088";"mesotrione";"104206-82-8";"0.4";"CMR";"";"Non"
2022;"97425";"2060088";"s-metolachlore";"87392-12-9";"4";"Env A";"";"Non"
2022;"97425";"2060098";"spinosad";"168316-95-8";"0.720";"Env A";"";"Non"
2022;"97425";"2060113";"bifenazate";"149877-41-8";"0.06";"Env A";"";"Non"
2022;"97425";"2060194";"tefluthrine";"79538-32-2";"0.18";"Santé A";"";"Non"
2022;"97425";"2080060";"pyriproxyfene";"95737-68-1";"0.1";"Env A";"";"Non"
2022;"97425";"2090063";"tebuconazole";"107534-96-3";"0.5";"CMR";"";"Non"
2022;"97425";"2090063";"trifloxystrobine";"141517-21-7";"0.25";"Env A";"";"Non"
2022;"97425";"2090127";"huile essentielle d'orange douce";"8028-48-6";"0.9";"Env A";"";"Non"
2022;"97425";"2090136";"fluopicolide";"239110-15-7";"0.625";"Env A";"";"Non"
2022;"97425";"2090136";"propamocarbe hcl";"25606-41-1";"6.25";"Autre";"";"Non"
2022;"97425";"2090199";"huile de colza";"8002-13-9";"0.41265";"Autre";"";"Non"
2022;"97425";"2090199";"pyrethrines";"8003-34-7";"0.002295";"Env A";"";"Non"
2022;"97425";"2100026";"cypermethrine";"52315-07-8";"7.0";"Env A";"";"Non"
2022;"97425";"2100028";"fluroxypyr";"69377-81-7";"1";"Env B";"";"Non"
2022;"97425";"2100122";"chlorantraniliprole";"500008-45-7";"0.42";"Env A";"";"Non"
2022;"97425";"2100206";"glyphosate";"1071-83-6";"5.4";"Env A";"";"Non"
2022;"97425";"2100231";"emamectine benzoate";"155569-91-8";"0.0190";"Santé A";"";"Non"
2022;"97425";"2110012";"cyazofamide";"120116-88-3";"1.12";"Env A";"";"Non"
2022;"97425";"2110086";"spirotetramat";"203313-25-1";"0.5";"CMR";"";"Non"
2022;"97425";"2110101";"pyraflufen-ethyl";"129630-19-9";"0.0265";"Env A";"";"Non"
2022;"97425";"2110115";"cypermethrine";"52315-07-8";"0.7";"Env A";"";"Non"
2022;"97425";"2110143";"metribuzine";"21087-64-9";"0.6";"Env A";"";"Non"
2022;"97425";"2110150";"huile de colza";"8002-13-9";"0.6216";"Autre";"";"Non"
2022;"97425";"2110180";"cuivre de l'oxyde cuivreux";"1317-39-1";"0.09";"Env A";"Substitution";"Non"
2022;"97425";"2120048";"aminopyralid";"150114-71-9";"0.12";"Env A";"";"Non"
2022;"97425";"2120048";"triclopyr";"55335-06-3";"0.96";"Env B";"";"Non"
2022;"97425";"2120067";"cymoxanil";"57966-95-7";"0.45";"CMR";"";"Non"
2022;"97425";"2120143";"glyphosate";"1071-83-6";"9.6";"Env A";"";"Non"
2022;"97425";"2130059";"lambda-cyhalothrine";"91465-08-6";"0.1";"Santé A";"Substitution";"Non"
2022;"97425";"2130075";"metaldehyde";"108-62-3";"0.2";"CMR";"";"Non"
2022;"97425";"2130115";"deltamethrine";"52918-63-5";"0.001848";"Santé A";"";"Non"
2022;"97425";"2130251";"lambda-cyhalothrine";"91465-08-6";"0.2";"Santé A";"Substitution";"Non"
2022;"97425";"2130253";"2,4-d";"94-75-7";"2.4";"Env B";"";"Non"
2022;"97425";"2130253";"glyphosate";"1071-83-6";"3.6";"Env A";"";"Non"
2022;"97425";"2140085";"abamectine";"71751-41-2";"0.072";"CMR";"";"Non"
2022;"97425";"2140121";"acide pelargonique";"112-05-0";"1.297241";"Autre";"";"Non"
2022;"97425";"2140147";"deltamethrine";"52918-63-5";"0.015";"Santé A";"";"Non"
2022;"97425";"2140165";"metribuzine";"21087-64-9";"3.5";"Env A";"";"Non"
2022;"97425";"2140201";"cyflufenamid";"180409-60-3";"0.060";"Env A";"";"Non"
2022;"97425";"2140201";"difenoconazole";"119446-68-3";"0.500";"Env A";"";"Non"
2022;"97425";"2150140";"glyphosate";"1071-83-6";"97.2";"Env A";"";"Non"
2022;"97425";"2150417";"bacillus thuringiensis ssp kurstaki souche abts-351";"68038-71-1";"0.03065";"Autre";"";"Non"
2022;"97425";"2150790";"phosphate ferrique";"10045-86-0";"0.117";"Autre";"";"Non"
2022;"97425";"2150919";"abamectine";"71751-41-2";"0.702";"CMR";"";"Non"
2022;"97425";"2160115";"acide pelargonique";"112-05-0";"0.09297";"Autre";"";"Non"
2022;"97425";"2160494";"bacillus thuringiensis ssp kurstaki souche eg 2348";"68038-71-1";"0.375";"Autre";"";"Non"
2022;"97425";"2160527";"sels de potassium d'acides gras";"10124-65-9";"0.4798";"Autre";"";"Non"
2022;"97425";"2190760";"spinosad";"168316-95-8";"0.0006";"Env A";"";"Non"
2022;"97425";"2210895";"huile essentielle d'orange douce";"8028-48-6";"0.0122";"Env A";"";"Non"
2022;"97425";"7500716";"cuivre du sulfate de cuivre";"8011-63-0";"6";"Env A";"Substitution";"Non"
2022;"97425";"8300025";"penconazole";"66246-88-6";"0.1";"CMR";"";"Non"
2022;"97425";"8400096";"dicamba";"1918-00-9";"2.40";"Env B";"";"Non"
2022;"97425";"8400600";"fluroxypyr-meptyl";"81406-37-3";"4.8994";"Env A";"";"Non"
2022;"97425";"8500174";"abamectine";"71751-41-2";"0.072";"CMR";"";"Non"
2022;"97425";"8800029";"phenmediphame";"13684-63-4";"0.8";"Env A";"";"Non"
2022;"97425";"8800841";"difenoconazole";"119446-68-3";"0.750";"Env A";"";"Non"
2022;"97425";"9000361";"goudrons de pin";"8011-48-1";"0.8";"Autre";"";"Non"
2022;"97425";"9100296";"2,4-d";"94-75-7";"30";"Env B";"";"Non"
2022;"97425";"9200073";"triflusulfuron-methyl";"126535-15-7";"0.05";"CMR";"";"Non"
2022;"97425";"9200159";"pyrimethanil";"53112-28-0";"1.2";"Env A";"";"Non"
2022;"97425";"9200215";"cymoxanil";"57966-95-7";"0.6";"CMR";"";"Non"
2022;"97425";"9200215";"metirame";"9006-42-2";"7.125";"Env A";"";"Non"
2022;"97425";"9500568";"cyprodinyl";"121552-61-2";"0.375";"Env A";"";"Non"
2022;"97425";"9500568";"fludioxonil";"131341-86-1";"0.25";"Env A";"";"Non"
2022;"97425";"9600025";"fosetyl-aluminium";"39148-24-8";"0.8";"Autre";"";"Non"
2022;"97425";"9700332";"azoxystrobine";"131860-33-8";"1.75";"Santé A";"";"Non"
2022;"97425";"9700401";"cuivre de l'hydroxyde de cuivre";"20427-59-2";"3.5";"Santé A";"Substitution";"Non"
2022;"97425";"9800144";"indoxacarbe";"173584-44-6";"1.2";"Santé A";"";"Non"
2022;"97425";"9800219";"ethephon";"16672-87-0";"0.6";"Santé A";"";"Non"
2022;"97425";"9800244";"fenhexamid";"126833-17-8";"0.75";"Env A";"";"Non"
2022;"97425";"9800336";"lambda-cyhalothrine";"91465-08-6";"2.625";"Santé A";"Substitution";"Non"
2022;"97425";"9900047";"mesotrione";"104206-82-8";"0.6";"CMR";"";"Non"
2022;"97425";"9900257";"cuivre du sulfate de cuivre";"8011-63-0";"0.16";"Env A";"Substitution";"Non"
2022;"97426";"2000044";"fluazifop-p-butyl";"79241-46-6";"0.5";"CMR";"";"Non"
2022;"97426";"2000202";"glyphosate";"1071-83-6";"1.8";"Env A";"";"Non"
2022;"97426";"2000299";"clomazone";"81777-89-1";"0.36";"Env A";"";"Non"
2022;"97426";"2000517";"cuivre de l'hydroxyde de cuivre";"20427-59-2";"1.08";"Santé A";"Substitution";"Non"
2022;"97426";"2010023";"deltamethrine";"52918-63-5";"0.255";"Santé A";"";"Non"
2022;"97426";"2010282";"cypermethrine";"52315-07-8";"0.2";"Env A";"";"Non"
2022;"97426";"2060002";"difenoconazole";"119446-68-3";"0.25";"Env A";"";"Non"
2022;"97426";"2060084";"boscalid";"188425-85-6";"0.534";"Env A";"";"Non"
2022;"97426";"2060084";"pyraclostrobine";"175013-18-0";"0.134";"Santé A";"";"Non"
2022;"97426";"2060088";"benoxacor";"98730-04-2";"1.2";"Autre";"";"Non"
2022;"97426";"2060088";"mesotrione";"104206-82-8";"2.4";"CMR";"";"Non"
2022;"97426";"2060088";"s-metolachlore";"87392-12-9";"24";"Env A";"";"Non"
2022;"97426";"2060098";"spinosad";"168316-95-8";"0.576";"Env A";"";"Non"
2022;"97426";"2080136";"pyridate";"55512-33-9";"0.45";"Env A";"";"Non"
2022;"97426";"2100026";"cypermethrine";"52315-07-8";"0.5";"Env A";"";"Non"
2022;"97426";"2100206";"glyphosate";"1071-83-6";"21.6";"Env A";"";"Non"
2022;"97426";"2110073";"indoxacarbe";"173584-44-6";"0.15";"Santé A";"";"Non"
2022;"97426";"2110111";"cyprosulfamide";"221667-31-8";"0.44";"Autre";"";"Non"
2022;"97426";"2110111";"isoxaflutole";"141112-29-0";"0.44";"CMR";"";"Non"
2022;"97426";"2110115";"cypermethrine";"52315-07-8";"1.3";"Env A";"";"Non"
2022;"97426";"2110143";"metribuzine";"21087-64-9";"4.2";"Env A";"";"Non"
2022;"97426";"2120048";"aminopyralid";"150114-71-9";"0.21";"Env A";"";"Non"
2022;"97426";"2120048";"triclopyr";"55335-06-3";"1.68";"Env B";"";"Non"
2022;"97426";"2120143";"glyphosate";"1071-83-6";"19.2";"Env A";"";"Non"
2022;"97426";"2130059";"lambda-cyhalothrine";"91465-08-6";"0.2";"Santé A";"Substitution";"Non"
2022;"97426";"2130075";"metaldehyde";"108-62-3";"0.8";"CMR";"";"Non"
2022;"97426";"2130115";"deltamethrine";"52918-63-5";"0.000264";"Santé A";"";"Non"
2022;"97426";"2130253";"2,4-d";"94-75-7";"9.6";"Env B";"";"Non"
2022;"97426";"2130253";"glyphosate";"1071-83-6";"14.4";"Env A";"";"Non"
2022;"97426";"2140085";"abamectine";"71751-41-2";"0.036";"CMR";"";"Non"
2022;"97426";"2140121";"acide pelargonique";"112-05-0";"0.432414";"Autre";"";"Non"
2022;"97426";"2140165";"metribuzine";"21087-64-9";"7.7";"Env A";"";"Non"
2022;"97426";"2140201";"cyflufenamid";"180409-60-3";"0.06";"Env A";"";"Non"
2022;"97426";"2140201";"difenoconazole";"119446-68-3";"0.5";"Env A";"";"Non"
2022;"97426";"2150140";"glyphosate";"1071-83-6";"25.2";"Env A";"";"Non"
2022;"97426";"2150417";"bacillus thuringiensis ssp kurstaki souche abts-351";"68038-71-1";"0.022988";"Autre";"";"Non"
2022;"97426";"2150790";"phosphate ferrique";"10045-86-0";"0.048";"Autre";"";"Non"
2022;"97426";"2160494";"bacillus thuringiensis ssp kurstaki souche eg 2348";"68038-71-1";"0.375";"Autre";"";"Non"
2022;"97426";"2160842";"metribuzine";"21087-64-9";"0.7";"Env A";"";"Non"
2022;"97426";"2190173";"metaldehyde";"108-62-3";"0.18";"CMR";"";"Non"
2022;"97426";"2190173";"phosphate ferrique";"10045-86-0";"0.2916";"Autre";"";"Non"
2022;"97426";"2210895";"huile essentielle d'orange douce";"8028-48-6";"0.0061";"Env A";"";"Non"
2022;"97426";"7500716";"cuivre du sulfate de cuivre";"8011-63-0";"2";"Env A";"Substitution";"Non"
2022;"97426";"8300025";"penconazole";"66246-88-6";"0.2";"CMR";"";"Non"
2022;"97426";"8400600";"fluroxypyr-meptyl";"81406-37-3";"0.2882";"Env A";"";"Non"
2022;"97426";"8500174";"abamectine";"71751-41-2";"0.018";"CMR";"";"Non"
2022;"97426";"8600243";"aclonifen";"74070-46-5";"6";"CMR";"";"Non"
2022;"97426";"8800841";"difenoconazole";"119446-68-3";"0.375";"Env A";"";"Non"
2022;"97426";"8900681";"pendimethaline";"40487-42-1";"10";"Env A";"Substitution";"Non"
2022;"97426";"9000361";"goudrons de pin";"8011-48-1";"0.8";"Autre";"";"Non"
2022;"97426";"9100296";"2,4-d";"94-75-7";"54";"Env B";"";"Non"
2022;"97426";"9200215";"cymoxanil";"57966-95-7";"0.24";"CMR";"";"Non"
2022;"97426";"9200215";"metirame";"9006-42-2";"2.85";"Env A";"";"Non"
2022;"97426";"9500432";"acrinathrine";"101007-06-1";"0.45";"CMR";"";"Non"
2022;"97426";"9500568";"cyprodinyl";"121552-61-2";"0.375";"Env A";"";"Non"
2022;"97426";"9500568";"fludioxonil";"131341-86-1";"0.25";"Env A";"";"Non"
2022;"97426";"9700332";"azoxystrobine";"131860-33-8";"0.75";"Santé A";"";"Non"
2022;"97426";"9800144";"indoxacarbe";"173584-44-6";"0.075";"Santé A";"";"Non"
2022;"97426";"9800336";"lambda-cyhalothrine";"91465-08-6";"0.35";"Santé A";"Substitution";"Non"
2022;"97426";"9800484";"etoxazole";"153233-91-1";"0.33";"Env A";"Substitution";"Non"
2022;"97427";"2000018";"soufre pour pulverisation (micronise)";"7704-34-9";"16";"Autre";"";"Non"
2022;"97427";"2000044";"fluazifop-p-butyl";"79241-46-6";"0.625";"CMR";"";"Non"
2022;"97427";"2000125";"cuivre du sulfate de cuivre";"8011-63-0";"2.06";"Env A";"Substitution";"Non"
2022;"97427";"2000202";"glyphosate";"1071-83-6";"70.2";"Env A";"";"Non"
2022;"97427";"2000316";"esfenvalerate";"66230-04-4";"0.1";"Santé A";"Substitution";"Non"
2022;"97427";"2000517";"cuivre de l'hydroxyde de cuivre";"20427-59-2";"3.6";"Santé A";"Substitution";"Non"
2022;"97427";"2010023";"deltamethrine";"52918-63-5";"1.185";"Santé A";"";"Non"
2022;"97427";"2010282";"cypermethrine";"52315-07-8";"8.6";"Env A";"";"Non"
2022;"97427";"2050046";"flonicamide";"158062-67-0";"0.75";"Autre";"";"Non"
2022;"97427";"2060050";"metrafenone";"220899-03-6";"1";"Env A";"";"Non"
2022;"97427";"2060084";"boscalid";"188425-85-6";"5.607";"Env A";"";"Non"
2022;"97427";"2060084";"pyraclostrobine";"175013-18-0";"1.407";"Santé A";"";"Non"
2022;"97427";"2060085";"boscalid";"188425-85-6";"3";"Env A";"";"Non"
2022;"97427";"2060085";"kresoxim-methyl";"143390-89-0";"1.5";"CMR";"";"Non"
2022;"97427";"2060088";"benoxacor";"98730-04-2";"3";"Autre";"";"Non"
2022;"97427";"2060088";"mesotrione";"104206-82-8";"6";"CMR";"";"Non"
2022;"97427";"2060088";"s-metolachlore";"87392-12-9";"60";"Env A";"";"Non"
2022;"97427";"2060098";"spinosad";"168316-95-8";"5.472";"Env A";"";"Non"
2022;"97427";"2060113";"bifenazate";"149877-41-8";"0.06";"Env A";"";"Non"
2022;"97427";"2060130";"spinosad";"168316-95-8";"0.00096";"Env A";"";"Non"
2022;"97427";"2080060";"pyriproxyfene";"95737-68-1";"0.4";"Env A";"";"Non"
2022;"97427";"2080098";"mandipropamide";"374726-62-2";"0.75";"Env A";"";"Non"
2022;"97427";"2080129";"meptyldinocap";"131-72-6";"1.40";"Env A";"";"Non"
2022;"97427";"2090127";"huile essentielle d'orange douce";"8028-48-6";"2.4";"Env A";"";"Non"
2022;"97427";"2090199";"huile de colza";"8002-13-9";"1.6506";"Autre";"";"Non"
2022;"97427";"2090199";"pyrethrines";"8003-34-7";"0.00918";"Env A";"";"Non"
2022;"97427";"2100026";"cypermethrine";"52315-07-8";"14.5";"Env A";"";"Non"
2022;"97427";"2100028";"fluroxypyr";"69377-81-7";"6";"Env B";"";"Non"
2022;"97427";"2100206";"glyphosate";"1071-83-6";"13.5";"Env A";"";"Non"
2022;"97427";"2100231";"emamectine benzoate";"155569-91-8";"0.114";"Santé A";"";"Non"
2022;"97427";"2110012";"cyazofamide";"120116-88-3";"0.96";"Env A";"";"Non"
2022;"97427";"2110086";"spirotetramat";"203313-25-1";"1.8";"CMR";"";"Non"
2022;"97427";"2110101";"pyraflufen-ethyl";"129630-19-9";"0.9275";"Env A";"";"Non"
2022;"97427";"2110115";"cypermethrine";"52315-07-8";"5.6";"Env A";"";"Non"
2022;"97427";"2110150";"huile de colza";"8002-13-9";"0.3108";"Autre";"";"Non"
2022;"97427";"2110180";"cuivre de l'oxyde cuivreux";"1317-39-1";"0.075";"Env A";"Substitution";"Non"
2022;"97427";"2120048";"aminopyralid";"150114-71-9";"1.59";"Env A";"";"Non"
2022;"97430";"2110143";"metribuzine";"21087-64-9";"95.4";"Env A";"";"Non"
2022;"97430";"2110150";"huile de colza";"8002-13-9";"9.9456";"Autre";"";"Non"
2022;"97430";"2110180";"cuivre de l'oxyde cuivreux";"1317-39-1";"1.485";"Env A";"Substitution";"Non"
2022;"97430";"2120048";"aminopyralid";"150114-71-9";"7.08";"Env A";"";"Non"
2022;"97430";"2120048";"triclopyr";"55335-06-3";"56.64";"Env B";"";"Non"
2022;"97430";"2120067";"cymoxanil";"57966-95-7";"22.95";"CMR";"";"Non"
2022;"97430";"2120092";"ametoctradine";"865318-97-4";"1.5";"Env A";"";"Non"
2022;"97430";"2120092";"dimethomorphe";"110488-70-5";"1.125";"Env A";"Exclusion";"Non"
2022;"97430";"2120143";"glyphosate";"1071-83-6";"144.0";"Env A";"";"Non"
2022;"97430";"2120209";"cymoxanil";"57966-95-7";"22.50";"CMR";"";"Non"
2022;"97430";"2120209";"fluazinam";"79622-59-6";"33.750";"CMR";"";"Non"
2022;"97430";"2130059";"lambda-cyhalothrine";"91465-08-6";"2.5";"Santé A";"Substitution";"Non"
2022;"97430";"2130075";"metaldehyde";"108-62-3";"10.6";"CMR";"";"Non"
2022;"97430";"2130115";"deltamethrine";"52918-63-5";"0.003168";"Santé A";"";"Non"
2022;"97430";"2130152";"fluopyram";"658066-35-4";"1.5";"Env A";"";"Non"
2022;"97430";"2130152";"trifloxystrobine";"141517-21-7";"1.5";"Env A";"";"Non"
2022;"97430";"2130153";"acide acetique";"64-19-7";"0.594";"Autre";"";"Non"
2022;"97430";"2130212";"phosmet";"732-11-6";"10";"CMR";"";"Non"
2022;"97430";"2130244";"difenoconazole";"119446-68-3";"50.25";"Env A";"";"Non"
2022;"97430";"2130244";"mandipropamide";"374726-62-2";"50.25";"Env A";"";"Non"
2022;"97430";"2130251";"lambda-cyhalothrine";"91465-08-6";"1.2";"Santé A";"Substitution";"Non"
2022;"97430";"2130253";"2,4-d";"94-75-7";"26.4";"Env B";"";"Non"
2022;"97430";"2130253";"glyphosate";"1071-83-6";"39.6";"Env A";"";"Non"
2022;"97430";"2140085";"abamectine";"71751-41-2";"6.912";"CMR";"";"Non"
2022;"97430";"2140090";"azadirachtine";"11141-17-6";"0.0098";"CMR";"";"Non"
2022;"97430";"2140121";"acide pelargonique";"112-05-0";"49.501877";"Autre";"";"Non"
2022;"97430";"2140147";"deltamethrine";"52918-63-5";"0.03";"Santé A";"";"Non"
2022;"97430";"2140165";"metribuzine";"21087-64-9";"37.1";"Env A";"";"Non"
2022;"97430";"2140201";"cyflufenamid";"180409-60-3";"0.885";"Env A";"";"Non"
2022;"97430";"2140201";"difenoconazole";"119446-68-3";"7.375";"Env A";"";"Non"
2022;"97430";"2150009";"cymoxanil";"57966-95-7";"5.4";"CMR";"";"Non"
2022;"97430";"2150009";"mandipropamide";"374726-62-2";"7.5";"Env A";"";"Non"
2022;"97430";"2150140";"glyphosate";"1071-83-6";"1645.2";"Env A";"";"Non"
2022;"97430";"2150277";"pyrimethanil";"53112-28-0";"1.6";"Env A";"";"Non"
2022;"97430";"2150417";"bacillus thuringiensis ssp kurstaki souche abts-351";"68038-71-1";"1.394593";"Autre";"";"Non"
2022;"97430";"2150790";"phosphate ferrique";"10045-86-0";"9.7465";"Autre";"";"Non"
2022;"97430";"2150919";"abamectine";"71751-41-2";"1.530";"CMR";"";"Non"
2022;"97430";"2160115";"acide pelargonique";"112-05-0";"0.09297";"Autre";"";"Non"
2022;"97430";"2160226";"phosphate ferrique";"10045-86-0";"3.146";"Autre";"";"Non"
2022;"97430";"2160272";"hexythiazox";"78587-05-0";"0.25";"Env A";"";"Non"
2022;"97430";"2160494";"bacillus thuringiensis ssp kurstaki souche eg 2348";"68038-71-1";"2.25";"Autre";"";"Non"
2022;"97430";"2160527";"sels de potassium d'acides gras";"10124-65-9";"2.8788";"Autre";"";"Non"
2022;"97430";"2160608";"huile de colza";"8002-13-9";"1.6506";"Autre";"";"Non"
2022;"97430";"2160608";"pyrethrines";"8003-34-7";"0.00918";"Env A";"";"Non"
2022;"97430";"2160842";"metribuzine";"21087-64-9";"7.7";"Env A";"";"Non"
2022;"97430";"2169999";"cyantraniliprole";"736994-63-1";"0.1";"Env A";"";"Non"
2022;"97430";"2170042";"glyphosate";"1071-83-6";"27";"Env A";"";"Non"
2022;"97430";"2180735";"spinetoram";"935545-74-7";"0.750";"CMR";"";"Non"
2022;"97430";"2190016";"pyrimicarbe";"23103-98-2";"4";"CMR";"";"Non"
2022;"97430";"2190016";"tau-fluvalinate";"102851-06-9";"1.44";"Env A";"";"Non"
2022;"97430";"2190173";"metaldehyde";"108-62-3";"0.54";"CMR";"";"Non"
2022;"97430";"2190173";"phosphate ferrique";"10045-86-0";"0.8748";"Autre";"";"Non"
2022;"97430";"2190760";"spinosad";"168316-95-8";"0.0132";"Env A";"";"Non"
2022;"97430";"2199998";"cyantraniliprole";"736994-63-1";"0.2";"Env A";"";"Non"
2022;"97430";"2210895";"huile essentielle d'orange douce";"8028-48-6";"0.427";"Env A";"";"Non"
2022;"97430";"7500716";"cuivre du sulfate de cuivre";"8011-63-0";"122.4";"Env A";"Substitution";"Non"
2022;"97430";"7600008";"bupirimate";"41483-43-6";"0.75";"CMR";"";"Non"
2022;"97430";"8300025";"penconazole";"66246-88-6";"4.2";"CMR";"";"Non"
2022;"97430";"8400096";"dicamba";"1918-00-9";"5.28";"Env B";"";"Non"
2022;"97430";"8400600";"fluroxypyr-meptyl";"81406-37-3";"27.6672";"Env A";"";"Non"
2022;"97430";"8500174";"abamectine";"71751-41-2";"2.7045";"CMR";"";"Non"
2022;"97430";"8600243";"aclonifen";"74070-46-5";"36";"CMR";"";"Non"
2022;"97430";"8700107";"metirame";"9006-42-2";"7";"Env A";"";"Non"
2022;"97430";"8700462";"prosulfocarbe";"52888-80-9";"52";"Env A";"";"Non"
2022;"97430";"8800029";"phenmediphame";"13684-63-4";"2.4";"Env A";"";"Non"
2022;"97430";"8800395";"lambda-cyhalothrine";"91465-08-6";"0.65";"Santé A";"Substitution";"Non"
2022;"97430";"8800395";"pyrimicarbe";"23103-98-2";"13";"CMR";"";"Non"
2022;"97430";"8800841";"difenoconazole";"119446-68-3";"16.250";"Env A";"";"Non"
2022;"97430";"8900564";"tau-fluvalinate";"102851-06-9";"2.40";"Env A";"";"Non"
2022;"97430";"8900681";"pendimethaline";"40487-42-1";"20";"Env A";"Substitution";"Non"
2022;"97430";"9000361";"goudrons de pin";"8011-48-1";"8";"Autre";"";"Non"
2022;"97430";"9100296";"2,4-d";"94-75-7";"471";"Env B";"";"Non"
2022;"97430";"9200073";"triflusulfuron-methyl";"126535-15-7";"0.35";"CMR";"";"Non"
2022;"97430";"9200159";"pyrimethanil";"53112-28-0";"18.0";"Env A";"";"Non"
2022;"97430";"9200215";"cymoxanil";"57966-95-7";"46.56";"CMR";"";"Non"
2022;"97430";"9200215";"metirame";"9006-42-2";"552.900";"Env A";"";"Non"
2022;"97430";"9200482";"bacillus thuringiensis ssp kurstaki souche sa-11";"68038-71-1";"2.55";"Autre";"";"Non"
2022;"97430";"9300504";"huile de vaseline";"8042-47-5";"73.53";"Autre";"";"Non"
2022;"97430";"9400463";"phenmediphame";"13684-63-4";"4.0";"Env A";"";"Non"
2022;"97430";"9500199";"propamocarbe hcl";"25606-41-1";"2.888";"Autre";"";"Non"
2022;"97430";"9500341";"soufre";"7704-34-9";"7.8";"Autre";"";"Non"
2022;"97430";"9500432";"acrinathrine";"101007-06-1";"0.900";"CMR";"";"Non"
2022;"97430";"9500568";"cyprodinyl";"121552-61-2";"24.75";"Env A";"";"Non"
2022;"97430";"9500568";"fludioxonil";"131341-86-1";"16.5";"Env A";"";"Non"
2022;"97430";"9500628";"bentazone";"25057-89-0";"10.44";"Env B";"";"Non"
2022;"97430";"9500645";"difenoconazole";"119446-68-3";"0.25";"Env A";"";"Non"
2022;"97430";"9600025";"fosetyl-aluminium";"39148-24-8";"15.2";"Autre";"";"Non"
2022;"97430";"9700332";"azoxystrobine";"131860-33-8";"35.25";"Santé A";"";"Non"
2022;"97430";"9700401";"cuivre de l'hydroxyde de cuivre";"20427-59-2";"7";"Santé A";"Substitution";"Non"
2022;"97430";"9800098";"metamitrone";"41394-05-2";"13.5";"Env A";"";"Non"
2022;"97430";"9800144";"indoxacarbe";"173584-44-6";"7.734";"Santé A";"";"Non"
2022;"97430";"9800182";"s-metolachlore";"87392-12-9";"24";"Env A";"";"Non"
2022;"97430";"9800219";"ethephon";"16672-87-0";"31.8";"Santé A";"";"Non"
2022;"97430";"9800244";"fenhexamid";"126833-17-8";"1.5";"Env A";"";"Non"
2022;"97430";"9800336";"lambda-cyhalothrine";"91465-08-6";"27.0";"Santé A";"Substitution";"Non"
2022;"97430";"9800474";"cuivre du sulfate de cuivre";"8011-63-0";"9";"Env A";"Substitution";"Non"
2022;"97430";"9800484";"etoxazole";"153233-91-1";"0.33";"Env A";"Substitution";"Non"
2022;"97430";"9900047";"mesotrione";"104206-82-8";"0.7";"CMR";"";"Non"
2022;"97430";"9900115";"clethodime";"99129-21-2";"0.48";"Env B";"";"Non"
2022;"97430";"9900227";"cuivre de l'hydroxyde de cuivre";"20427-59-2";"66";"Santé A";"Substitution";"Non"
2022;"97430";"9900257";"cuivre du sulfate de cuivre";"8011-63-0";"13.12";"Env A";"Substitution";"Non"
2022;"97431";"2000125";"cuivre du sulfate de cuivre";"8011-63-0";"0.14";"Env A";"Substitution";"Non"
2022;"97431";"2000202";"glyphosate";"1071-83-6";"14.4";"Env A";"";"Non"
2022;"97431";"2000519";"2,4-d";"94-75-7";"12";"Env B";"";"Non"
2022;"97431";"2010023";"deltamethrine";"52918-63-5";"0.03";"Santé A";"";"Non"
2022;"97431";"2010282";"cypermethrine";"52315-07-8";"0.4";"Env A";"";"Non"
2022;"97431";"2060088";"benoxacor";"98730-04-2";"1.1";"Autre";"";"Non"
2022;"97431";"2060088";"mesotrione";"104206-82-8";"2.2";"CMR";"";"Non"
2022;"97431";"2060088";"s-metolachlore";"87392-12-9";"22";"Env A";"";"Non"
2022;"97431";"2060098";"spinosad";"168316-95-8";"0.24";"Env A";"";"Non"
2022;"97431";"2100026";"cypermethrine";"52315-07-8";"1.5";"Env A";"";"Non"
2022;"97431";"2100206";"glyphosate";"1071-83-6";"27";"Env A";"";"Non"
2022;"97431";"2110115";"cypermethrine";"52315-07-8";"1.0";"Env A";"";"Non"
2022;"97431";"2120048";"aminopyralid";"150114-71-9";"0.84";"Env A";"";"Non"
2022;"97431";"2120048";"triclopyr";"55335-06-3";"6.72";"Env B";"";"Non"
2022;"97431";"2130075";"metaldehyde";"108-62-3";"0.2";"CMR";"";"Non"
2022;"97431";"2130253";"2,4-d";"94-75-7";"12.0";"Env B";"";"Non"
2022;"97431";"2130253";"glyphosate";"1071-83-6";"18.0";"Env A";"";"Non"
2022;"97431";"2140165";"metribuzine";"21087-64-9";"8.4";"Env A";"";"Non"
2022;"97431";"2150140";"glyphosate";"1071-83-6";"72.0";"Env A";"";"Non"
2022;"97431";"2150417";"bacillus thuringiensis ssp kurstaki souche abts-351";"68038-71-1";"0.007663";"Autre";"";"Non"
2022;"97431";"2150790";"phosphate ferrique";"10045-86-0";"0.045";"Autre";"";"Non"
2022;"97431";"7600008";"bupirimate";"41483-43-6";"0.25";"CMR";"";"Non"
2022;"97431";"8900681";"pendimethaline";"40487-42-1";"18";"Env A";"Substitution";"Non"
2022;"97431";"9100296";"2,4-d";"94-75-7";"21";"Env B";"";"Non"
2022;"97431";"9800182";"s-metolachlore";"87392-12-9";"48";"Env A";"";"Non"
2022;"97431";"9800336";"lambda-cyhalothrine";"91465-08-6";"0.1";"Santé A";"Substitution";"Non"
2022;"97432";"2000044";"fluazifop-p-butyl";"79241-46-6";"5.375";"CMR";"";"Non"
2022;"97432";"2000125";"cuivre du sulfate de cuivre";"8011-63-0";"0.48";"Env A";"Substitution";"Non"
2022;"97432";"2000202";"glyphosate";"1071-83-6";"66.6";"Env A";"";"Non"
2022;"97432";"2000517";"cuivre de l'hydroxyde de cuivre";"20427-59-2";"3.6";"Santé A";"Substitution";"Non"
2022;"97432";"2010023";"deltamethrine";"52918-63-5";"1.035";"Santé A";"";"Non"
2022;"97432";"2010282";"cypermethrine";"52315-07-8";"4.2";"Env A";"";"Non"
2022;"97432";"2020241";"bacillus thuringiensis ssp aizawai souche abts-1857";"68038-71-1";"0.27";"Autre";"";"Non"
2022;"97432";"2060002";"difenoconazole";"119446-68-3";"0.5";"Env A";"";"Non"
2022;"97432";"2060050";"metrafenone";"220899-03-6";"0.5";"Env A";"";"Non"
2022;"97432";"2060084";"boscalid";"188425-85-6";"5.340";"Env A";"";"Non"
2022;"97432";"2060084";"pyraclostrobine";"175013-18-0";"1.340";"Santé A";"";"Non"
2022;"97432";"2060085";"boscalid";"188425-85-6";"0.6";"Env A";"";"Non"
2022;"97432";"2060085";"kresoxim-methyl";"143390-89-0";"0.3";"CMR";"";"Non"
2022;"97432";"2060088";"benoxacor";"98730-04-2";"3.5";"Autre";"";"Non"
2022;"97432";"2060088";"mesotrione";"104206-82-8";"7.0";"CMR";"";"Non"
2022;"97432";"2060088";"s-metolachlore";"87392-12-9";"70";"Env A";"";"Non"
2022;"97432";"2060098";"spinosad";"168316-95-8";"3.408";"Env A";"";"Non"
2022;"97432";"2060113";"bifenazate";"149877-41-8";"0.24";"Env A";"";"Non"
2022;"97432";"2060130";"spinosad";"168316-95-8";"0.00096";"Env A";"";"Non"
2022;"97432";"2080060";"pyriproxyfene";"95737-68-1";"2.0";"Env A";"";"Non"
2022;"97432";"2080098";"mandipropamide";"374726-62-2";"1.25";"Env A";"";"Non"
2022;"97432";"2080102";"azoxystrobine";"131860-33-8";"1";"Santé A";"";"Non"
2022;"97432";"2080102";"difenoconazole";"119446-68-3";"0.625";"Env A";"";"Non"
2022;"97432";"2080114";"cymoxanil";"57966-95-7";"0.5";"CMR";"";"Non"
2022;"97432";"2080114";"propamocarbe hcl";"25606-41-1";"4";"Autre";"";"Non"
2022;"97432";"2080129";"meptyldinocap";"131-72-6";"2.10";"Env A";"";"Non"
2022;"97432";"2080136";"pyridate";"55512-33-9";"1.35";"Env A";"";"Non"
2022;"97432";"2090063";"tebuconazole";"107534-96-3";"0.5";"CMR";"";"Non"
2022;"97432";"2090063";"trifloxystrobine";"141517-21-7";"0.25";"Env A";"";"Non"
2022;"97432";"2090127";"huile essentielle d'orange douce";"8028-48-6";"1.2";"Env A";"";"Non"
2022;"97432";"2090199";"huile de colza";"8002-13-9";"0.41265";"Autre";"";"Non"
2022;"97432";"2090199";"pyrethrines";"8003-34-7";"0.002295";"Env A";"";"Non"
2022;"97432";"2100026";"cypermethrine";"52315-07-8";"4.5";"Env A";"";"Non"
2022;"97432";"2100028";"fluroxypyr";"69377-81-7";"4";"Env B";"";"Non"
2022;"97432";"2100122";"chlorantraniliprole";"500008-45-7";"0.735";"Env A";"";"Non"
2022;"97432";"2100206";"glyphosate";"1071-83-6";"48.6";"Env A";"";"Non"
2022;"97432";"2100231";"emamectine benzoate";"155569-91-8";"0.038";"Santé A";"";"Non"
2022;"97432";"2110012";"cyazofamide";"120116-88-3";"2.08";"Env A";"";"Non"
2022;"97432";"2110086";"spirotetramat";"203313-25-1";"4.3";"CMR";"";"Non"
2022;"97432";"2110101";"pyraflufen-ethyl";"129630-19-9";"0.4240";"Env A";"";"Non"
2022;"97432";"2110111";"cyprosulfamide";"221667-31-8";"10.56";"Autre";"";"Non"
2022;"97432";"2110111";"isoxaflutole";"141112-29-0";"10.56";"CMR";"";"Non"
2022;"97432";"2110115";"cypermethrine";"52315-07-8";"1.9";"Env A";"";"Non"
2022;"97432";"2110143";"metribuzine";"21087-64-9";"16.2";"Env A";"";"Non"
2022;"97432";"2110150";"huile de colza";"8002-13-9";"0.9324";"Autre";"";"Non"
2022;"97432";"2110180";"cuivre de l'oxyde cuivreux";"1317-39-1";"0.09";"Env A";"Substitution";"Non"
2022;"97432";"2120048";"aminopyralid";"150114-71-9";"2.01";"Env A";"";"Non"
2022;"97432";"2120048";"triclopyr";"55335-06-3";"16.08";"Env B";"";"Non"
2022;"97432";"2120067";"cymoxanil";"57966-95-7";"2.25";"CMR";"";"Non"
2022;"97432";"2120143";"glyphosate";"1071-83-6";"28.8";"Env A";"";"Non"
2022;"97432";"2130075";"metaldehyde";"108-62-3";"1.4";"CMR";"";"Non"
2022;"97432";"2130153";"acide acetique";"64-19-7";"0.054";"Autre";"";"Non"
2022;"97432";"2130244";"difenoconazole";"119446-68-3";"2.5";"Env A";"";"Non"
2022;"97432";"2130244";"mandipropamide";"374726-62-2";"2.5";"Env A";"";"Non"
2022;"97432";"2130251";"lambda-cyhalothrine";"91465-08-6";"0.5";"Santé A";"Substitution";"Non"
2022;"97432";"2130253";"2,4-d";"94-75-7";"4.8";"Env B";"";"Non"
2022;"97432";"2130253";"glyphosate";"1071-83-6";"7.2";"Env A";"";"Non"
2022;"97432";"2140085";"abamectine";"71751-41-2";"0.630";"CMR";"";"Non"
2022;"97432";"2140121";"acide pelargonique";"112-05-0";"2.378276";"Autre";"";"Non"
2022;"97432";"2140147";"deltamethrine";"52918-63-5";"0.015";"Santé A";"";"Non"
2022;"97432";"2140165";"metribuzine";"21087-64-9";"21.7";"Env A";"";"Non"
2022;"97432";"2140201";"cyflufenamid";"180409-60-3";"0.345";"Env A";"";"Non"
2022;"97432";"2140201";"difenoconazole";"119446-68-3";"2.875";"Env A";"";"Non"
2022;"97432";"2150140";"glyphosate";"1071-83-6";"210.6";"Env A";"";"Non"
2022;"97432";"2150417";"bacillus thuringiensis ssp kurstaki souche abts-351";"68038-71-1";"0.038313";"Autre";"";"Non"
2022;"97432";"2150790";"phosphate ferrique";"10045-86-0";"0.2085";"Autre";"";"Non"
2022;"97432";"2150919";"abamectine";"71751-41-2";"0.702";"CMR";"";"Non"
2022;"97432";"2160115";"acide pelargonique";"112-05-0";"0.74376";"Autre";"";"Non"
2022;"97432";"2160226";"phosphate ferrique";"10045-86-0";"0.242";"Autre";"";"Non"
2022;"97432";"2160272";"hexythiazox";"78587-05-0";"0.0625";"Env A";"";"Non"
2022;"97432";"2160842";"metribuzine";"21087-64-9";"0.7";"Env A";"";"Non"
2022;"97432";"2160962";"fluxapyroxad";"907204-31-3";"1.8";"Santé A";"";"Non"
2022;"97432";"2190148";"difenoconazole";"119446-68-3";"0.15";"Env A";"";"Non"
2022;"97432";"2190148";"fluxapyroxad";"907204-31-3";"0.225";"Santé A";"";"Non"
2022;"97432";"2190760";"spinosad";"168316-95-8";"0.0006";"Env A";"";"Non"
2022;"97432";"2200059";"huile essentielle d'orange douce";"8028-48-6";"0.012";"Env A";"";"Non"
2022;"97432";"2210895";"huile essentielle d'orange douce";"8028-48-6";"0.02135";"Env A";"";"Non"
2022;"97432";"7500716";"cuivre du sulfate de cuivre";"8011-63-0";"5";"Env A";"Substitution";"Non"
2022;"97432";"7600008";"bupirimate";"41483-43-6";"0.25";"CMR";"";"Non"
2022;"97432";"8100006";"clopyralid";"1702-17-6";"0.72";"Autre";"";"Non"
2022;"97432";"8100006";"triclopyr";"55335-06-3";"2.88";"Env B";"";"Non"
2022;"97432";"8300025";"penconazole";"66246-88-6";"0.5";"CMR";"";"Non"
2022;"97432";"8400096";"dicamba";"1918-00-9";"6.72";"Env B";"";"Non"
2022;"97432";"8400600";"fluroxypyr-meptyl";"81406-37-3";"16.7156";"Env A";"";"Non"
2022;"97432";"8500174";"abamectine";"71751-41-2";"0.9225";"CMR";"";"Non"
2022;"97432";"8800395";"lambda-cyhalothrine";"91465-08-6";"0.025";"Santé A";"Substitution";"Non"
2022;"97432";"8800395";"pyrimicarbe";"23103-98-2";"0.5";"CMR";"";"Non"
2022;"97432";"8800841";"difenoconazole";"119446-68-3";"1.500";"Env A";"";"Non"
2022;"97432";"8900681";"pendimethaline";"40487-42-1";"18";"Env A";"Substitution";"Non"
2022;"97432";"9000361";"goudrons de pin";"8011-48-1";"0.8";"Autre";"";"Non"
2022;"97432";"9100296";"2,4-d";"94-75-7";"270";"Env B";"";"Non"
2022;"97432";"9200159";"pyrimethanil";"53112-28-0";"1.6";"Env A";"";"Non"
2022;"97432";"9200215";"cymoxanil";"57966-95-7";"0.72";"CMR";"";"Non"
2022;"97432";"9200215";"metirame";"9006-42-2";"8.550";"Env A";"";"Non"
2022;"97432";"9300504";"huile de vaseline";"8042-47-5";"4.085";"Autre";"";"Non"
2022;"97432";"9500199";"propamocarbe hcl";"25606-41-1";"0.722";"Autre";"";"Non"
2022;"97432";"9500341";"soufre";"7704-34-9";"0.6";"Autre";"";"Non"
2022;"97432";"9500568";"cyprodinyl";"121552-61-2";"1.125";"Env A";"";"Non"
2022;"97432";"9500568";"fludioxonil";"131341-86-1";"0.75";"Env A";"";"Non"
2022;"97432";"9500628";"bentazone";"25057-89-0";"20.88";"Env B";"";"Non"
2022;"97432";"9700332";"azoxystrobine";"131860-33-8";"10.50";"Santé A";"";"Non"
2022;"97432";"9800144";"indoxacarbe";"173584-44-6";"0.075";"Santé A";"";"Non"
2022;"97432";"9800219";"ethephon";"16672-87-0";"1.2";"Santé A";"";"Non"
2022;"97432";"9800244";"fenhexamid";"126833-17-8";"0.75";"Env A";"";"Non"
2022;"97432";"9800336";"lambda-cyhalothrine";"91465-08-6";"6.025";"Santé A";"Substitution";"Non"
2022;"97432";"9800484";"etoxazole";"153233-91-1";"0.11";"Env A";"Substitution";"Non"
2022;"97432";"9900037";"trifloxystrobine";"141517-21-7";"0.125";"Env A";"";"Non"
2022;"97432";"9900047";"mesotrione";"104206-82-8";"6.6";"CMR";"";"Non"
2022;"97432";"9900227";"cuivre de l'hydroxyde de cuivre";"20427-59-2";"8";"Santé A";"Substitution";"Non"
2022;"97432";"9900257";"cuivre du sulfate de cuivre";"8011-63-0";"0.32";"Env A";"Substitution";"Non"
2022;"97433";"2000003";"metazachlore";"67129-08-2";"5";"CMR";"";"Non"
2022;"97433";"2000044";"fluazifop-p-butyl";"79241-46-6";"8.50";"CMR";"";"Non"
2022;"97433";"2000125";"cuivre du sulfate de cuivre";"8011-63-0";"0.14";"Env A";"Substitution";"Non"
2022;"97433";"2000202";"glyphosate";"1071-83-6";"25.2";"Env A";"";"Non"
2022;"97433";"2000299";"clomazone";"81777-89-1";"1.08";"Env A";"";"Non"
2022;"97433";"2000327";"carfentrazone ethyl";"128639-02-1";"0.42";"Env A";"";"Non"
2022;"97433";"2010023";"deltamethrine";"52918-63-5";"0.975";"Santé A";"";"Non"
2022;"97433";"2010282";"cypermethrine";"52315-07-8";"17.7";"Env A";"";"Non"
2022;"97433";"2030404";"pendimethaline";"40487-42-1";"8";"Env A";"Substitution";"Non"
2022;"97433";"2060002";"difenoconazole";"119446-68-3";"0.25";"Env A";"";"Non"
2022;"97433";"2060050";"metrafenone";"220899-03-6";"0.5";"Env A";"";"Non"
2022;"97433";"2060084";"boscalid";"188425-85-6";"18.957";"Env A";"";"Non"
2022;"97433";"2060084";"pyraclostrobine";"175013-18-0";"4.757";"Santé A";"";"Non"
2022;"97433";"2060088";"benoxacor";"98730-04-2";"1.2";"Autre";"";"Non"
2022;"97433";"2060088";"mesotrione";"104206-82-8";"2.4";"CMR";"";"Non"
2022;"97433";"2060088";"s-metolachlore";"87392-12-9";"24";"Env A";"";"Non"
2022;"97433";"2060098";"spinosad";"168316-95-8";"3.552";"Env A";"";"Non"
2022;"97433";"2060130";"spinosad";"168316-95-8";"0.00336";"Env A";"";"Non"
2022;"97433";"2080060";"pyriproxyfene";"95737-68-1";"0.1";"Env A";"";"Non"
2022;"97433";"2080098";"mandipropamide";"374726-62-2";"3.25";"Env A";"";"Non"
2022;"97433";"2080102";"azoxystrobine";"131860-33-8";"4.2";"Santé A";"";"Non"
2022;"97433";"2080102";"difenoconazole";"119446-68-3";"2.625";"Env A";"";"Non"
2022;"97433";"2080136";"pyridate";"55512-33-9";"0.45";"Env A";"";"Non"
2022;"97433";"2090063";"tebuconazole";"107534-96-3";"3";"CMR";"";"Non"
2022;"97433";"2090063";"trifloxystrobine";"141517-21-7";"1.5";"Env A";"";"Non"
2022;"97433";"2090093";"glyphosate";"1071-83-6";"27";"Env A";"";"Non"
2022;"97433";"2090119";"cuivre du sulfate tribasique";"12527-76-3";"4.75";"Env A";"Substitution";"Non"
2022;"97433";"2090127";"huile essentielle d'orange douce";"8028-48-6";"0.3";"Env A";"";"Non"
2022;"97433";"2100026";"cypermethrine";"52315-07-8";"100.5";"Env A";"";"Non"
2022;"97433";"2100028";"fluroxypyr";"69377-81-7";"1";"Env B";"";"Non"
2022;"97433";"2100122";"chlorantraniliprole";"500008-45-7";"2.205";"Env A";"";"Non"
2022;"97433";"2100206";"glyphosate";"1071-83-6";"583.2";"Env A";"";"Non"
2022;"97433";"2100231";"emamectine benzoate";"155569-91-8";"0.152";"Santé A";"";"Non"
2022;"97433";"2110012";"cyazofamide";"120116-88-3";"4.16";"Env A";"";"Non"
2022;"97433";"2110073";"indoxacarbe";"173584-44-6";"0.075";"Santé A";"";"Non"
2022;"97433";"2110086";"spirotetramat";"203313-25-1";"0.8";"CMR";"";"Non"
2022;"97433";"2110101";"pyraflufen-ethyl";"129630-19-9";"0.265";"Env A";"";"Non"
2022;"97433";"2110115";"cypermethrine";"52315-07-8";"13.2";"Env A";"";"Non"
2022;"97433";"2110143";"metribuzine";"21087-64-9";"4.2";"Env A";"";"Non"
2022;"97433";"2120048";"aminopyralid";"150114-71-9";"1.80";"Env A";"";"Non"
2022;"97433";"2120048";"triclopyr";"55335-06-3";"14.40";"Env B";"";"Non"
2022;"97433";"2120067";"cymoxanil";"57966-95-7";"0.45";"CMR";"";"Non"
2022;"97433";"2120143";"glyphosate";"1071-83-6";"9.6";"Env A";"";"Non"
2022;"97433";"2120209";"cymoxanil";"57966-95-7";"2.5";"CMR";"";"Non"
2022;"97433";"2120209";"fluazinam";"79622-59-6";"3.75";"CMR";"";"Non"
2022;"97433";"2130244";"difenoconazole";"119446-68-3";"1.25";"Env A";"";"Non"
2022;"97433";"2130244";"mandipropamide";"374726-62-2";"1.25";"Env A";"";"Non"
2022;"97433";"2130253";"2,4-d";"94-75-7";"4.8";"Env B";"";"Non"
2022;"97433";"2130253";"glyphosate";"1071-83-6";"7.2";"Env A";"";"Non"
2022;"97433";"2140085";"abamectine";"71751-41-2";"0.684";"CMR";"";"Non"
2022;"97433";"2140121";"acide pelargonique";"112-05-0";"0.593975";"Autre";"";"Non"
2022;"97433";"2140165";"metribuzine";"21087-64-9";"4.2";"Env A";"";"Non"
2022;"97433";"2140201";"cyflufenamid";"180409-60-3";"0.045";"Env A";"";"Non"
2022;"97433";"2140201";"difenoconazole";"119446-68-3";"0.375";"Env A";"";"Non"
2022;"97433";"2150140";"glyphosate";"1071-83-6";"496.8";"Env A";"";"Non"
2022;"97433";"2150277";"pyrimethanil";"53112-28-0";"0.8";"Env A";"";"Non"
2022;"97433";"2150790";"phosphate ferrique";"10045-86-0";"0.032";"Autre";"";"Non"
2022;"97433";"2150919";"abamectine";"71751-41-2";"1.242";"CMR";"";"Non"
2022;"97433";"2160842";"metribuzine";"21087-64-9";"0.7";"Env A";"";"Non"
2022;"97433";"7500716";"cuivre du sulfate de cuivre";"8011-63-0";"4";"Env A";"Substitution";"Non"
2022;"97433";"8300025";"penconazole";"66246-88-6";"0.2";"CMR";"";"Non"
2022;"97433";"8400600";"fluroxypyr-meptyl";"81406-37-3";"0.2882";"Env A";"";"Non"
2022;"97433";"8500174";"abamectine";"71751-41-2";"0.423";"CMR";"";"Non"
2022;"97433";"8800395";"lambda-cyhalothrine";"91465-08-6";"0.125";"Santé A";"Substitution";"Non"
2022;"97433";"8800395";"pyrimicarbe";"23103-98-2";"2.5";"CMR";"";"Non"
2022;"97433";"8800841";"difenoconazole";"119446-68-3";"1.50";"Env A";"";"Non"
2022;"97433";"8900564";"tau-fluvalinate";"102851-06-9";"1.20";"Env A";"";"Non"
2022;"97433";"8900681";"pendimethaline";"40487-42-1";"28";"Env A";"Substitution";"Non"
2022;"97433";"9000490";"cycloxydime";"101205-02-1";"1";"CMR";"";"Non"
2022;"97433";"9100296";"2,4-d";"94-75-7";"120";"Env B";"";"Non"
2022;"97433";"9200159";"pyrimethanil";"53112-28-0";"6.0";"Env A";"";"Non"
2022;"97433";"9200215";"cymoxanil";"57966-95-7";"0.36";"CMR";"";"Non"
2022;"97433";"9200215";"metirame";"9006-42-2";"4.275";"Env A";"";"Non"
2022;"97433";"9400052";"clethodime";"99129-21-2";"0.24";"Env B";"";"Non"
2022;"97433";"9500568";"cyprodinyl";"121552-61-2";"4.875";"Env A";"";"Non"
2022;"97433";"9500568";"fludioxonil";"131341-86-1";"3.25";"Env A";"";"Non"
2022;"97433";"9700332";"azoxystrobine";"131860-33-8";"11.75";"Santé A";"";"Non"
2022;"97433";"9800144";"indoxacarbe";"173584-44-6";"1.425";"Santé A";"";"Non"
2022;"97433";"9800182";"s-metolachlore";"87392-12-9";"4.8";"Env A";"";"Non"
2022;"97433";"9800219";"ethephon";"16672-87-0";"0.6";"Santé A";"";"Non"
2022;"97433";"9800336";"lambda-cyhalothrine";"91465-08-6";"4.725";"Santé A";"Substitution";"Non"
2022;"97433";"9900037";"trifloxystrobine";"141517-21-7";"0.125";"Env A";"";"Non"
2022;"97433";"9900227";"cuivre de l'hydroxyde de cuivre";"20427-59-2";"10";"Santé A";"Substitution";"Non"
2022;"97433";"9900257";"cuivre du sulfate de cuivre";"8011-63-0";"2.2";"Env A";"Substitution";"Non"
2022;"97434";"2000044";"fluazifop-p-butyl";"79241-46-6";"1.875";"CMR";"";"Non"
2022;"97434";"2000125";"cuivre du sulfate de cuivre";"8011-63-0";"0.34";"Env A";"Substitution";"Non"
2022;"97434";"2010023";"deltamethrine";"52918-63-5";"0.060";"Santé A";"";"Non"
2022;"97434";"2010130";"cuivre de l'oxyde cuivreux";"1317-39-1";"30";"Env A";"Substitution";"Non"
2022;"97434";"2010282";"cypermethrine";"52315-07-8";"1.6";"Env A";"";"Non"
2022;"97434";"2060002";"difenoconazole";"119446-68-3";"0.25";"Env A";"";"Non"
2022;"97434";"2060050";"metrafenone";"220899-03-6";"0.5";"Env A";"";"Non"
2022;"97434";"2060088";"benoxacor";"98730-04-2";"1.1";"Autre";"";"Non"
2022;"97434";"2060088";"mesotrione";"104206-82-8";"2.2";"CMR";"";"Non"
2022;"97434";"2060088";"s-metolachlore";"87392-12-9";"22";"Env A";"";"Non"
2022;"97434";"2060098";"spinosad";"168316-95-8";"3.12";"Env A";"";"Non"
2022;"97434";"2060130";"spinosad";"168316-95-8";"0.01344";"Env A";"";"Non"
2022;"97434";"2080102";"azoxystrobine";"131860-33-8";"3";"Santé A";"";"Non"
2022;"97434";"2080102";"difenoconazole";"119446-68-3";"1.875";"Env A";"";"Non"
2022;"97434";"2090063";"tebuconazole";"107534-96-3";"1.5";"CMR";"";"Non"
2022;"97434";"2090063";"trifloxystrobine";"141517-21-7";"0.75";"Env A";"";"Non"
2022;"97434";"2090127";"huile essentielle d'orange douce";"8028-48-6";"0.9";"Env A";"";"Non"
2022;"97434";"2090199";"huile de colza";"8002-13-9";"0.206325";"Autre";"";"Non"
2022;"97434";"2090199";"pyrethrines";"8003-34-7";"0.001148";"Env A";"";"Non"
2022;"97434";"2100026";"cypermethrine";"52315-07-8";"7.5";"Env A";"";"Non"
2022;"97434";"2100028";"fluroxypyr";"69377-81-7";"7";"Env B";"";"Non"
2022;"97434";"2100206";"glyphosate";"1071-83-6";"2.7";"Env A";"";"Non"
2022;"97434";"2100231";"emamectine benzoate";"155569-91-8";"0.0665";"Santé A";"";"Non"
2022;"97434";"2110086";"spirotetramat";"203313-25-1";"9.7";"CMR";"";"Non"
2022;"97434";"2110111";"cyprosulfamide";"221667-31-8";"1.32";"Autre";"";"Non"
2022;"97434";"2110111";"isoxaflutole";"141112-29-0";"1.32";"CMR";"";"Non"
2022;"97434";"2110115";"cypermethrine";"52315-07-8";"0.6";"Env A";"";"Non"
2022;"97434";"2110143";"metribuzine";"21087-64-9";"36.6";"Env A";"";"Non"
2022;"97434";"2110150";"huile de colza";"8002-13-9";"0.3108";"Autre";"";"Non"
2022;"97434";"2120048";"aminopyralid";"150114-71-9";"0.66";"Env A";"";"Non"
2022;"97434";"2120048";"triclopyr";"55335-06-3";"5.28";"Env B";"";"Non"
2022;"97434";"2120067";"cymoxanil";"57966-95-7";"2.7";"CMR";"";"Non"
2022;"97434";"2120143";"glyphosate";"1071-83-6";"76.8";"Env A";"";"Non"
2022;"97434";"2120209";"cymoxanil";"57966-95-7";"1.25";"CMR";"";"Non"
2022;"97434";"2120209";"fluazinam";"79622-59-6";"1.875";"CMR";"";"Non"
2022;"97434";"2130059";"lambda-cyhalothrine";"91465-08-6";"0.3";"Santé A";"Substitution";"Non"
2022;"97434";"2130115";"deltamethrine";"52918-63-5";"0.000528";"Santé A";"";"Non"
2022;"97434";"2130152";"fluopyram";"658066-35-4";"0.75";"Env A";"";"Non"
2022;"97434";"2130152";"trifloxystrobine";"141517-21-7";"0.75";"Env A";"";"Non"
2022;"97434";"2130251";"lambda-cyhalothrine";"91465-08-6";"0.1";"Santé A";"Substitution";"Non"
2022;"97434";"2130253";"2,4-d";"94-75-7";"7.2";"Env B";"";"Non"
2022;"97434";"2130253";"glyphosate";"1071-83-6";"10.8";"Env A";"";"Non"
2022;"97434";"2140085";"abamectine";"71751-41-2";"0.252";"CMR";"";"Non"
2022;"97434";"2140121";"acide pelargonique";"112-05-0";"0.810182";"Autre";"";"Non"
2022;"97434";"2140165";"metribuzine";"21087-64-9";"1.4";"Env A";"";"Non"
2022;"97434";"2150140";"glyphosate";"1071-83-6";"100.8";"Env A";"";"Non"
2022;"97434";"2150417";"bacillus thuringiensis ssp kurstaki souche abts-351";"68038-71-1";"0.038313";"Autre";"";"Non"
2022;"97434";"2150790";"phosphate ferrique";"10045-86-0";"0.0585";"Autre";"";"Non"
2022;"97434";"2150919";"abamectine";"71751-41-2";"0.108";"CMR";"";"Non"
2022;"97434";"2160962";"fluxapyroxad";"907204-31-3";"8.1";"Santé A";"";"Non"
2022;"97434";"7500716";"cuivre du sulfate de cuivre";"8011-63-0";"28";"Env A";"Substitution";"Non"
2022;"97434";"8400600";"fluroxypyr-meptyl";"81406-37-3";"3.1702";"Env A";"";"Non"
2022;"97434";"8500174";"abamectine";"71751-41-2";"0.09";"CMR";"";"Non"
2022;"97434";"8700462";"prosulfocarbe";"52888-80-9";"24";"Env A";"";"Non"
2022;"97434";"8800841";"difenoconazole";"119446-68-3";"0.125";"Env A";"";"Non"
2022;"97434";"8900564";"tau-fluvalinate";"102851-06-9";"2.64";"Env A";"";"Non"
2022;"97434";"9100296";"2,4-d";"94-75-7";"27";"Env B";"";"Non"
2022;"97434";"9200159";"pyrimethanil";"53112-28-0";"0.4";"Env A";"";"Non"
2022;"97434";"9200215";"cymoxanil";"57966-95-7";"0.36";"CMR";"";"Non"
2022;"97434";"9200215";"metirame";"9006-42-2";"4.275";"Env A";"";"Non"
2022;"97434";"9500432";"acrinathrine";"101007-06-1";"0.075";"CMR";"";"Non"
2022;"97434";"9500568";"cyprodinyl";"121552-61-2";"0.375";"Env A";"";"Non"
2022;"97434";"9500568";"fludioxonil";"131341-86-1";"0.25";"Env A";"";"Non"
2022;"97434";"9700332";"azoxystrobine";"131860-33-8";"0.25";"Santé A";"";"Non"
2022;"97434";"9800336";"lambda-cyhalothrine";"91465-08-6";"1.1";"Santé A";"Substitution";"Non"
2022;"97434";"9800484";"etoxazole";"153233-91-1";"0.33";"Env A";"Substitution";"Non"
2022;"97434";"9900227";"cuivre de l'hydroxyde de cuivre";"20427-59-2";"6";"Santé A";"Substitution";"Non"
2022;"97434";"9900257";"cuivre du sulfate de cuivre";"8011-63-0";"0.32";"Env A";"Substitution";"Non"
2022;"97435";"2000125";"cuivre du sulfate de cuivre";"8011-63-0";"0.48";"Env A";"Substitution";"Non"
2022;"97435";"2000202";"glyphosate";"1071-83-6";"7.2";"Env A";"";"Non"
2022;"97435";"2000517";"cuivre de l'hydroxyde de cuivre";"20427-59-2";"1.8";"Santé A";"Substitution";"Non"
2022;"97435";"2010023";"deltamethrine";"52918-63-5";"0.54";"Santé A";"";"Non"
2022;"97435";"2010282";"cypermethrine";"52315-07-8";"1.2";"Env A";"";"Non"
2022;"97435";"2020241";"bacillus thuringiensis ssp aizawai souche abts-1857";"68038-71-1";"0.27";"Autre";"";"Non"
2022;"97435";"2050046";"flonicamide";"158062-67-0";"0.5";"Autre";"";"Non"
2022;"97435";"2060084";"boscalid";"188425-85-6";"0.801";"Env A";"";"Non"
2022;"97435";"2060084";"pyraclostrobine";"175013-18-0";"0.201";"Santé A";"";"Non"
2022;"97435";"2060085";"boscalid";"188425-85-6";"1.2";"Env A";"";"Non"
2022;"97435";"2060085";"kresoxim-methyl";"143390-89-0";"0.6";"CMR";"";"Non"
2022;"97435";"2060088";"benoxacor";"98730-04-2";"3.4";"Autre";"";"Non"
2022;"97435";"2060088";"mesotrione";"104206-82-8";"6.8";"CMR";"";"Non"
2022;"97435";"2060088";"s-metolachlore";"87392-12-9";"68";"Env A";"";"Non"
2022;"97435";"2060098";"spinosad";"168316-95-8";"1.008";"Env A";"";"Non"
2022;"97435";"2060130";"spinosad";"168316-95-8";"0.00048";"Env A";"";"Non"
2022;"97435";"2080060";"pyriproxyfene";"95737-68-1";"0.6";"Env A";"";"Non"
2022;"97435";"2080129";"meptyldinocap";"131-72-6";"0.70";"Env A";"";"Non"
2022;"97435";"2090127";"huile essentielle d'orange douce";"8028-48-6";"0.3";"Env A";"";"Non"
2022;"97435";"2090199";"huile de colza";"8002-13-9";"0.206325";"Autre";"";"Non"
2022;"97435";"2090199";"pyrethrines";"8003-34-7";"0.001148";"Env A";"";"Non"
2022;"97435";"2100026";"cypermethrine";"52315-07-8";"22.0";"Env A";"";"Non"
2022;"97435";"2100028";"fluroxypyr";"69377-81-7";"6";"Env B";"";"Non"
2022;"97435";"2100122";"chlorantraniliprole";"500008-45-7";"0.735";"Env A";"";"Non"
2022;"97435";"2100231";"emamectine benzoate";"155569-91-8";"0.2470";"Santé A";"";"Non"
2022;"97435";"2110012";"cyazofamide";"120116-88-3";"1.28";"Env A";"";"Non"
2022;"97435";"2110115";"cypermethrine";"52315-07-8";"1.5";"Env A";"";"Non"
2022;"97435";"2110143";"metribuzine";"21087-64-9";"10.8";"Env A";"";"Non"
2022;"97435";"2110150";"huile de colza";"8002-13-9";"0.3108";"Autre";"";"Non"
2022;"97435";"2120048";"aminopyralid";"150114-71-9";"3.66";"Env A";"";"Non"
2022;"97435";"2120048";"triclopyr";"55335-06-3";"29.28";"Env B";"";"Non"
2022;"97435";"2120067";"cymoxanil";"57966-95-7";"0.45";"CMR";"";"Non"
2022;"97435";"2120143";"glyphosate";"1071-83-6";"2.4";"Env A";"";"Non"
2022;"97435";"2130075";"metaldehyde";"108-62-3";"0.6";"CMR";"";"Non"
2022;"97435";"2130115";"deltamethrine";"52918-63-5";"0.000264";"Santé A";"";"Non"
2022;"97435";"2130212";"phosmet";"732-11-6";"10";"CMR";"";"Non"
2022;"97435";"2130253";"2,4-d";"94-75-7";"14.4";"Env B";"";"Non"
2022;"97435";"2130253";"glyphosate";"1071-83-6";"21.6";"Env A";"";"Non"
2022;"97435";"2140085";"abamectine";"71751-41-2";"0.468";"CMR";"";"Non"
2022;"97435";"2140121";"acide pelargonique";"112-05-0";"3.188458";"Autre";"";"Non"
2022;"97435";"2140165";"metribuzine";"21087-64-9";"15.4";"Env A";"";"Non"
2022;"97435";"2140201";"cyflufenamid";"180409-60-3";"0.195";"Env A";"";"Non"
2022;"97435";"2140201";"difenoconazole";"119446-68-3";"1.625";"Env A";"";"Non"
2022;"97435";"2150140";"glyphosate";"1071-83-6";"54.0";"Env A";"";"Non"
2022;"97435";"2150417";"bacillus thuringiensis ssp kurstaki souche abts-351";"68038-71-1";"0.045976";"Autre";"";"Non"
2022;"97435";"2150790";"phosphate ferrique";"10045-86-0";"0.1505";"Autre";"";"Non"
2022;"97435";"2150919";"abamectine";"71751-41-2";"0.072";"CMR";"";"Non"
2022;"97435";"2160226";"phosphate ferrique";"10045-86-0";"0.121";"Autre";"";"Non"
2022;"97435";"2190148";"difenoconazole";"119446-68-3";"0.05";"Env A";"";"Non"
2022;"97435";"2190148";"fluxapyroxad";"907204-31-3";"0.075";"Santé A";"";"Non"
2022;"97435";"2190760";"spinosad";"168316-95-8";"0.0006";"Env A";"";"Non"
2022;"97435";"2210895";"huile essentielle d'orange douce";"8028-48-6";"0.0366";"Env A";"";"Non"
2022;"97435";"7500716";"cuivre du sulfate de cuivre";"8011-63-0";"2";"Env A";"Substitution";"Non"
2022;"97435";"8300025";"penconazole";"66246-88-6";"0.4";"CMR";"";"Non"
2022;"97435";"8400096";"dicamba";"1918-00-9";"3.84";"Env B";"";"Non"
2022;"97435";"8400600";"fluroxypyr-meptyl";"81406-37-3";"3.1702";"Env A";"";"Non"
2022;"97435";"8500174";"abamectine";"71751-41-2";"0.630";"CMR";"";"Non"
2022;"97435";"8800395";"lambda-cyhalothrine";"91465-08-6";"0.025";"Santé A";"Substitution";"Non"
2022;"97435";"8800395";"pyrimicarbe";"23103-98-2";"0.5";"CMR";"";"Non"
2022;"97435";"8800841";"difenoconazole";"119446-68-3";"0.125";"Env A";"";"Non"
2022;"97435";"9100296";"2,4-d";"94-75-7";"141";"Env B";"";"Non"
2022;"97435";"9200159";"pyrimethanil";"53112-28-0";"1.2";"Env A";"";"Non"
2022;"97435";"9200215";"cymoxanil";"57966-95-7";"0.6";"CMR";"";"Non"
2022;"97435";"9200215";"metirame";"9006-42-2";"7.125";"Env A";"";"Non"
2022;"97435";"9700332";"azoxystrobine";"131860-33-8";"1";"Santé A";"";"Non"
2022;"97435";"9800144";"indoxacarbe";"173584-44-6";"2.439";"Santé A";"";"Non"
2022;"97435";"9800336";"lambda-cyhalothrine";"91465-08-6";"3.525";"Santé A";"Substitution";"Non"
2022;"97435";"9900047";"mesotrione";"104206-82-8";"3.5";"CMR";"";"Non"
2022;"97436";"2000044";"fluazifop-p-butyl";"79241-46-6";"0.125";"CMR";"";"Non"
2022;"97436";"2000202";"glyphosate";"1071-83-6";"1.8";"Env A";"";"Non"
2022;"97436";"2000316";"esfenvalerate";"66230-04-4";"0.05";"Santé A";"Substitution";"Non"
2022;"97436";"2000517";"cuivre de l'hydroxyde de cuivre";"20427-59-2";"4.32";"Santé A";"Substitution";"Non"
2022;"97436";"2010023";"deltamethrine";"52918-63-5";"0.945";"Santé A";"";"Non"
2022;"97436";"2010282";"cypermethrine";"52315-07-8";"2.4";"Env A";"";"Non"
2022;"97436";"2030404";"pendimethaline";"40487-42-1";"20";"Env A";"Substitution";"Non"
2022;"97436";"2060084";"boscalid";"188425-85-6";"1.068";"Env A";"";"Non"
2022;"97436";"2060084";"pyraclostrobine";"175013-18-0";"0.268";"Santé A";"";"Non"
2022;"97436";"2060088";"benoxacor";"98730-04-2";"18.1";"Autre";"";"Non"
2022;"97436";"2060088";"mesotrione";"104206-82-8";"36.2";"CMR";"";"Non"
2022;"97436";"2060088";"s-metolachlore";"87392-12-9";"362";"Env A";"";"Non"
2022;"97436";"2060098";"spinosad";"168316-95-8";"0.432";"Env A";"";"Non"
2022;"97436";"2080060";"pyriproxyfene";"95737-68-1";"2.2";"Env A";"";"Non"
2022;"97436";"2080098";"mandipropamide";"374726-62-2";"0.50";"Env A";"";"Non"
2022;"97436";"2080129";"meptyldinocap";"131-72-6";"0.35";"Env A";"";"Non"
2022;"97436";"2080136";"pyridate";"55512-33-9";"1.35";"Env A";"";"Non"
2022;"97436";"2090093";"glyphosate";"1071-83-6";"90";"Env A";"";"Non"
2022;"97436";"2090199";"huile de colza";"8002-13-9";"0.41265";"Autre";"";"Non"
2022;"97436";"2090199";"pyrethrines";"8003-34-7";"0.002295";"Env A";"";"Non"
2022;"97436";"2100026";"cypermethrine";"52315-07-8";"11.5";"Env A";"";"Non"
2022;"97436";"2100028";"fluroxypyr";"69377-81-7";"6";"Env B";"";"Non"
2022;"97436";"2100111";"mesotrione";"104206-82-8";"2.25";"CMR";"";"Non"
2022;"97436";"2100111";"nicosulfuron";"111991-09-4";"0.9";"Env A";"";"Non"
2022;"97436";"2100122";"chlorantraniliprole";"500008-45-7";"0.315";"Env A";"";"Non"
2022;"97436";"2100231";"emamectine benzoate";"155569-91-8";"0.1995";"Santé A";"";"Non"
2022;"97436";"2110012";"cyazofamide";"120116-88-3";"0.32";"Env A";"";"Non"
2022;"97436";"2110086";"spirotetramat";"203313-25-1";"0.3";"CMR";"";"Non"
2022;"97436";"2110115";"cypermethrine";"52315-07-8";"2.5";"Env A";"";"Non"
2022;"97436";"2110143";"metribuzine";"21087-64-9";"1.8";"Env A";"";"Non"
2022;"97436";"2120048";"aminopyralid";"150114-71-9";"7.08";"Env A";"";"Non"
2022;"97436";"2120048";"triclopyr";"55335-06-3";"56.64";"Env B";"";"Non"
2022;"97436";"2120067";"cymoxanil";"57966-95-7";"0.45";"CMR";"";"Non"
2022;"97436";"2120143";"glyphosate";"1071-83-6";"230.4";"Env A";"";"Non"
2022;"97436";"2130075";"metaldehyde";"108-62-3";"1.6";"CMR";"";"Non"
2022;"97436";"2130153";"acide acetique";"64-19-7";"0.054";"Autre";"";"Non"
2022;"97436";"2130212";"phosmet";"732-11-6";"10";"CMR";"";"Non"
2022;"97436";"2130251";"lambda-cyhalothrine";"91465-08-6";"0.3";"Santé A";"Substitution";"Non"
2022;"97436";"2130253";"2,4-d";"94-75-7";"16.8";"Env B";"";"Non"
2022;"97436";"2130253";"glyphosate";"1071-83-6";"25.2";"Env A";"";"Non"
2022;"97436";"2140085";"abamectine";"71751-41-2";"0.234";"CMR";"";"Non"
2022;"97436";"2140121";"acide pelargonique";"112-05-0";"0.648621";"Autre";"";"Non"
2022;"97436";"2140165";"metribuzine";"21087-64-9";"98.0";"Env A";"";"Non"
2022;"97436";"2140201";"cyflufenamid";"180409-60-3";"0.03";"Env A";"";"Non"
2022;"97436";"2140201";"difenoconazole";"119446-68-3";"0.25";"Env A";"";"Non"
2022;"97436";"2150140";"glyphosate";"1071-83-6";"91.8";"Env A";"";"Non"
2022;"97436";"2150417";"bacillus thuringiensis ssp kurstaki souche abts-351";"68038-71-1";"0.007663";"Autre";"";"Non"
2022;"97436";"2150790";"phosphate ferrique";"10045-86-0";"0.045";"Autre";"";"Non"
2022;"97436";"2150919";"abamectine";"71751-41-2";"0.072";"CMR";"";"Non"
2022;"97436";"2160115";"acide pelargonique";"112-05-0";"0.09297";"Autre";"";"Non"
2022;"97436";"2160842";"metribuzine";"21087-64-9";"1.4";"Env A";"";"Non"
2022;"97436";"2180735";"spinetoram";"935545-74-7";"0.50";"CMR";"";"Non"
2022;"97436";"2200059";"huile essentielle d'orange douce";"8028-48-6";"0.012";"Env A";"";"Non"
2022;"97436";"2210895";"huile essentielle d'orange douce";"8028-48-6";"0.01525";"Env A";"";"Non"
2022;"97436";"7500716";"cuivre du sulfate de cuivre";"8011-63-0";"9";"Env A";"Substitution";"Non"
2022;"97436";"8400600";"fluroxypyr-meptyl";"81406-37-3";"36.0250";"Env A";"";"Non"
2022;"97436";"8500174";"abamectine";"71751-41-2";"0.4095";"CMR";"";"Non"
2022;"97436";"8800841";"difenoconazole";"119446-68-3";"3.75";"Env A";"";"Non"
2022;"97436";"8900681";"pendimethaline";"40487-42-1";"6";"Env A";"Substitution";"Non"
2022;"97436";"9100296";"2,4-d";"94-75-7";"591";"Env B";"";"Non"
2022;"97436";"9200215";"cymoxanil";"57966-95-7";"1.20";"CMR";"";"Non"
2022;"97436";"9200215";"metirame";"9006-42-2";"14.250";"Env A";"";"Non"
2022;"97436";"9300504";"huile de vaseline";"8042-47-5";"4.085";"Autre";"";"Non"
2022;"97436";"9500628";"bentazone";"25057-89-0";"5.22";"Env B";"";"Non"
2022;"97436";"9600025";"fosetyl-aluminium";"39148-24-8";"1.6";"Autre";"";"Non"
2022;"97436";"9700332";"azoxystrobine";"131860-33-8";"5.25";"Santé A";"";"Non"
2022;"97436";"9800336";"lambda-cyhalothrine";"91465-08-6";"3.35";"Santé A";"Substitution";"Non"
2022;"97436";"9900047";"mesotrione";"104206-82-8";"0.5";"CMR";"";"Non"
2022;"97437";"2000044";"fluazifop-p-butyl";"79241-46-6";"5.750";"CMR";"";"Non"
2022;"97437";"2000202";"glyphosate";"1071-83-6";"131.4";"Env A";"";"Non"
2022;"97437";"2000327";"carfentrazone ethyl";"128639-02-1";"0.18";"Env A";"";"Non"
2022;"97437";"2000517";"cuivre de l'hydroxyde de cuivre";"20427-59-2";"1.8";"Santé A";"Substitution";"Non"
2022;"97437";"2000519";"2,4-d";"94-75-7";"72";"Env B";"";"Non"
2022;"97437";"2010023";"deltamethrine";"52918-63-5";"0.375";"Santé A";"";"Non"
2022;"97437";"2010282";"cypermethrine";"52315-07-8";"6.5";"Env A";"";"Non"
2022;"97437";"2030404";"pendimethaline";"40487-42-1";"428.4";"Env A";"Substitution";"Non"
2022;"97437";"2060002";"difenoconazole";"119446-68-3";"0.5";"Env A";"";"Non"
2022;"97437";"2060084";"boscalid";"188425-85-6";"2.670";"Env A";"";"Non"
2022;"97437";"2060084";"pyraclostrobine";"175013-18-0";"0.670";"Santé A";"";"Non"
2022;"97437";"2060088";"benoxacor";"98730-04-2";"34.2";"Autre";"";"Non"
2022;"97437";"2060088";"mesotrione";"104206-82-8";"68.4";"CMR";"";"Non"
2022;"97437";"2060088";"s-metolachlore";"87392-12-9";"684";"Env A";"";"Non"
2022;"97437";"2060098";"spinosad";"168316-95-8";"4.368";"Env A";"";"Non"
2022;"97437";"2060113";"bifenazate";"149877-41-8";"0.18";"Env A";"";"Non"
2022;"97437";"2060130";"spinosad";"168316-95-8";"0.00024";"Env A";"";"Non"
2022;"97437";"2080060";"pyriproxyfene";"95737-68-1";"0.6";"Env A";"";"Non"
2022;"97437";"2090037";"dicamba";"1918-00-9";"28.5";"Env B";"";"Non"
2022;"97437";"2090037";"prosulfuron";"94125-34-5";"2.85";"Env A";"Substitution";"Non"
2022;"97437";"2090063";"tebuconazole";"107534-96-3";"0.5";"CMR";"";"Non"
2022;"97437";"2090063";"trifloxystrobine";"141517-21-7";"0.25";"Env A";"";"Non"
2022;"97437";"2090119";"cuivre du sulfate tribasique";"12527-76-3";"2.85";"Env A";"Substitution";"Non"
2022;"97437";"2090127";"huile essentielle d'orange douce";"8028-48-6";"3";"Env A";"";"Non"
2022;"97437";"2100026";"cypermethrine";"52315-07-8";"50.5";"Env A";"";"Non"
2022;"97437";"2100028";"fluroxypyr";"69377-81-7";"38";"Env B";"";"Non"
2022;"97437";"2100111";"mesotrione";"104206-82-8";"2.625";"CMR";"";"Non"
2022;"97437";"2100111";"nicosulfuron";"111991-09-4";"1.05";"Env A";"";"Non"
2022;"97437";"2100206";"glyphosate";"1071-83-6";"345.6";"Env A";"";"Non"
2022;"97437";"2100231";"emamectine benzoate";"155569-91-8";"0.0095";"Santé A";"";"Non"
2022;"97437";"2110012";"cyazofamide";"120116-88-3";"0.32";"Env A";"";"Non"
2022;"97437";"2110086";"spirotetramat";"203313-25-1";"0.6";"CMR";"";"Non"
2022;"97437";"2110101";"pyraflufen-ethyl";"129630-19-9";"0.1325";"Env A";"";"Non"
2022;"97437";"2110111";"cyprosulfamide";"221667-31-8";"7.92";"Autre";"";"Non"
2022;"97437";"2110111";"isoxaflutole";"141112-29-0";"7.92";"CMR";"";"Non"
2022;"97437";"2110115";"cypermethrine";"52315-07-8";"4.9";"Env A";"";"Non"
2022;"97437";"2110143";"metribuzine";"21087-64-9";"111.6";"Env A";"";"Non"
2022;"97437";"2120048";"aminopyralid";"150114-71-9";"32.85";"Env A";"";"Non"
2022;"97437";"2120048";"triclopyr";"55335-06-3";"262.80";"Env B";"";"Non"
2022;"97437";"2120143";"glyphosate";"1071-83-6";"16.8";"Env A";"";"Non"
2022;"97437";"2130059";"lambda-cyhalothrine";"91465-08-6";"0.1";"Santé A";"Substitution";"Non"
2022;"97437";"2130152";"fluopyram";"658066-35-4";"0.25";"Env A";"";"Non"
2022;"97437";"2130152";"trifloxystrobine";"141517-21-7";"0.25";"Env A";"";"Non"
2022;"97437";"2130200";"fluopyram";"658066-35-4";"12";"Env A";"";"Non"
2022;"97437";"2130253";"2,4-d";"94-75-7";"43.2";"Env B";"";"Non"
2022;"97437";"2130253";"glyphosate";"1071-83-6";"64.8";"Env A";"";"Non"
2022;"97437";"2140085";"abamectine";"71751-41-2";"0.108";"CMR";"";"Non"
2022;"97437";"2140121";"acide pelargonique";"112-05-0";"0.432414";"Autre";"";"Non"
2022;"97437";"2140165";"metribuzine";"21087-64-9";"63.7";"Env A";"";"Non"
2022;"97437";"2140201";"cyflufenamid";"180409-60-3";"0.09";"Env A";"";"Non"
2022;"97437";"2140201";"difenoconazole";"119446-68-3";"0.75";"Env A";"";"Non"
2022;"97437";"2150140";"glyphosate";"1071-83-6";"408.6";"Env A";"";"Non"
2022;"97437";"2150790";"phosphate ferrique";"10045-86-0";"0.0045";"Autre";"";"Non"
2022;"97437";"2150919";"abamectine";"71751-41-2";"0.252";"CMR";"";"Non"
2022;"97437";"2160842";"metribuzine";"21087-64-9";"51.8";"Env A";"";"Non"
2022;"97437";"8400600";"fluroxypyr-meptyl";"81406-37-3";"55.3344";"Env A";"";"Non"
2022;"97437";"8500174";"abamectine";"71751-41-2";"0.054";"CMR";"";"Non"
2022;"97437";"8800395";"lambda-cyhalothrine";"91465-08-6";"0.075";"Santé A";"Substitution";"Non"
2022;"97437";"8800395";"pyrimicarbe";"23103-98-2";"1.5";"CMR";"";"Non"
2022;"97437";"8800841";"difenoconazole";"119446-68-3";"0.375";"Env A";"";"Non"
2022;"97437";"8900681";"pendimethaline";"40487-42-1";"194";"Env A";"Substitution";"Non"
2022;"97437";"9100296";"2,4-d";"94-75-7";"909";"Env B";"";"Non"
2022;"97437";"9200159";"pyrimethanil";"53112-28-0";"1.2";"Env A";"";"Non"
2022;"97437";"9200215";"cymoxanil";"57966-95-7";"0.48";"CMR";"";"Non"
2022;"97437";"9200215";"metirame";"9006-42-2";"5.7";"Env A";"";"Non"
2022;"97437";"9500432";"acrinathrine";"101007-06-1";"0.075";"CMR";"";"Non"
2022;"97437";"9500568";"cyprodinyl";"121552-61-2";"1.875";"Env A";"";"Non"
2022;"97437";"9500568";"fludioxonil";"131341-86-1";"1.25";"Env A";"";"Non"
2022;"97437";"9500628";"bentazone";"25057-89-0";"33.93";"Env B";"";"Non"
2022;"97437";"9700332";"azoxystrobine";"131860-33-8";"2.25";"Santé A";"";"Non"
2022;"97437";"9800182";"s-metolachlore";"87392-12-9";"105.6";"Env A";"";"Non"
2022;"97437";"9800219";"ethephon";"16672-87-0";"30.0";"Santé A";"";"Non"
2022;"97437";"9800336";"lambda-cyhalothrine";"91465-08-6";"0.525";"Santé A";"Substitution";"Non"
2022;"97437";"9900037";"trifloxystrobine";"141517-21-7";"6.5";"Env A";"";"Non"
2022;"97437";"9900047";"mesotrione";"104206-82-8";"30.5";"CMR";"";"Non"
2022;"97437";"9900081";"mepanipyrim";"110235-47-7";"0.6";"CMR";"";"Non"
2022;"97437";"9900227";"cuivre de l'hydroxyde de cuivre";"20427-59-2";"4";"Santé A";"Substitution";"Non"
2022;"97437";"9900257";"cuivre du sulfate de cuivre";"8011-63-0";"0.6";"Env A";"Substitution";"Non"
2022;"97438";"2000044";"fluazifop-p-butyl";"79241-46-6";"8.125";"CMR";"";"Non"
2022;"97438";"2000125";"cuivre du sulfate de cuivre";"8011-63-0";"0.28";"Env A";"Substitution";"Non"
2022;"97438";"2000202";"glyphosate";"1071-83-6";"14.4";"Env A";"";"Non"
2022;"97438";"2000327";"carfentrazone ethyl";"128639-02-1";"0.12";"Env A";"";"Non"
2022;"97438";"2000519";"2,4-d";"94-75-7";"60";"Env B";"";"Non"
2022;"97438";"2010023";"deltamethrine";"52918-63-5";"0.615";"Santé A";"";"Non"
2022;"97438";"2010282";"cypermethrine";"52315-07-8";"2.7";"Env A";"";"Non"
2022;"97438";"2030404";"pendimethaline";"40487-42-1";"8";"Env A";"Substitution";"Non"
2022;"97438";"2060084";"boscalid";"188425-85-6";"1.335";"Env A";"";"Non"
2022;"97438";"2060084";"pyraclostrobine";"175013-18-0";"0.335";"Santé A";"";"Non"
2022;"97438";"2060088";"benoxacor";"98730-04-2";"7.8";"Autre";"";"Non"
2022;"97438";"2060088";"mesotrione";"104206-82-8";"15.6";"CMR";"";"Non"
2022;"97438";"2060088";"s-metolachlore";"87392-12-9";"156";"Env A";"";"Non"
2022;"97438";"2060098";"spinosad";"168316-95-8";"2.784";"Env A";"";"Non"
2022;"97438";"2060113";"bifenazate";"149877-41-8";"0.06";"Env A";"";"Non"
2022;"97438";"2080129";"meptyldinocap";"131-72-6";"0.35";"Env A";"";"Non"
2022;"97438";"2090016";"imazamox";"114311-32-9";"0.167";"Env A";"Substitution";"Non"
2022;"97438";"2090016";"pendimethaline";"40487-42-1";"2.5";"Env A";"Substitution";"Non"
2022;"97438";"2090037";"dicamba";"1918-00-9";"1";"Env B";"";"Non"
2022;"97438";"2090037";"prosulfuron";"94125-34-5";"0.1";"Env A";"Substitution";"Non"
2022;"97438";"2090063";"tebuconazole";"107534-96-3";"1";"CMR";"";"Non"
2022;"97438";"2090063";"trifloxystrobine";"141517-21-7";"0.5";"Env A";"";"Non"
2022;"97438";"2090119";"cuivre du sulfate tribasique";"12527-76-3";"2.85";"Env A";"Substitution";"Non"
2022;"97438";"2090127";"huile essentielle d'orange douce";"8028-48-6";"4.2";"Env A";"";"Non"
2022;"97438";"2100026";"cypermethrine";"52315-07-8";"6.5";"Env A";"";"Non"
2022;"97438";"2100028";"fluroxypyr";"69377-81-7";"18";"Env B";"";"Non"
2022;"97438";"2100111";"mesotrione";"104206-82-8";"0.375";"CMR";"";"Non"
2022;"97438";"2100111";"nicosulfuron";"111991-09-4";"0.15";"Env A";"";"Non"
2022;"97438";"2100206";"glyphosate";"1071-83-6";"272.7";"Env A";"";"Non"
2022;"97438";"2110012";"cyazofamide";"120116-88-3";"0.32";"Env A";"";"Non"
2022;"97438";"2110086";"spirotetramat";"203313-25-1";"0.6";"CMR";"";"Non"
2022;"97438";"2110101";"pyraflufen-ethyl";"129630-19-9";"0.1325";"Env A";"";"Non"
2022;"97438";"2110115";"cypermethrine";"52315-07-8";"1.3";"Env A";"";"Non"
2022;"97438";"2110143";"metribuzine";"21087-64-9";"61.8";"Env A";"";"Non"
2022;"97438";"2110150";"huile de colza";"8002-13-9";"0.9324";"Autre";"";"Non"
2022;"97438";"2120048";"aminopyralid";"150114-71-9";"15.06";"Env A";"";"Non"
2022;"97438";"2120048";"triclopyr";"55335-06-3";"120.48";"Env B";"";"Non"
2022;"97438";"2120143";"glyphosate";"1071-83-6";"9.6";"Env A";"";"Non"
2022;"97438";"2130059";"lambda-cyhalothrine";"91465-08-6";"0.1";"Santé A";"Substitution";"Non"
2022;"97438";"2130253";"2,4-d";"94-75-7";"31.2";"Env B";"";"Non"
2022;"97438";"2130253";"glyphosate";"1071-83-6";"46.8";"Env A";"";"Non"
2022;"97438";"2140085";"abamectine";"71751-41-2";"0.126";"CMR";"";"Non"
2022;"97438";"2140121";"acide pelargonique";"112-05-0";"0.864828";"Autre";"";"Non"
2022;"97438";"2140165";"metribuzine";"21087-64-9";"14.7";"Env A";"";"Non"
2022;"97438";"2150140";"glyphosate";"1071-83-6";"446.4";"Env A";"";"Non"
2022;"97438";"2150417";"bacillus thuringiensis ssp kurstaki souche abts-351";"68038-71-1";"0.015325";"Autre";"";"Non"
2022;"97438";"2150790";"phosphate ferrique";"10045-86-0";"0.1035";"Autre";"";"Non"
2022;"97438";"2150919";"abamectine";"71751-41-2";"0.684";"CMR";"";"Non"
2022;"97438";"2160842";"metribuzine";"21087-64-9";"17.5";"Env A";"";"Non"
2022;"97438";"2210895";"huile essentielle d'orange douce";"8028-48-6";"0.0122";"Env A";"";"Non"
2022;"97438";"7500716";"cuivre du sulfate de cuivre";"8011-63-0";"5";"Env A";"Substitution";"Non"
2022;"97438";"7600008";"bupirimate";"41483-43-6";"0.25";"CMR";"";"Non"
2022;"97438";"8400096";"dicamba";"1918-00-9";"1.92";"Env B";"";"Non"
2022;"97438";"8400600";"fluroxypyr-meptyl";"81406-37-3";"214.1326";"Env A";"";"Non"
2022;"97438";"8500174";"abamectine";"71751-41-2";"0.09";"CMR";"";"Non"
2022;"97438";"8600243";"aclonifen";"74070-46-5";"6";"CMR";"";"Non"
2022;"97438";"8800395";"lambda-cyhalothrine";"91465-08-6";"0.025";"Santé A";"Substitution";"Non"
2022;"97438";"8800395";"pyrimicarbe";"23103-98-2";"0.5";"CMR";"";"Non"
2022;"97438";"8800841";"difenoconazole";"119446-68-3";"0.250";"Env A";"";"Non"
2022;"97438";"8900681";"pendimethaline";"40487-42-1";"172";"Env A";"Substitution";"Non"
2022;"97438";"9100296";"2,4-d";"94-75-7";"474";"Env B";"";"Non"
2022;"97438";"9200159";"pyrimethanil";"53112-28-0";"0.4";"Env A";"";"Non"
2022;"97438";"9500432";"acrinathrine";"101007-06-1";"0.45";"CMR";"";"Non"
2022;"97438";"9700332";"azoxystrobine";"131860-33-8";"5.50";"Santé A";"";"Non"
2022;"97438";"9800144";"indoxacarbe";"173584-44-6";"0.15";"Santé A";"";"Non"
2022;"97438";"9800182";"s-metolachlore";"87392-12-9";"4.8";"Env A";"";"Non"
2022;"97438";"9800336";"lambda-cyhalothrine";"91465-08-6";"1.15";"Santé A";"Substitution";"Non"
2022;"97438";"9900037";"trifloxystrobine";"141517-21-7";"0.125";"Env A";"";"Non"
2022;"97438";"9900227";"cuivre de l'hydroxyde de cuivre";"20427-59-2";"8";"Santé A";"Substitution";"Non"
2022;"97438";"9900257";"cuivre du sulfate de cuivre";"8011-63-0";"0.32";"Env A";"Substitution";"Non"
2022;"97439";"2000044";"fluazifop-p-butyl";"79241-46-6";"2.125";"CMR";"";"Non"
2022;"97439";"2000202";"glyphosate";"1071-83-6";"158.4";"Env A";"";"Non"
2022;"97439";"2000327";"carfentrazone ethyl";"128639-02-1";"0.06";"Env A";"";"Non"
2022;"97439";"2000519";"2,4-d";"94-75-7";"24";"Env B";"";"Non"
2022;"97439";"2010023";"deltamethrine";"52918-63-5";"0.255";"Santé A";"";"Non"
2022;"97439";"2010282";"cypermethrine";"52315-07-8";"1.8";"Env A";"";"Non"
2022;"97439";"2030404";"pendimethaline";"40487-42-1";"196";"Env A";"Substitution";"Non"
2022;"97439";"2060002";"difenoconazole";"119446-68-3";"0.25";"Env A";"";"Non"
2022;"97439";"2060088";"benoxacor";"98730-04-2";"34.9";"Autre";"";"Non"
2022;"97439";"2060088";"mesotrione";"104206-82-8";"69.8";"CMR";"";"Non"
2022;"97439";"2060088";"s-metolachlore";"87392-12-9";"698";"Env A";"";"Non"
2022;"97439";"2060098";"spinosad";"168316-95-8";"2.688";"Env A";"";"Non"
2022;"97439";"2060130";"spinosad";"168316-95-8";"0.0012";"Env A";"";"Non"
2022;"97439";"2080060";"pyriproxyfene";"95737-68-1";"0.1";"Env A";"";"Non"
2022;"97439";"2080098";"mandipropamide";"374726-62-2";"1.25";"Env A";"";"Non"
2022;"97439";"2080102";"azoxystrobine";"131860-33-8";"1";"Santé A";"";"Non"
2022;"97439";"2080102";"difenoconazole";"119446-68-3";"0.625";"Env A";"";"Non"
2022;"97439";"2090037";"dicamba";"1918-00-9";"2";"Env B";"";"Non"
2022;"97439";"2090037";"prosulfuron";"94125-34-5";"0.2";"Env A";"Substitution";"Non"
2022;"97439";"2090063";"tebuconazole";"107534-96-3";"0.5";"CMR";"";"Non"
2022;"97439";"2090063";"trifloxystrobine";"141517-21-7";"0.25";"Env A";"";"Non"
2022;"97439";"2090093";"glyphosate";"1071-83-6";"54";"Env A";"";"Non"
2022;"97439";"2090127";"huile essentielle d'orange douce";"8028-48-6";"0.6";"Env A";"";"Non"
2022;"97439";"2100026";"cypermethrine";"52315-07-8";"3.5";"Env A";"";"Non"
2022;"97439";"2100028";"fluroxypyr";"69377-81-7";"9";"Env B";"";"Non"
2022;"97439";"2100111";"mesotrione";"104206-82-8";"0.375";"CMR";"";"Non"
2022;"97439";"2100111";"nicosulfuron";"111991-09-4";"0.15";"Env A";"";"Non"
2022;"97439";"2100206";"glyphosate";"1071-83-6";"677.7";"Env A";"";"Non"
2022;"97439";"2100231";"emamectine benzoate";"155569-91-8";"0.0475";"Santé A";"";"Non"
2022;"97439";"2110073";"indoxacarbe";"173584-44-6";"0.15";"Santé A";"";"Non"
2022;"97439";"2110086";"spirotetramat";"203313-25-1";"0.3";"CMR";"";"Non"
2022;"97439";"2110101";"pyraflufen-ethyl";"129630-19-9";"0.2650";"Env A";"";"Non"
2022;"97439";"2110111";"cyprosulfamide";"221667-31-8";"10.56";"Autre";"";"Non"
2022;"97439";"2110111";"isoxaflutole";"141112-29-0";"10.56";"CMR";"";"Non"
2022;"97439";"2110115";"cypermethrine";"52315-07-8";"1.3";"Env A";"";"Non"
2022;"97439";"2110143";"metribuzine";"21087-64-9";"111.6";"Env A";"";"Non"
2022;"97439";"2120048";"aminopyralid";"150114-71-9";"30.21";"Env A";"";"Non"
2022;"97439";"2120048";"triclopyr";"55335-06-3";"241.68";"Env B";"";"Non"
2022;"97439";"2120067";"cymoxanil";"57966-95-7";"1.80";"CMR";"";"Non"
2022;"97439";"2120143";"glyphosate";"1071-83-6";"31.2";"Env A";"";"Non"
2022;"97439";"2130059";"lambda-cyhalothrine";"91465-08-6";"0.2";"Santé A";"Substitution";"Non"
2022;"97439";"2130075";"metaldehyde";"108-62-3";"0.2";"CMR";"";"Non"
2022;"97439";"2130253";"2,4-d";"94-75-7";"62.4";"Env B";"";"Non"
2022;"97439";"2130253";"glyphosate";"1071-83-6";"93.6";"Env A";"";"Non"
2022;"97439";"2140085";"abamectine";"71751-41-2";"0.216";"CMR";"";"Non"
2022;"97439";"2140165";"metribuzine";"21087-64-9";"74.2";"Env A";"";"Non"
2022;"97439";"2140201";"cyflufenamid";"180409-60-3";"0.150";"Env A";"";"Non"
2022;"97439";"2140201";"difenoconazole";"119446-68-3";"1.250";"Env A";"";"Non"
2022;"97439";"2150140";"glyphosate";"1071-83-6";"597.6";"Env A";"";"Non"
2022;"97439";"2150417";"bacillus thuringiensis ssp kurstaki souche abts-351";"68038-71-1";"0.007663";"Autre";"";"Non"
2022;"97439";"2150919";"abamectine";"71751-41-2";"0.018";"CMR";"";"Non"
2022;"97439";"2160842";"metribuzine";"21087-64-9";"7.7";"Env A";"";"Non"
2022;"97439";"2190760";"spinosad";"168316-95-8";"0.0006";"Env A";"";"Non"
2022;"97439";"7500716";"cuivre du sulfate de cuivre";"8011-63-0";"1";"Env A";"Substitution";"Non"
2022;"97439";"8400600";"fluroxypyr-meptyl";"81406-37-3";"25.9380";"Env A";"";"Non"
2022;"97439";"8500174";"abamectine";"71751-41-2";"0.036";"CMR";"";"Non"
2022;"97439";"8800841";"difenoconazole";"119446-68-3";"0.25";"Env A";"";"Non"
2022;"97439";"8900681";"pendimethaline";"40487-42-1";"282";"Env A";"Substitution";"Non"
2022;"97439";"9100296";"2,4-d";"94-75-7";"1497";"Env B";"";"Non"
2022;"97439";"9200215";"cymoxanil";"57966-95-7";"0.24";"CMR";"";"Non"
2022;"97439";"9200215";"metirame";"9006-42-2";"2.85";"Env A";"";"Non"
2022;"97439";"9500628";"bentazone";"25057-89-0";"2.61";"Env B";"";"Non"
2022;"97439";"9700332";"azoxystrobine";"131860-33-8";"17.75";"Santé A";"";"Non"
2022;"97439";"9800219";"ethephon";"16672-87-0";"6.6";"Santé A";"";"Non"
2022;"97439";"9800336";"lambda-cyhalothrine";"91465-08-6";"1.1";"Santé A";"Substitution";"Non"
2022;"97439";"9900037";"trifloxystrobine";"141517-21-7";"1.125";"Env A";"";"Non"
2022;"97439";"9900047";"mesotrione";"104206-82-8";"3.5";"CMR";"";"Non"
2022;"97439";"9900227";"cuivre de l'hydroxyde de cuivre";"20427-59-2";"8";"Santé A";"Substitution";"Non"
2022;"97439";"9900257";"cuivre du sulfate de cuivre";"8011-63-0";"0.2";"Env A";"Substitution";"Non"
2022;"97440";"2000044";"fluazifop-p-butyl";"79241-46-6";"16.375";"CMR";"";"Non"
2022;"97440";"2000125";"cuivre du sulfate de cuivre";"8011-63-0";"22.86";"Env A";"Substitution";"Non"
2022;"97440";"2000202";"glyphosate";"1071-83-6";"32.4";"Env A";"";"Non"
2022;"97440";"2000327";"carfentrazone ethyl";"128639-02-1";"0.72";"Env A";"";"Non"
2022;"97440";"2000519";"2,4-d";"94-75-7";"348";"Env B";"";"Non"
2022;"97440";"2010023";"deltamethrine";"52918-63-5";"1.200";"Santé A";"";"Non"
2022;"97440";"2010282";"cypermethrine";"52315-07-8";"20.2";"Env A";"";"Non"
2022;"97440";"2030404";"pendimethaline";"40487-42-1";"128";"Env A";"Substitution";"Non"
2022;"97440";"2060002";"difenoconazole";"119446-68-3";"0.25";"Env A";"";"Non"
2022;"97440";"2060050";"metrafenone";"220899-03-6";"2";"Env A";"";"Non"
2022;"97440";"2060084";"boscalid";"188425-85-6";"3.471";"Env A";"";"Non"
2022;"97440";"2060084";"pyraclostrobine";"175013-18-0";"0.871";"Santé A";"";"Non"
2022;"97440";"2060085";"boscalid";"188425-85-6";"2";"Env A";"";"Non"
2022;"97440";"2060085";"kresoxim-methyl";"143390-89-0";"1";"CMR";"";"Non"
2022;"97440";"2060088";"benoxacor";"98730-04-2";"76.9";"Autre";"";"Non"
2022;"97440";"2060088";"mesotrione";"104206-82-8";"153.8";"CMR";"";"Non"
2022;"97440";"2060088";"s-metolachlore";"87392-12-9";"1538";"Env A";"";"Non"
2022;"97440";"2060098";"spinosad";"168316-95-8";"1.008";"Env A";"";"Non"
2022;"97440";"2060113";"bifenazate";"149877-41-8";"0.12";"Env A";"";"Non"
2022;"97440";"2060130";"spinosad";"168316-95-8";"0.00168";"Env A";"";"Non"
2022;"97440";"2080060";"pyriproxyfene";"95737-68-1";"0.2";"Env A";"";"Non"
2022;"97440";"2080098";"mandipropamide";"374726-62-2";"0.25";"Env A";"";"Non"
2022;"97440";"2080102";"azoxystrobine";"131860-33-8";"3";"Santé A";"";"Non"
2022;"97440";"2080102";"difenoconazole";"119446-68-3";"1.875";"Env A";"";"Non"
2022;"97440";"2090037";"dicamba";"1918-00-9";"2.5";"Env B";"";"Non"
2022;"97440";"2090037";"prosulfuron";"94125-34-5";"0.25";"Env A";"Substitution";"Non"
2022;"97440";"2090093";"glyphosate";"1071-83-6";"9";"Env A";"";"Non"
2022;"97440";"2090119";"cuivre du sulfate tribasique";"12527-76-3";"0.95";"Env A";"Substitution";"Non"
2022;"97440";"2090127";"huile essentielle d'orange douce";"8028-48-6";"2.1";"Env A";"";"Non"
2022;"97440";"2090136";"fluopicolide";"239110-15-7";"0.625";"Env A";"";"Non"
2022;"97440";"2090136";"propamocarbe hcl";"25606-41-1";"6.25";"Autre";"";"Non"
2022;"97440";"2100026";"cypermethrine";"52315-07-8";"48.0";"Env A";"";"Non"
2022;"97440";"2100028";"fluroxypyr";"69377-81-7";"57";"Env B";"";"Non"
2022;"97440";"2100111";"mesotrione";"104206-82-8";"2.25";"CMR";"";"Non"
2022;"97440";"2100111";"nicosulfuron";"111991-09-4";"0.9";"Env A";"";"Non"
2022;"97440";"2100122";"chlorantraniliprole";"500008-45-7";"0.21";"Env A";"";"Non"
2022;"97440";"2100206";"glyphosate";"1071-83-6";"936.9";"Env A";"";"Non"
2022;"97440";"2100231";"emamectine benzoate";"155569-91-8";"0.1235";"Santé A";"";"Non"
2022;"97440";"2110012";"cyazofamide";"120116-88-3";"0.32";"Env A";"";"Non"
2022;"97440";"2110086";"spirotetramat";"203313-25-1";"1.3";"CMR";"";"Non"
2022;"97440";"2110101";"pyraflufen-ethyl";"129630-19-9";"0.6625";"Env A";"";"Non"
2022;"97440";"2110111";"cyprosulfamide";"221667-31-8";"12.76";"Autre";"";"Non"
2022;"97440";"2110111";"isoxaflutole";"141112-29-0";"12.76";"CMR";"";"Non"
2022;"97440";"2110115";"cypermethrine";"52315-07-8";"7.5";"Env A";"";"Non"
2022;"97440";"2110143";"metribuzine";"21087-64-9";"266.4";"Env A";"";"Non"
2022;"97440";"2110150";"huile de colza";"8002-13-9";"12.1212";"Autre";"";"Non"
2022;"97440";"2110180";"cuivre de l'oxyde cuivreux";"1317-39-1";"0.1875";"Env A";"Substitution";"Non"
2022;"97440";"2120048";"aminopyralid";"150114-71-9";"36.39";"Env A";"";"Non"
2022;"97440";"2120048";"triclopyr";"55335-06-3";"291.12";"Env B";"";"Non"
2022;"97440";"2120067";"cymoxanil";"57966-95-7";"0.45";"CMR";"";"Non"
2022;"97440";"2130059";"lambda-cyhalothrine";"91465-08-6";"0.4";"Santé A";"Substitution";"Non"
2022;"97440";"2130075";"metaldehyde";"108-62-3";"0.2";"CMR";"";"Non"
2022;"97440";"2130153";"acide acetique";"64-19-7";"2.754";"Autre";"";"Non"
2022;"97440";"2130253";"2,4-d";"94-75-7";"105.6";"Env B";"";"Non"
2022;"97440";"2130253";"glyphosate";"1071-83-6";"158.4";"Env A";"";"Non"
2022;"97440";"2140085";"abamectine";"71751-41-2";"0.792";"CMR";"";"Non"
2022;"97440";"2140121";"acide pelargonique";"112-05-0";"112.453723";"Autre";"";"Non"
2022;"97440";"2140165";"metribuzine";"21087-64-9";"65.8";"Env A";"";"Non"
2022;"97440";"2140201";"cyflufenamid";"180409-60-3";"0.165";"Env A";"";"Non"
2022;"97440";"2140201";"difenoconazole";"119446-68-3";"1.375";"Env A";"";"Non"
2022;"97440";"2150140";"glyphosate";"1071-83-6";"846.0";"Env A";"";"Non"
2022;"97440";"2150417";"bacillus thuringiensis ssp kurstaki souche abts-351";"68038-71-1";"1.693435";"Autre";"";"Non"
2022;"97440";"2150790";"phosphate ferrique";"10045-86-0";"16.3065";"Autre";"";"Non"
2022;"97440";"2150919";"abamectine";"71751-41-2";"1.782";"CMR";"";"Non"
2022;"97440";"2160115";"acide pelargonique";"112-05-0";"0.46485";"Autre";"";"Non"
2022;"97440";"2160226";"phosphate ferrique";"10045-86-0";"0.121";"Autre";"";"Non"
2022;"97440";"2160842";"metribuzine";"21087-64-9";"122.5";"Env A";"";"Non"
2022;"97440";"2180735";"spinetoram";"935545-74-7";"0.125";"CMR";"";"Non"
2022;"97440";"2190760";"spinosad";"168316-95-8";"0.0228";"Env A";"";"Non"
2022;"97440";"2200059";"huile essentielle d'orange douce";"8028-48-6";"0.072";"Env A";"";"Non"
2022;"97440";"2210895";"huile essentielle d'orange douce";"8028-48-6";"0.6283";"Env A";"";"Non"
2022;"97440";"7500716";"cuivre du sulfate de cuivre";"8011-63-0";"4";"Env A";"Substitution";"Non"
2022;"97440";"7600008";"bupirimate";"41483-43-6";"0.75";"CMR";"";"Non"
2022;"97440";"8300025";"penconazole";"66246-88-6";"0.1";"CMR";"";"Non"
2022;"97440";"8400096";"dicamba";"1918-00-9";"2.88";"Env B";"";"Non"
2022;"97440";"8400600";"fluroxypyr-meptyl";"81406-37-3";"138.3360";"Env A";"";"Non"
2022;"97440";"8500174";"abamectine";"71751-41-2";"0.3645";"CMR";"";"Non"
2022;"97440";"8700462";"prosulfocarbe";"52888-80-9";"48";"Env A";"";"Non"
2022;"97440";"8800841";"difenoconazole";"119446-68-3";"0.250";"Env A";"";"Non"
2022;"97440";"8900564";"tau-fluvalinate";"102851-06-9";"0.48";"Env A";"";"Non"
2022;"97440";"8900681";"pendimethaline";"40487-42-1";"470";"Env A";"Substitution";"Non"
2022;"97440";"9000361";"goudrons de pin";"8011-48-1";"10.4";"Autre";"";"Non"
2022;"97440";"9000490";"cycloxydime";"101205-02-1";"1";"CMR";"";"Non"
2022;"97440";"9100296";"2,4-d";"94-75-7";"1848";"Env B";"";"Non"
2022;"97440";"9200159";"pyrimethanil";"53112-28-0";"2.8";"Env A";"";"Non"
2022;"97440";"9400052";"clethodime";"99129-21-2";"0.48";"Env B";"";"Non"
2022;"97440";"9500432";"acrinathrine";"101007-06-1";"0.225";"CMR";"";"Non"
2022;"97440";"9500628";"bentazone";"25057-89-0";"15.66";"Env B";"";"Non"
2022;"97440";"9700332";"azoxystrobine";"131860-33-8";"5.75";"Santé A";"";"Non"
2022;"97440";"9800182";"s-metolachlore";"87392-12-9";"43.2";"Env A";"";"Non"
2022;"97440";"9800219";"ethephon";"16672-87-0";"3.6";"Santé A";"";"Non"
2022;"97440";"9800336";"lambda-cyhalothrine";"91465-08-6";"5.0";"Santé A";"Substitution";"Non"
2022;"97440";"9900037";"trifloxystrobine";"141517-21-7";"0.500";"Env A";"";"Non"
2022;"97440";"9900047";"mesotrione";"104206-82-8";"10.5";"CMR";"";"Non"
2022;"97440";"9900257";"cuivre du sulfate de cuivre";"8011-63-0";"5.92";"Env A";"Substitution";"Non"
2022;"97441";"2000044";"fluazifop-p-butyl";"79241-46-6";"14.625";"CMR";"";"Non"
2022;"97441";"2000202";"glyphosate";"1071-83-6";"124.2";"Env A";"";"Non"
2022;"97441";"2000327";"carfentrazone ethyl";"128639-02-1";"0.18";"Env A";"";"Non"
2022;"97441";"2000519";"2,4-d";"94-75-7";"570";"Env B";"";"Non"
2022;"97441";"2010023";"deltamethrine";"52918-63-5";"0.465";"Santé A";"";"Non"
2022;"97441";"2010282";"cypermethrine";"52315-07-8";"9.6";"Env A";"";"Non"
2022;"97441";"2030404";"pendimethaline";"40487-42-1";"100";"Env A";"Substitution";"Non"
2022;"97441";"2060002";"difenoconazole";"119446-68-3";"0.25";"Env A";"";"Non"
2022;"97441";"2060050";"metrafenone";"220899-03-6";"1.0";"Env A";"";"Non"
2022;"97441";"2060084";"boscalid";"188425-85-6";"0.267";"Env A";"";"Non"
2022;"97441";"2060084";"pyraclostrobine";"175013-18-0";"0.067";"Santé A";"";"Non"
2022;"97441";"2060088";"benoxacor";"98730-04-2";"45.3";"Autre";"";"Non"
2022;"97441";"2060088";"mesotrione";"104206-82-8";"90.6";"CMR";"";"Non"
2022;"97441";"2060088";"s-metolachlore";"87392-12-9";"906";"Env A";"";"Non"
2022;"97441";"2060098";"spinosad";"168316-95-8";"2.496";"Env A";"";"Non"
2022;"97441";"2060130";"spinosad";"168316-95-8";"0.00072";"Env A";"";"Non"
2022;"97441";"2080129";"meptyldinocap";"131-72-6";"0.35";"Env A";"";"Non"
2022;"97441";"2090037";"dicamba";"1918-00-9";"0.5";"Env B";"";"Non"
2022;"97441";"2090037";"prosulfuron";"94125-34-5";"0.05";"Env A";"Substitution";"Non"
2022;"97441";"2090093";"glyphosate";"1071-83-6";"27";"Env A";"";"Non"
2022;"97441";"2090119";"cuivre du sulfate tribasique";"12527-76-3";"5.7";"Env A";"Substitution";"Non"
2022;"97441";"2090127";"huile essentielle d'orange douce";"8028-48-6";"1.5";"Env A";"";"Non"
2022;"97441";"2100026";"cypermethrine";"52315-07-8";"10.0";"Env A";"";"Non"
2022;"97441";"2100028";"fluroxypyr";"69377-81-7";"44";"Env B";"";"Non"
2022;"97441";"2100206";"glyphosate";"1071-83-6";"480.6";"Env A";"";"Non"
2022;"97441";"2100231";"emamectine benzoate";"155569-91-8";"0.0095";"Santé A";"";"Non"
2022;"97441";"2110012";"cyazofamide";"120116-88-3";"0.16";"Env A";"";"Non"
2022;"97441";"2110086";"spirotetramat";"203313-25-1";"0.8";"CMR";"";"Non"
2022;"97441";"2110111";"cyprosulfamide";"221667-31-8";"1.76";"Autre";"";"Non"
2022;"97441";"2110111";"isoxaflutole";"141112-29-0";"1.76";"CMR";"";"Non"
2022;"97441";"2110115";"cypermethrine";"52315-07-8";"3.1";"Env A";"";"Non"
2022;"97441";"2110141";"dimethomorphe";"110488-70-5";"1.44";"Env A";"Exclusion";"Non"
2022;"97441";"2110141";"pyraclostrobine";"175013-18-0";"0.8";"Santé A";"";"Non"
2022;"97441";"2110143";"metribuzine";"21087-64-9";"120.0";"Env A";"";"Non"
2022;"97441";"2110150";"huile de colza";"8002-13-9";"0.6216";"Autre";"";"Non"
2022;"97441";"2120048";"aminopyralid";"150114-71-9";"21.39";"Env A";"";"Non"
2022;"97441";"2120048";"triclopyr";"55335-06-3";"171.12";"Env B";"";"Non"
2022;"97441";"2120143";"glyphosate";"1071-83-6";"38.4";"Env A";"";"Non"
2022;"97441";"2130059";"lambda-cyhalothrine";"91465-08-6";"0.1";"Santé A";"Substitution";"Non"
2022;"97441";"2130244";"difenoconazole";"119446-68-3";"3.75";"Env A";"";"Non"
2022;"97441";"2130244";"mandipropamide";"374726-62-2";"3.75";"Env A";"";"Non"
2022;"97441";"2130253";"2,4-d";"94-75-7";"45.6";"Env B";"";"Non"
2022;"97441";"2130253";"glyphosate";"1071-83-6";"68.4";"Env A";"";"Non"
2022;"97441";"2140085";"abamectine";"71751-41-2";"0.324";"CMR";"";"Non"
2022;"97441";"2140121";"acide pelargonique";"112-05-0";"2.808314";"Autre";"";"Non"
2022;"97441";"2140165";"metribuzine";"21087-64-9";"42.7";"Env A";"";"Non"
2022;"97441";"2140201";"cyflufenamid";"180409-60-3";"0.045";"Env A";"";"Non"
2022;"97441";"2140201";"difenoconazole";"119446-68-3";"0.375";"Env A";"";"Non"
2022;"97441";"2150140";"glyphosate";"1071-83-6";"594.0";"Env A";"";"Non"
2022;"97441";"2150790";"phosphate ferrique";"10045-86-0";"0.0165";"Autre";"";"Non"
2022;"97441";"2150919";"abamectine";"71751-41-2";"0.072";"CMR";"";"Non"
2022;"97441";"2160842";"metribuzine";"21087-64-9";"23.1";"Env A";"";"Non"
2022;"97441";"7500716";"cuivre du sulfate de cuivre";"8011-63-0";"2";"Env A";"Substitution";"Non"
2022;"97441";"8400600";"fluroxypyr-meptyl";"81406-37-3";"156.2044";"Env A";"";"Non"
2022;"97441";"8500174";"abamectine";"71751-41-2";"0.09";"CMR";"";"Non"
2022;"97441";"8800395";"lambda-cyhalothrine";"91465-08-6";"0.05";"Santé A";"Substitution";"Non"
2022;"97441";"8800395";"pyrimicarbe";"23103-98-2";"1";"CMR";"";"Non"
2022;"97441";"8800841";"difenoconazole";"119446-68-3";"0.500";"Env A";"";"Non"
2022;"97441";"8900564";"tau-fluvalinate";"102851-06-9";"0.24";"Env A";"";"Non"
2022;"97441";"8900681";"pendimethaline";"40487-42-1";"482.4";"Env A";"Substitution";"Non"
2022;"97441";"9100296";"2,4-d";"94-75-7";"1416";"Env B";"";"Non"
2022;"97441";"9400052";"clethodime";"99129-21-2";"0.48";"Env B";"";"Non"
2022;"97441";"9700332";"azoxystrobine";"131860-33-8";"4.75";"Santé A";"";"Non"
2022;"97441";"9700401";"cuivre de l'hydroxyde de cuivre";"20427-59-2";"3.5";"Santé A";"Substitution";"Non"
2022;"97441";"9800182";"s-metolachlore";"87392-12-9";"211.2";"Env A";"";"Non"
2022;"97441";"9800219";"ethephon";"16672-87-0";"4.8";"Santé A";"";"Non"
2022;"97441";"9800336";"lambda-cyhalothrine";"91465-08-6";"1.35";"Santé A";"Substitution";"Non"
2022;"97441";"9900037";"trifloxystrobine";"141517-21-7";"0.75";"Env A";"";"Non"
2022;"97441";"9900047";"mesotrione";"104206-82-8";"22.5";"CMR";"";"Non"
2022;"97441";"9900257";"cuivre du sulfate de cuivre";"8011-63-0";"0.56";"Env A";"Substitution";"Non"
2022;"97442";"2000044";"fluazifop-p-butyl";"79241-46-6";"0.125";"CMR";"";"Non"
2022;"97442";"2000125";"cuivre du sulfate de cuivre";"8011-63-0";"0.24";"Env A";"Substitution";"Non"
2022;"97442";"2000519";"2,4-d";"94-75-7";"12";"Env B";"";"Non"
2022;"97442";"2010023";"deltamethrine";"52918-63-5";"0.015";"Santé A";"";"Non"
2022;"97442";"2010282";"cypermethrine";"52315-07-8";"0.2";"Env A";"";"Non"
2022;"97442";"2030404";"pendimethaline";"40487-42-1";"56";"Env A";"Substitution";"Non"
2022;"97442";"2060088";"benoxacor";"98730-04-2";"9.9";"Autre";"";"Non"
2022;"97442";"2060088";"mesotrione";"104206-82-8";"19.8";"CMR";"";"Non"
2022;"97442";"2060088";"s-metolachlore";"87392-12-9";"198";"Env A";"";"Non"
2022;"97442";"2060098";"spinosad";"168316-95-8";"0.24";"Env A";"";"Non"
2022;"97442";"2060113";"bifenazate";"149877-41-8";"0.06";"Env A";"";"Non"
2022;"97442";"2080098";"mandipropamide";"374726-62-2";"0.25";"Env A";"";"Non"
2022;"97442";"2090037";"dicamba";"1918-00-9";"0.5";"Env B";"";"Non"
2022;"97442";"2090037";"prosulfuron";"94125-34-5";"0.05";"Env A";"Substitution";"Non"
2022;"97442";"2090093";"glyphosate";"1071-83-6";"18";"Env A";"";"Non"
2022;"97442";"2090127";"huile essentielle d'orange douce";"8028-48-6";"0.3";"Env A";"";"Non"
2022;"97442";"2100028";"fluroxypyr";"69377-81-7";"24";"Env B";"";"Non"
2022;"97442";"2100111";"mesotrione";"104206-82-8";"1.125";"CMR";"";"Non"
2022;"97442";"2100111";"nicosulfuron";"111991-09-4";"0.45";"Env A";"";"Non"
2022;"97442";"2100206";"glyphosate";"1071-83-6";"137.7";"Env A";"";"Non"
2022;"97442";"2100231";"emamectine benzoate";"155569-91-8";"0.0285";"Santé A";"";"Non"
2022;"97442";"2110073";"indoxacarbe";"173584-44-6";"0.45";"Santé A";"";"Non"
2022;"97442";"2110101";"pyraflufen-ethyl";"129630-19-9";"0.265";"Env A";"";"Non"
2022;"97442";"2110111";"cyprosulfamide";"221667-31-8";"5.50";"Autre";"";"Non"
2022;"97442";"2110111";"isoxaflutole";"141112-29-0";"5.50";"CMR";"";"Non"
2022;"97442";"2110115";"cypermethrine";"52315-07-8";"0.7";"Env A";"";"Non"
2022;"97442";"2110143";"metribuzine";"21087-64-9";"29.7";"Env A";"";"Non"
2022;"97442";"2120048";"aminopyralid";"150114-71-9";"15.00";"Env A";"";"Non"
2022;"97442";"2120048";"triclopyr";"55335-06-3";"120.00";"Env B";"";"Non"
2022;"97442";"2120143";"glyphosate";"1071-83-6";"9.6";"Env A";"";"Non"
2022;"97442";"2130059";"lambda-cyhalothrine";"91465-08-6";"0.1";"Santé A";"Substitution";"Non"
2022;"97442";"2130253";"2,4-d";"94-75-7";"105.6";"Env B";"";"Non"
2022;"97442";"2130253";"glyphosate";"1071-83-6";"158.4";"Env A";"";"Non"
2022;"97442";"2140165";"metribuzine";"21087-64-9";"18.9";"Env A";"";"Non"
2022;"97442";"2140201";"cyflufenamid";"180409-60-3";"0.015";"Env A";"";"Non"
2022;"97442";"2140201";"difenoconazole";"119446-68-3";"0.125";"Env A";"";"Non"
2022;"97442";"2150140";"glyphosate";"1071-83-6";"208.8";"Env A";"";"Non"
2022;"97442";"2150790";"phosphate ferrique";"10045-86-0";"0.108";"Autre";"";"Non"
2022;"97442";"2160272";"hexythiazox";"78587-05-0";"0.0625";"Env A";"";"Non"
2022;"97442";"2160842";"metribuzine";"21087-64-9";"4.9";"Env A";"";"Non"
2022;"97442";"2190760";"spinosad";"168316-95-8";"0.0022";"Env A";"";"Non"
2022;"97442";"7500716";"cuivre du sulfate de cuivre";"8011-63-0";"2";"Env A";"Substitution";"Non"
2022;"97442";"8400096";"dicamba";"1918-00-9";"1.44";"Env B";"";"Non"
2022;"97442";"8400600";"fluroxypyr-meptyl";"81406-37-3";"12.3926";"Env A";"";"Non"
2022;"97442";"8800841";"difenoconazole";"119446-68-3";"0.125";"Env A";"";"Non"
2022;"97442";"8900681";"pendimethaline";"40487-42-1";"20";"Env A";"Substitution";"Non"
2022;"97442";"9100296";"2,4-d";"94-75-7";"507";"Env B";"";"Non"
2022;"97442";"9800144";"indoxacarbe";"173584-44-6";"0.189";"Santé A";"";"Non"
2022;"97442";"9900047";"mesotrione";"104206-82-8";"0.5";"CMR";"";"Non"
2022;"97450";"2000018";"soufre pour pulverisation (micronise)";"7704-34-9";"16";"Autre";"";"Non"
2022;"97450";"2000044";"fluazifop-p-butyl";"79241-46-6";"3.125";"CMR";"";"Non"
2022;"97450";"2000125";"cuivre du sulfate de cuivre";"8011-63-0";"23";"Env A";"Substitution";"Non"
2022;"97450";"2000202";"glyphosate";"1071-83-6";"14.4";"Env A";"";"Non"
2022;"97450";"2000316";"esfenvalerate";"66230-04-4";"0.05";"Santé A";"Substitution";"Non"
2022;"97450";"2010023";"deltamethrine";"52918-63-5";"0.510";"Santé A";"";"Non"
2022;"97450";"2010282";"cypermethrine";"52315-07-8";"4.3";"Env A";"";"Non"
2022;"97450";"2030404";"pendimethaline";"40487-42-1";"16";"Env A";"Substitution";"Non"
2022;"97450";"2050046";"flonicamide";"158062-67-0";"0.75";"Autre";"";"Non"
2022;"97450";"2060050";"metrafenone";"220899-03-6";"4";"Env A";"";"Non"
2022;"97450";"2060084";"boscalid";"188425-85-6";"6.942";"Env A";"";"Non"
2022;"97450";"2060084";"pyraclostrobine";"175013-18-0";"1.742";"Santé A";"";"Non"
2022;"97450";"2060085";"boscalid";"188425-85-6";"2.6";"Env A";"";"Non"
2022;"97450";"2060085";"kresoxim-methyl";"143390-89-0";"1.3";"CMR";"";"Non"
2022;"97450";"2060088";"benoxacor";"98730-04-2";"3.2";"Autre";"";"Non"
2022;"97450";"2060088";"mesotrione";"104206-82-8";"6.4";"CMR";"";"Non"
2022;"97450";"2060088";"s-metolachlore";"87392-12-9";"64";"Env A";"";"Non"
2022;"97450";"2060098";"spinosad";"168316-95-8";"8.544";"Env A";"";"Non"
2022;"97450";"2060113";"bifenazate";"149877-41-8";"0.66";"Env A";"";"Non"
2022;"97450";"2060130";"spinosad";"168316-95-8";"0.00864";"Env A";"";"Non"
2022;"97450";"2060194";"tefluthrine";"79538-32-2";"0.18";"Santé A";"";"Non"
2022;"97450";"2080060";"pyriproxyfene";"95737-68-1";"0.4";"Env A";"";"Non"
2022;"97450";"2080098";"mandipropamide";"374726-62-2";"0.75";"Env A";"";"Non"
2022;"97450";"2080102";"azoxystrobine";"131860-33-8";"4";"Santé A";"";"Non"
2022;"97450";"2080102";"difenoconazole";"119446-68-3";"2.500";"Env A";"";"Non"
2022;"97450";"2080129";"meptyldinocap";"131-72-6";"2.1";"Env A";"";"Non"
2022;"97450";"2080136";"pyridate";"55512-33-9";"0.45";"Env A";"";"Non"
2022;"97450";"2090063";"tebuconazole";"107534-96-3";"2.4";"CMR";"";"Non"
2022;"97450";"2090063";"trifloxystrobine";"141517-21-7";"1.2";"Env A";"";"Non"
2022;"97450";"2090127";"huile essentielle d'orange douce";"8028-48-6";"1.8";"Env A";"";"Non"
2022;"97450";"2090136";"fluopicolide";"239110-15-7";"0.625";"Env A";"";"Non"
2022;"97450";"2090136";"propamocarbe hcl";"25606-41-1";"6.25";"Autre";"";"Non"
2022;"97450";"2090199";"huile de colza";"8002-13-9";"15.6807";"Autre";"";"Non"
2022;"97450";"2090199";"pyrethrines";"8003-34-7";"0.08721";"Env A";"";"Non"
2022;"97450";"2100026";"cypermethrine";"52315-07-8";"9.5";"Env A";"";"Non"
2022;"97450";"2100028";"fluroxypyr";"69377-81-7";"2";"Env B";"";"Non"
2022;"97450";"2100122";"chlorantraniliprole";"500008-45-7";"1.785";"Env A";"";"Non"
2022;"97450";"2100206";"glyphosate";"1071-83-6";"21.6";"Env A";"";"Non"
2022;"97450";"2100231";"emamectine benzoate";"155569-91-8";"0.0380";"Santé A";"";"Non"
2022;"97450";"2110012";"cyazofamide";"120116-88-3";"2.56";"Env A";"";"Non"
2022;"97450";"2110086";"spirotetramat";"203313-25-1";"2.8";"CMR";"";"Non"
2022;"97450";"2110101";"pyraflufen-ethyl";"129630-19-9";"1.4575";"Env A";"";"Non"
2022;"97450";"2110111";"cyprosulfamide";"221667-31-8";"0.88";"Autre";"";"Non"
2022;"97450";"2110111";"isoxaflutole";"141112-29-0";"0.88";"CMR";"";"Non"
2022;"97450";"2110115";"cypermethrine";"52315-07-8";"7.8";"Env A";"";"Non"
2022;"97450";"2110141";"dimethomorphe";"110488-70-5";"0.36";"Env A";"Exclusion";"Non"
2022;"97450";"2110141";"pyraclostrobine";"175013-18-0";"0.2";"Santé A";"";"Non"
2022;"97450";"2110143";"metribuzine";"21087-64-9";"3.6";"Env A";"";"Non"
2022;"97450";"2110150";"huile de colza";"8002-13-9";"16.4724";"Autre";"";"Non"
2022;"97450";"2110180";"cuivre de l'oxyde cuivreux";"1317-39-1";"1.05";"Env A";"Substitution";"Non"
2022;"97450";"2120048";"aminopyralid";"150114-71-9";"1.38";"Env A";"";"Non"
2022;"97450";"2120048";"triclopyr";"55335-06-3";"11.04";"Env B";"";"Non"
2022;"97450";"2120067";"cymoxanil";"57966-95-7";"4.05";"CMR";"";"Non"
2022;"97450";"2120143";"glyphosate";"1071-83-6";"19.2";"Env A";"";"Non"
2022;"97450";"2120209";"cymoxanil";"57966-95-7";"1.25";"CMR";"";"Non"
2022;"97450";"2120209";"fluazinam";"79622-59-6";"1.875";"CMR";"";"Non"
2022;"97450";"2130059";"lambda-cyhalothrine";"91465-08-6";"0.2";"Santé A";"Substitution";"Non"
2022;"97450";"2130075";"metaldehyde";"108-62-3";"0.8";"CMR";"";"Non"
2022;"97450";"2130152";"fluopyram";"658066-35-4";"2";"Env A";"";"Non"
2022;"97450";"2130152";"trifloxystrobine";"141517-21-7";"2";"Env A";"";"Non"
2022;"97450";"2130153";"acide acetique";"64-19-7";"0.918";"Autre";"";"Non"
2022;"97450";"2130212";"phosmet";"732-11-6";"5";"CMR";"";"Non"
2022;"97450";"2130244";"difenoconazole";"119446-68-3";"3.75";"Env A";"";"Non"
2022;"97450";"2130244";"mandipropamide";"374726-62-2";"3.75";"Env A";"";"Non"
2022;"97450";"2130251";"lambda-cyhalothrine";"91465-08-6";"0.2";"Santé A";"Substitution";"Non"
2022;"97450";"2130253";"2,4-d";"94-75-7";"79.2";"Env B";"";"Non"
2022;"97450";"2130253";"glyphosate";"1071-83-6";"118.8";"Env A";"";"Non"
2022;"97450";"2140085";"abamectine";"71751-41-2";"1.530";"CMR";"";"Non"
2022;"97450";"2140121";"acide pelargonique";"112-05-0";"71.76406";"Autre";"";"Non"
2022;"97450";"2140147";"deltamethrine";"52918-63-5";"0.03";"Santé A";"";"Non"
2022;"97450";"2140165";"metribuzine";"21087-64-9";"10.5";"Env A";"";"Non"
2022;"97450";"2140167";"acide decanoique";"334-48-5";"0.011994";"Env B";"";"Non"
2022;"97450";"2140167";"acide octanoique";"124-07-2";"0.017991";"Env B";"";"Non"
2022;"97450";"2140179";"amisulbrom";"348635-87-0";"1";"CMR";"";"Non"
2022;"97450";"2140201";"cyflufenamid";"180409-60-3";"0.615";"Env A";"";"Non"
2022;"97450";"2140201";"difenoconazole";"119446-68-3";"5.125";"Env A";"";"Non"
2022;"97450";"2150140";"glyphosate";"1071-83-6";"259.2";"Env A";"";"Non"
2022;"97450";"2150417";"bacillus thuringiensis ssp kurstaki souche abts-351";"68038-71-1";"1.057439";"Autre";"";"Non"
2022;"97450";"2150790";"phosphate ferrique";"10045-86-0";"7.4715";"Autre";"";"Non"
2022;"97450";"2150919";"abamectine";"71751-41-2";"0.144";"CMR";"";"Non"
2022;"97450";"2160115";"acide pelargonique";"112-05-0";"0.9297";"Autre";"";"Non"
2022;"97450";"2160226";"phosphate ferrique";"10045-86-0";"0.121";"Autre";"";"Non"
2022;"97450";"2160272";"hexythiazox";"78587-05-0";"0.5625";"Env A";"";"Non"
2022;"97450";"2160494";"bacillus thuringiensis ssp kurstaki souche eg 2348";"68038-71-1";"0.75";"Autre";"";"Non"
2022;"97450";"2160527";"sels de potassium d'acides gras";"10124-65-9";"3.3586";"Autre";"";"Non"
2022;"97450";"2160608";"huile de colza";"8002-13-9";"0.8253";"Autre";"";"Non"
2022;"97450";"2160608";"pyrethrines";"8003-34-7";"0.00459";"Env A";"";"Non"
2022;"97450";"2160962";"fluxapyroxad";"907204-31-3";"0.3";"Santé A";"";"Non"
2022;"97450";"2180670";"cuivre de l'hydroxyde de cuivre";"20427-59-2";"2.8";"Santé A";"Substitution";"Non"
2022;"97450";"2180670";"cuivre de l'oxychlorure de cuivre";"1332-65-6";"2.8";"Santé A";"Substitution";"Non"
2022;"97450";"2180735";"spinetoram";"935545-74-7";"0.25";"CMR";"";"Non"
2022;"97450";"2190148";"difenoconazole";"119446-68-3";"0.05";"Env A";"";"Non"
2022;"97450";"2190148";"fluxapyroxad";"907204-31-3";"0.075";"Santé A";"";"Non"
2022;"97450";"2190760";"spinosad";"168316-95-8";"0.0234";"Env A";"";"Non"
2022;"97450";"2199998";"cyantraniliprole";"736994-63-1";"0.2";"Env A";"";"Non"
2022;"97450";"2200059";"huile essentielle d'orange douce";"8028-48-6";"0.198";"Env A";"";"Non"
2022;"97450";"2210895";"huile essentielle d'orange douce";"8028-48-6";"0.4026";"Env A";"";"Non"
2022;"97450";"7500716";"cuivre du sulfate de cuivre";"8011-63-0";"6";"Env A";"Substitution";"Non"
2022;"97450";"7600008";"bupirimate";"41483-43-6";"0.25";"CMR";"";"Non"
2022;"97450";"8300025";"penconazole";"66246-88-6";"1.9";"CMR";"";"Non"
2022;"97450";"8400096";"dicamba";"1918-00-9";"2.88";"Env B";"";"Non"
2022;"97450";"8400600";"fluroxypyr-meptyl";"81406-37-3";"16.1392";"Env A";"";"Non"
2022;"97450";"8500174";"abamectine";"71751-41-2";"1.548";"CMR";"";"Non"
2022;"97450";"8600243";"aclonifen";"74070-46-5";"42";"CMR";"";"Non"
2022;"97450";"8800395";"lambda-cyhalothrine";"91465-08-6";"0.075";"Santé A";"Substitution";"Non"
2022;"97450";"8800395";"pyrimicarbe";"23103-98-2";"1.5";"CMR";"";"Non"
2022;"97450";"8800841";"difenoconazole";"119446-68-3";"7.50";"Env A";"";"Non"
2022;"97450";"8900564";"tau-fluvalinate";"102851-06-9";"0.72";"Env A";"";"Non"
2022;"97450";"8900681";"pendimethaline";"40487-42-1";"46";"Env A";"Substitution";"Non"
2022;"97450";"9000361";"goudrons de pin";"8011-48-1";"13.6";"Autre";"";"Non"
2022;"97450";"9100296";"2,4-d";"94-75-7";"210";"Env B";"";"Non"
2022;"97450";"9200215";"cymoxanil";"57966-95-7";"3.60";"CMR";"";"Non"
2022;"97450";"9200215";"metirame";"9006-42-2";"42.750";"Env A";"";"Non"
2022;"97450";"9300504";"huile de vaseline";"8042-47-5";"4.085";"Autre";"";"Non"
2022;"97450";"9500432";"acrinathrine";"101007-06-1";"0.15";"CMR";"";"Non"
2022;"97450";"9500568";"cyprodinyl";"121552-61-2";"3.75";"Env A";"";"Non"
2022;"97450";"9500568";"fludioxonil";"131341-86-1";"2.5";"Env A";"";"Non"
2022;"97450";"9500628";"bentazone";"25057-89-0";"5.22";"Env B";"";"Non"
2022;"97450";"9700332";"azoxystrobine";"131860-33-8";"11.75";"Santé A";"";"Non"
2022;"97450";"9800144";"indoxacarbe";"173584-44-6";"0.3";"Santé A";"";"Non"
2022;"97450";"9800182";"s-metolachlore";"87392-12-9";"9.6";"Env A";"";"Non"
2022;"97450";"9800219";"ethephon";"16672-87-0";"1.8";"Santé A";"";"Non"
2022;"97450";"9800244";"fenhexamid";"126833-17-8";"3";"Env A";"";"Non"
2022;"97450";"9800336";"lambda-cyhalothrine";"91465-08-6";"4.075";"Santé A";"Substitution";"Non"
2022;"97450";"9800484";"etoxazole";"153233-91-1";"0.11";"Env A";"Substitution";"Non"
2022;"97450";"9900037";"trifloxystrobine";"141517-21-7";"0.250";"Env A";"";"Non"
2022;"97450";"9900227";"cuivre de l'hydroxyde de cuivre";"20427-59-2";"12";"Santé A";"Substitution";"Non"
2022;"97450";"9900257";"cuivre du sulfate de cuivre";"8011-63-0";"7.36";"Env A";"Substitution";"Non"
2022;"97460";"2000044";"fluazifop-p-butyl";"79241-46-6";"0.125";"CMR";"";"Non"
2022;"97460";"2000125";"cuivre du sulfate de cuivre";"8011-63-0";"19.38";"Env A";"Substitution";"Non"
2022;"97460";"2000316";"esfenvalerate";"66230-04-4";"0.45";"Santé A";"Substitution";"Non"
2022;"97460";"2000519";"2,4-d";"94-75-7";"36";"Env B";"";"Non"
2022;"97460";"2010023";"deltamethrine";"52918-63-5";"0.855";"Santé A";"";"Non"
2022;"97460";"2010282";"cypermethrine";"52315-07-8";"0.5";"Env A";"";"Non"
2022;"97460";"2020241";"bacillus thuringiensis ssp aizawai souche abts-1857";"68038-71-1";"0.54";"Autre";"";"Non"
2022;"97460";"2030404";"pendimethaline";"40487-42-1";"80";"Env A";"Substitution";"Non"
2022;"97460";"2060002";"difenoconazole";"119446-68-3";"0.75";"Env A";"";"Non"
2022;"97460";"2060084";"boscalid";"188425-85-6";"4.005";"Env A";"";"Non"
2022;"97460";"2060084";"pyraclostrobine";"175013-18-0";"1.005";"Santé A";"";"Non"
2022;"97460";"2060088";"benoxacor";"98730-04-2";"14.1";"Autre";"";"Non"
2022;"97460";"2060088";"mesotrione";"104206-82-8";"28.2";"CMR";"";"Non"
2022;"97460";"2060088";"s-metolachlore";"87392-12-9";"282";"Env A";"";"Non"
2022;"97460";"2060098";"spinosad";"168316-95-8";"2.880";"Env A";"";"Non"
2022;"97460";"2060113";"bifenazate";"149877-41-8";"0.36";"Env A";"";"Non"
2022;"97460";"2080060";"pyriproxyfene";"95737-68-1";"0.1";"Env A";"";"Non"
2022;"97460";"2080098";"mandipropamide";"374726-62-2";"0.5";"Env A";"";"Non"
2022;"97460";"2080102";"azoxystrobine";"131860-33-8";"3";"Santé A";"";"Non"
2022;"97460";"2080102";"difenoconazole";"119446-68-3";"1.875";"Env A";"";"Non"
2022;"97460";"2090063";"tebuconazole";"107534-96-3";"2.5";"CMR";"";"Non"
2022;"97460";"2090063";"trifloxystrobine";"141517-21-7";"1.25";"Env A";"";"Non"
2022;"97460";"2090199";"huile de colza";"8002-13-9";"0.206325";"Autre";"";"Non"
2022;"97460";"2090199";"pyrethrines";"8003-34-7";"0.001148";"Env A";"";"Non"
2022;"97460";"2100026";"cypermethrine";"52315-07-8";"13.0";"Env A";"";"Non"
2022;"97460";"2100028";"fluroxypyr";"69377-81-7";"13";"Env B";"";"Non"
2022;"97460";"2100122";"chlorantraniliprole";"500008-45-7";"0.945";"Env A";"";"Non"
2022;"97460";"2100231";"emamectine benzoate";"155569-91-8";"0.1710";"Santé A";"";"Non"
2022;"97460";"2110073";"indoxacarbe";"173584-44-6";"0.15";"Santé A";"";"Non"
2022;"97460";"2110086";"spirotetramat";"203313-25-1";"0.2";"CMR";"";"Non"
2022;"97460";"2110101";"pyraflufen-ethyl";"129630-19-9";"0.6095";"Env A";"";"Non"
2022;"97460";"2110111";"cyprosulfamide";"221667-31-8";"5.72";"Autre";"";"Non"
2022;"97460";"2110111";"isoxaflutole";"141112-29-0";"5.72";"CMR";"";"Non"
2022;"97460";"2110115";"cypermethrine";"52315-07-8";"3.9";"Env A";"";"Non"
2022;"97460";"2110143";"metribuzine";"21087-64-9";"12.6";"Env A";"";"Non"
2022;"97460";"2110150";"huile de colza";"8002-13-9";"13.6752";"Autre";"";"Non"
2022;"97460";"2110180";"cuivre de l'oxyde cuivreux";"1317-39-1";"0.3375";"Env A";"Substitution";"Non"
2022;"97460";"2120048";"aminopyralid";"150114-71-9";"2.22";"Env A";"";"Non"
2022;"97460";"2120048";"triclopyr";"55335-06-3";"17.76";"Env B";"";"Non"
2022;"97460";"2120143";"glyphosate";"1071-83-6";"9.6";"Env A";"";"Non"
2022;"97460";"2130059";"lambda-cyhalothrine";"91465-08-6";"0.4";"Santé A";"Substitution";"Non"
2022;"97460";"2130153";"acide acetique";"64-19-7";"0.756";"Autre";"";"Non"
2022;"97460";"2130253";"2,4-d";"94-75-7";"12.0";"Env B";"";"Non"
2022;"97460";"2130253";"glyphosate";"1071-83-6";"18.0";"Env A";"";"Non"
2022;"97460";"2140085";"abamectine";"71751-41-2";"0.630";"CMR";"";"Non"
2022;"97460";"2140121";"acide pelargonique";"112-05-0";"33.177068";"Autre";"";"Non"
2022;"97460";"2140147";"deltamethrine";"52918-63-5";"0.015";"Santé A";"";"Non"
2022;"97460";"2140165";"metribuzine";"21087-64-9";"78.4";"Env A";"";"Non"
2022;"97460";"2140201";"cyflufenamid";"180409-60-3";"0.195";"Env A";"";"Non"
2022;"97460";"2140201";"difenoconazole";"119446-68-3";"1.625";"Env A";"";"Non"
2022;"97460";"2150140";"glyphosate";"1071-83-6";"160.2";"Env A";"";"Non"
2022;"97460";"2150417";"bacillus thuringiensis ssp kurstaki souche abts-351";"68038-71-1";"1.279654";"Autre";"";"Non"
2022;"97460";"2150790";"phosphate ferrique";"10045-86-0";"6.386";"Autre";"";"Non"
2022;"97460";"2150919";"abamectine";"71751-41-2";"1.872";"CMR";"";"Non"
2022;"97460";"2160226";"phosphate ferrique";"10045-86-0";"0.605";"Autre";"";"Non"
2022;"97460";"2160272";"hexythiazox";"78587-05-0";"0.1875";"Env A";"";"Non"
2022;"97460";"2160842";"metribuzine";"21087-64-9";"15.4";"Env A";"";"Non"
2022;"97460";"2180735";"spinetoram";"935545-74-7";"0.375";"CMR";"";"Non"
2022;"97460";"2190148";"difenoconazole";"119446-68-3";"0.1";"Env A";"";"Non"
2022;"97460";"2190148";"fluxapyroxad";"907204-31-3";"0.15";"Santé A";"";"Non"
2022;"97460";"2190760";"spinosad";"168316-95-8";"0.0186";"Env A";"";"Non"
2022;"97460";"2210895";"huile essentielle d'orange douce";"8028-48-6";"0.33245";"Env A";"";"Non"
2022;"97460";"7500716";"cuivre du sulfate de cuivre";"8011-63-0";"29";"Env A";"Substitution";"Non"
2022;"97460";"7600008";"bupirimate";"41483-43-6";"1.00";"CMR";"";"Non"
2022;"97460";"8300025";"penconazole";"66246-88-6";"0.1";"CMR";"";"Non"
2022;"97460";"8400528";"isoxaben";"82558-50-7";"0.25";"Env B";"";"Non"
2022;"97460";"8400600";"fluroxypyr-meptyl";"81406-37-3";"25.9380";"Env A";"";"Non"
2022;"97460";"8500174";"abamectine";"71751-41-2";"0.144";"CMR";"";"Non"
2022;"97460";"8700462";"prosulfocarbe";"52888-80-9";"8";"Env A";"";"Non"
2022;"97460";"8800029";"phenmediphame";"13684-63-4";"0.8";"Env A";"";"Non"
2022;"97460";"8800395";"lambda-cyhalothrine";"91465-08-6";"0.025";"Santé A";"Substitution";"Non"
2022;"97460";"8800395";"pyrimicarbe";"23103-98-2";"0.5";"CMR";"";"Non"
2022;"97460";"8800841";"difenoconazole";"119446-68-3";"0.500";"Env A";"";"Non"
2022;"97460";"8900564";"tau-fluvalinate";"102851-06-9";"0.48";"Env A";"";"Non"
2022;"97460";"8900681";"pendimethaline";"40487-42-1";"40";"Env A";"Substitution";"Non"
2022;"97460";"9000361";"goudrons de pin";"8011-48-1";"8.8";"Autre";"";"Non"
2022;"97460";"9100296";"2,4-d";"94-75-7";"240";"Env B";"";"Non"
2022;"97460";"9200159";"pyrimethanil";"53112-28-0";"0.4";"Env A";"";"Non"
2022;"97460";"9500568";"cyprodinyl";"121552-61-2";"0.375";"Env A";"";"Non"
2022;"97460";"9500568";"fludioxonil";"131341-86-1";"0.25";"Env A";"";"Non"
2022;"97460";"9700332";"azoxystrobine";"131860-33-8";"6.50";"Santé A";"";"Non"
2022;"97460";"9800144";"indoxacarbe";"173584-44-6";"0.228";"Santé A";"";"Non"
2022;"97460";"9800182";"s-metolachlore";"87392-12-9";"4.8";"Env A";"";"Non"
2022;"97460";"9800336";"lambda-cyhalothrine";"91465-08-6";"3.15";"Santé A";"Substitution";"Non"
2022;"97460";"9800474";"cuivre du sulfate de cuivre";"8011-63-0";"9";"Env A";"Substitution";"Non"
2022;"97460";"9800484";"etoxazole";"153233-91-1";"0.33";"Env A";"Substitution";"Non"
2022;"97460";"9900047";"mesotrione";"104206-82-8";"3";"CMR";"";"Non"
2022;"97460";"9900257";"cuivre du sulfate de cuivre";"8011-63-0";"6.88";"Env A";"Substitution";"Non"
2022;"97470";"2000044";"fluazifop-p-butyl";"79241-46-6";"6.125";"CMR";"";"Non"
2022;"97470";"2000202";"glyphosate";"1071-83-6";"57.6";"Env A";"";"Non"
2022;"97470";"2000327";"carfentrazone ethyl";"128639-02-1";"0.18";"Env A";"";"Non"
2022;"97470";"2000519";"2,4-d";"94-75-7";"120";"Env B";"";"Non"
2022;"97470";"2010023";"deltamethrine";"52918-63-5";"0.210";"Santé A";"";"Non"
2022;"97470";"2010130";"cuivre de l'oxyde cuivreux";"1317-39-1";"97.5";"Env A";"Substitution";"Non"
2022;"97470";"2010282";"cypermethrine";"52315-07-8";"7.5";"Env A";"";"Non"
2022;"97470";"2030404";"pendimethaline";"40487-42-1";"64";"Env A";"Substitution";"Non"
2022;"97470";"2060084";"boscalid";"188425-85-6";"1.869";"Env A";"";"Non"
2022;"97470";"2060084";"pyraclostrobine";"175013-18-0";"0.469";"Santé A";"";"Non"
2022;"97470";"2060088";"benoxacor";"98730-04-2";"28.6";"Autre";"";"Non"
2022;"97470";"2060088";"mesotrione";"104206-82-8";"57.2";"CMR";"";"Non"
2022;"97470";"2060088";"s-metolachlore";"87392-12-9";"572";"Env A";"";"Non"
2022;"97470";"2060098";"spinosad";"168316-95-8";"1.440";"Env A";"";"Non"
2022;"97470";"2060130";"spinosad";"168316-95-8";"0.00024";"Env A";"";"Non"
2022;"97470";"2080060";"pyriproxyfene";"95737-68-1";"0.3";"Env A";"";"Non"
2022;"97470";"2090037";"dicamba";"1918-00-9";"5.0";"Env B";"";"Non"
2022;"97470";"2090037";"prosulfuron";"94125-34-5";"0.50";"Env A";"Substitution";"Non"
2022;"97470";"2090093";"glyphosate";"1071-83-6";"9";"Env A";"";"Non"
2022;"97470";"2090119";"cuivre du sulfate tribasique";"12527-76-3";"1.9";"Env A";"Substitution";"Non"
2022;"97470";"2090127";"huile essentielle d'orange douce";"8028-48-6";"0.3";"Env A";"";"Non"
2022;"97470";"2100026";"cypermethrine";"52315-07-8";"29.5";"Env A";"";"Non"
2022;"97470";"2100028";"fluroxypyr";"69377-81-7";"14";"Env B";"";"Non"
2022;"97470";"2100111";"mesotrione";"104206-82-8";"1.500";"CMR";"";"Non"
2022;"97470";"2100111";"nicosulfuron";"111991-09-4";"0.60";"Env A";"";"Non"
2022;"97470";"2100122";"chlorantraniliprole";"500008-45-7";"0.105";"Env A";"";"Non"
2022;"97470";"2100206";"glyphosate";"1071-83-6";"164.7";"Env A";"";"Non"
2022;"97470";"2110086";"spirotetramat";"203313-25-1";"1.4";"CMR";"";"Non"
2022;"97470";"2110101";"pyraflufen-ethyl";"129630-19-9";"0.53";"Env A";"";"Non"
2022;"97470";"2110111";"cyprosulfamide";"221667-31-8";"9.24";"Autre";"";"Non"
2022;"97470";"2110111";"isoxaflutole";"141112-29-0";"9.24";"CMR";"";"Non"
2022;"97470";"2110115";"cypermethrine";"52315-07-8";"3.8";"Env A";"";"Non"
2022;"97470";"2110143";"metribuzine";"21087-64-9";"113.4";"Env A";"";"Non"
2022;"97470";"2120048";"aminopyralid";"150114-71-9";"15.00";"Env A";"";"Non"
2022;"97470";"2120048";"triclopyr";"55335-06-3";"120.00";"Env B";"";"Non"
2022;"97470";"2120143";"glyphosate";"1071-83-6";"172.8";"Env A";"";"Non"
2022;"97470";"2130075";"metaldehyde";"108-62-3";"0.2";"CMR";"";"Non"
2022;"97470";"2130253";"2,4-d";"94-75-7";"38.4";"Env B";"";"Non"
2022;"97470";"2130253";"glyphosate";"1071-83-6";"57.6";"Env A";"";"Non"
2022;"97470";"2140085";"abamectine";"71751-41-2";"0.216";"CMR";"";"Non"
2022;"97470";"2140121";"acide pelargonique";"112-05-0";"0.216207";"Autre";"";"Non"
2022;"97470";"2140165";"metribuzine";"21087-64-9";"77.7";"Env A";"";"Non"
2022;"97470";"2140201";"cyflufenamid";"180409-60-3";"0.015";"Env A";"";"Non"
2022;"97470";"2140201";"difenoconazole";"119446-68-3";"0.125";"Env A";"";"Non"
2022;"97470";"2150140";"glyphosate";"1071-83-6";"347.4";"Env A";"";"Non"
2022;"97470";"2150417";"bacillus thuringiensis ssp kurstaki souche abts-351";"68038-71-1";"0.022988";"Autre";"";"Non"
2022;"97470";"2150790";"phosphate ferrique";"10045-86-0";"0.093";"Autre";"";"Non"
2022;"97470";"2150919";"abamectine";"71751-41-2";"0.162";"CMR";"";"Non"
2022;"97470";"2160842";"metribuzine";"21087-64-9";"56.7";"Env A";"";"Non"
2022;"97470";"7500716";"cuivre du sulfate de cuivre";"8011-63-0";"13";"Env A";"Substitution";"Non"
2022;"97470";"7600008";"bupirimate";"41483-43-6";"0.75";"CMR";"";"Non"
2022;"97470";"8400096";"dicamba";"1918-00-9";"1.92";"Env B";"";"Non"
2022;"97470";"8400600";"fluroxypyr-meptyl";"81406-37-3";"44.0946";"Env A";"";"Non"
2022;"97470";"8500174";"abamectine";"71751-41-2";"0.036";"CMR";"";"Non"
2022;"97470";"8800841";"difenoconazole";"119446-68-3";"0.125";"Env A";"";"Non"
2022;"97470";"8900681";"pendimethaline";"40487-42-1";"248";"Env A";"Substitution";"Non"
2022;"97470";"9100296";"2,4-d";"94-75-7";"780";"Env B";"";"Non"
2022;"97470";"9500432";"acrinathrine";"101007-06-1";"0.075";"CMR";"";"Non"
2022;"97470";"9500568";"cyprodinyl";"121552-61-2";"0.375";"Env A";"";"Non"
2022;"97470";"9500568";"fludioxonil";"131341-86-1";"0.25";"Env A";"";"Non"
2022;"97470";"9500628";"bentazone";"25057-89-0";"5.22";"Env B";"";"Non"
2022;"97470";"9700332";"azoxystrobine";"131860-33-8";"4.25";"Santé A";"";"Non"
2022;"97470";"9800182";"s-metolachlore";"87392-12-9";"72.0";"Env A";"";"Non"
2022;"97470";"9800219";"ethephon";"16672-87-0";"2.4";"Santé A";"";"Non"
2022;"97470";"9800336";"lambda-cyhalothrine";"91465-08-6";"0.025";"Santé A";"Substitution";"Non"
2022;"97470";"9900037";"trifloxystrobine";"141517-21-7";"0.375";"Env A";"";"Non"
2022;"97470";"9900047";"mesotrione";"104206-82-8";"31.5";"CMR";"";"Non"
2022;"97480";"2000044";"fluazifop-p-butyl";"79241-46-6";"5.250";"CMR";"";"Non"
2022;"97480";"2000125";"cuivre du sulfate de cuivre";"8011-63-0";"22.18";"Env A";"Substitution";"Non"
2022;"97480";"2000202";"glyphosate";"1071-83-6";"124.56";"Env A";"";"Non"
2022;"97480";"2000327";"carfentrazone ethyl";"128639-02-1";"0.24";"Env A";"";"Non"
2022;"97480";"2000517";"cuivre de l'hydroxyde de cuivre";"20427-59-2";"3.6";"Santé A";"Substitution";"Non"
2022;"97480";"2010023";"deltamethrine";"52918-63-5";"0.150";"Santé A";"";"Non"
2022;"97480";"2010282";"cypermethrine";"52315-07-8";"3.5";"Env A";"";"Non"
2022;"97480";"2030255";"tebuconazole";"107534-96-3";"1.25";"CMR";"";"Non"
2022;"97480";"2030404";"pendimethaline";"40487-42-1";"144";"Env A";"Substitution";"Non"
2022;"97480";"2050046";"flonicamide";"158062-67-0";"0.25";"Autre";"";"Non"
2022;"97480";"2060002";"difenoconazole";"119446-68-3";"3";"Env A";"";"Non"
2022;"97480";"2060050";"metrafenone";"220899-03-6";"0.5";"Env A";"";"Non"
2022;"97480";"2060084";"boscalid";"188425-85-6";"3.204";"Env A";"";"Non"
2022;"97480";"2060084";"pyraclostrobine";"175013-18-0";"0.804";"Santé A";"";"Non"
2022;"97480";"2060088";"benoxacor";"98730-04-2";"30.1";"Autre";"";"Non"
2022;"97480";"2060088";"mesotrione";"104206-82-8";"60.2";"CMR";"";"Non"
2022;"97480";"2060088";"s-metolachlore";"87392-12-9";"602";"Env A";"";"Non"
2022;"97480";"2060098";"spinosad";"168316-95-8";"9.216";"Env A";"";"Non"
2022;"97480";"2060113";"bifenazate";"149877-41-8";"0.48";"Env A";"";"Non"
2022;"97480";"2060194";"tefluthrine";"79538-32-2";"0.18";"Santé A";"";"Non"
2022;"97480";"2080060";"pyriproxyfene";"95737-68-1";"3.0";"Env A";"";"Non"
2022;"97480";"2080098";"mandipropamide";"374726-62-2";"0.75";"Env A";"";"Non"
2022;"97480";"2080102";"azoxystrobine";"131860-33-8";"2.16";"Santé A";"";"Non"
2022;"97480";"2080102";"difenoconazole";"119446-68-3";"1.35";"Env A";"";"Non"
2022;"97480";"2080136";"pyridate";"55512-33-9";"0.45";"Env A";"";"Non"
2022;"97480";"2090037";"dicamba";"1918-00-9";"4.0";"Env B";"";"Non"
2022;"97480";"2090037";"prosulfuron";"94125-34-5";"0.40";"Env A";"Substitution";"Non"
2022;"97480";"2090063";"tebuconazole";"107534-96-3";"4.9";"CMR";"";"Non"
2022;"97480";"2090063";"trifloxystrobine";"141517-21-7";"2.45";"Env A";"";"Non"
2022;"97480";"2090093";"glyphosate";"1071-83-6";"18";"Env A";"";"Non"
2022;"97480";"2090127";"huile essentielle d'orange douce";"8028-48-6";"4.2";"Env A";"";"Non"
2022;"97480";"2090136";"fluopicolide";"239110-15-7";"0.625";"Env A";"";"Non"
2022;"97480";"2090136";"propamocarbe hcl";"25606-41-1";"6.25";"Autre";"";"Non"
2022;"97480";"2090199";"huile de colza";"8002-13-9";"2.88855";"Autre";"";"Non"
2022;"97480";"2090199";"pyrethrines";"8003-34-7";"0.016065";"Env A";"";"Non"
2022;"97480";"2100026";"cypermethrine";"52315-07-8";"12.5";"Env A";"";"Non"
2022;"97480";"2100028";"fluroxypyr";"69377-81-7";"29";"Env B";"";"Non"
2022;"97480";"2100111";"mesotrione";"104206-82-8";"0.45";"CMR";"";"Non"
2022;"97480";"2100111";"nicosulfuron";"111991-09-4";"0.18";"Env A";"";"Non"
2022;"97480";"2100122";"chlorantraniliprole";"500008-45-7";"3.150";"Env A";"";"Non"
2022;"97480";"2100206";"glyphosate";"1071-83-6";"59.4";"Env A";"";"Non"
2022;"97480";"2100231";"emamectine benzoate";"155569-91-8";"0.3895";"Santé A";"";"Non"
2022;"97480";"2110012";"cyazofamide";"120116-88-3";"1.44";"Env A";"";"Non"
2022;"97480";"2110040";"bacillus subtilis souche qst 713";"68038-70-0";"0.04701";"Autre";"";"Non"
2022;"97480";"2110073";"indoxacarbe";"173584-44-6";"0.3375";"Santé A";"";"Non"
2022;"97480";"2110086";"spirotetramat";"203313-25-1";"2.3";"CMR";"";"Non"
2022;"97480";"2110101";"pyraflufen-ethyl";"129630-19-9";"0.53";"Env A";"";"Non"
2022;"97480";"2110111";"cyprosulfamide";"221667-31-8";"7.04";"Autre";"";"Non"
2022;"97480";"2110111";"isoxaflutole";"141112-29-0";"7.04";"CMR";"";"Non"
2022;"97480";"2110115";"cypermethrine";"52315-07-8";"15.7";"Env A";"";"Non"
2022;"97480";"2110143";"metribuzine";"21087-64-9";"71.4";"Env A";"";"Non"
2022;"97480";"2110150";"huile de colza";"8002-13-9";"2.1756";"Autre";"";"Non"
2022;"97480";"2110180";"cuivre de l'oxyde cuivreux";"1317-39-1";"0.2625";"Env A";"Substitution";"Non"
2022;"97480";"2120048";"aminopyralid";"150114-71-9";"21.45";"Env A";"";"Non"
2022;"97480";"2120048";"triclopyr";"55335-06-3";"171.60";"Env B";"";"Non"
2022;"97480";"2120067";"cymoxanil";"57966-95-7";"0.45";"CMR";"";"Non"
2022;"97480";"2120143";"glyphosate";"1071-83-6";"76.8";"Env A";"";"Non"
2022;"97480";"2130059";"lambda-cyhalothrine";"91465-08-6";"0.6";"Santé A";"Substitution";"Non"
2022;"97480";"2130075";"metaldehyde";"108-62-3";"3.2";"CMR";"";"Non"
2022;"97480";"2130115";"deltamethrine";"52918-63-5";"0.000264";"Santé A";"";"Non"
2022;"97480";"2130153";"acide acetique";"64-19-7";"0.27";"Autre";"";"Non"
2022;"97480";"2130244";"difenoconazole";"119446-68-3";"3.75";"Env A";"";"Non"
2022;"97480";"2130244";"mandipropamide";"374726-62-2";"3.75";"Env A";"";"Non"
2022;"97480";"2130253";"2,4-d";"94-75-7";"88.8";"Env B";"";"Non"
2022;"97480";"2130253";"glyphosate";"1071-83-6";"133.2";"Env A";"";"Non"
2022;"97480";"2140085";"abamectine";"71751-41-2";"0.342";"CMR";"";"Non"
2022;"97480";"2140121";"acide pelargonique";"112-05-0";"49.684821";"Autre";"";"Non"
2022;"97480";"2140165";"metribuzine";"21087-64-9";"108.5";"Env A";"";"Non"
2022;"97480";"2140166";"acide decanoique";"334-48-5";"0.023988";"Env B";"";"Non"
2022;"97480";"2140166";"acide octanoique";"124-07-2";"0.035982";"Env B";"";"Non"
2022;"97480";"2140167";"acide decanoique";"334-48-5";"0.071964";"Env B";"";"Non"
2022;"97480";"2140167";"acide octanoique";"124-07-2";"0.107946";"Env B";"";"Non"
2022;"97480";"2140201";"cyflufenamid";"180409-60-3";"0.435";"Env A";"";"Non"
2022;"97480";"2140201";"difenoconazole";"119446-68-3";"3.625";"Env A";"";"Non"
2022;"97480";"2150140";"glyphosate";"1071-83-6";"307.8";"Env A";"";"Non"
2022;"97480";"2150417";"bacillus thuringiensis ssp kurstaki souche abts-351";"68038-71-1";"0.743272";"Autre";"";"Non"
2022;"97480";"2150790";"phosphate ferrique";"10045-86-0";"9.4555";"Autre";"";"Non"
2022;"97480";"2150919";"abamectine";"71751-41-2";"0.468";"CMR";"";"Non"
2022;"97480";"2160115";"acide pelargonique";"112-05-0";"0.74376";"Autre";"";"Non"
2022;"97480";"2160226";"phosphate ferrique";"10045-86-0";"0.121";"Autre";"";"Non"
2022;"97480";"2160272";"hexythiazox";"78587-05-0";"0.3125";"Env A";"";"Non"
2022;"97480";"2160842";"metribuzine";"21087-64-9";"27.3";"Env A";"";"Non"
2022;"97480";"2180735";"spinetoram";"935545-74-7";"0.375";"CMR";"";"Non"
2022;"97480";"2190760";"spinosad";"168316-95-8";"0.0165";"Env A";"";"Non"
2022;"97480";"2199998";"cyantraniliprole";"736994-63-1";"0.6";"Env A";"";"Non"
2022;"97480";"2210895";"huile essentielle d'orange douce";"8028-48-6";"0.3599";"Env A";"";"Non"
2022;"97480";"7500716";"cuivre du sulfate de cuivre";"8011-63-0";"30";"Env A";"Substitution";"Non"
2022;"97480";"8300025";"penconazole";"66246-88-6";"3.9";"CMR";"";"Non"
2022;"97480";"8400096";"dicamba";"1918-00-9";"7.824";"Env B";"";"Non"
2022;"97480";"8400600";"fluroxypyr-meptyl";"81406-37-3";"10.3752";"Env A";"";"Non"
2022;"97480";"8500174";"abamectine";"71751-41-2";"0.8775";"CMR";"";"Non"
2022;"97480";"8600243";"aclonifen";"74070-46-5";"18";"CMR";"";"Non"
2022;"97480";"8700462";"prosulfocarbe";"52888-80-9";"16";"Env A";"";"Non"
2022;"97480";"8800841";"difenoconazole";"119446-68-3";"4.125";"Env A";"";"Non"
2022;"97480";"8900681";"pendimethaline";"40487-42-1";"38";"Env A";"Substitution";"Non"
2022;"97480";"9000361";"goudrons de pin";"8011-48-1";"8.8";"Autre";"";"Non"
2022;"97480";"9100296";"2,4-d";"94-75-7";"960";"Env B";"";"Non"
2022;"97480";"9200159";"pyrimethanil";"53112-28-0";"0.8";"Env A";"";"Non"
2022;"97480";"9200215";"cymoxanil";"57966-95-7";"1.56";"CMR";"";"Non"
2022;"97480";"9200215";"metirame";"9006-42-2";"18.525";"Env A";"";"Non"
2022;"97480";"9500341";"soufre";"7704-34-9";"2.4";"Autre";"";"Non"
2022;"97480";"9500432";"acrinathrine";"101007-06-1";"0.225";"CMR";"";"Non"
2022;"97480";"9500568";"cyprodinyl";"121552-61-2";"1.125";"Env A";"";"Non"
2022;"97480";"9500568";"fludioxonil";"131341-86-1";"0.75";"Env A";"";"Non"
2022;"97480";"9600199";"fosthiazate";"98886-44-3";"4";"Santé A";"";"Non"
2022;"97480";"9700332";"azoxystrobine";"131860-33-8";"5.75";"Santé A";"";"Non"
2022;"97480";"9800144";"indoxacarbe";"173584-44-6";"1.503";"Santé A";"";"Non"
2022;"97480";"9800182";"s-metolachlore";"87392-12-9";"34.56";"Env A";"";"Non"
2022;"97480";"9800219";"ethephon";"16672-87-0";"0.6";"Santé A";"";"Non"
2022;"97480";"9800244";"fenhexamid";"126833-17-8";"0.75";"Env A";"";"Non"
2022;"97480";"9800336";"lambda-cyhalothrine";"91465-08-6";"2.6";"Santé A";"Substitution";"Non"
2022;"97480";"9900037";"trifloxystrobine";"141517-21-7";"2.875";"Env A";"";"Non"
2022;"97480";"9900047";"mesotrione";"104206-82-8";"10.0";"CMR";"";"Non"
2022;"97480";"9900115";"clethodime";"99129-21-2";"0.12";"Env B";"";"Non"
2022;"97480";"9900227";"cuivre de l'hydroxyde de cuivre";"20427-59-2";"4";"Santé A";"Substitution";"Non"
2022;"97480";"9900257";"cuivre du sulfate de cuivre";"8011-63-0";"2.56";"Env A";"Substitution";"Non"
2022;"97490";"2000044";"fluazifop-p-butyl";"79241-46-6";"4.25";"CMR";"";"Non"
2022;"97490";"2000125";"cuivre du sulfate de cuivre";"8011-63-0";"14.92";"Env A";"Substitution";"Non"
2022;"97490";"2000202";"glyphosate";"1071-83-6";"1.8";"Env A";"";"Non"
2022;"97490";"2000327";"carfentrazone ethyl";"128639-02-1";"0.12";"Env A";"";"Non"
2022;"97490";"2000519";"2,4-d";"94-75-7";"36";"Env B";"";"Non"
2022;"97490";"2010023";"deltamethrine";"52918-63-5";"0.840";"Santé A";"";"Non"
2022;"97490";"2010282";"cypermethrine";"52315-07-8";"4.7";"Env A";"";"Non"
2022;"97490";"2030404";"pendimethaline";"40487-42-1";"4";"Env A";"Substitution";"Non"
2022;"97490";"2060084";"boscalid";"188425-85-6";"1.068";"Env A";"";"Non"
2022;"97490";"2060084";"pyraclostrobine";"175013-18-0";"0.268";"Santé A";"";"Non"
2022;"97490";"2060088";"benoxacor";"98730-04-2";"2.1";"Autre";"";"Non"
2022;"97490";"2060088";"mesotrione";"104206-82-8";"4.2";"CMR";"";"Non"
2022;"97490";"2060088";"s-metolachlore";"87392-12-9";"42";"Env A";"";"Non"
2022;"97490";"2060098";"spinosad";"168316-95-8";"0.912";"Env A";"";"Non"
2022;"97490";"2060130";"spinosad";"168316-95-8";"0.00024";"Env A";"";"Non"
2022;"97490";"2080060";"pyriproxyfene";"95737-68-1";"0.3";"Env A";"";"Non"
2022;"97490";"2080098";"mandipropamide";"374726-62-2";"0.75";"Env A";"";"Non"
2022;"97490";"2080102";"azoxystrobine";"131860-33-8";"3";"Santé A";"";"Non"
2022;"97490";"2080102";"difenoconazole";"119446-68-3";"1.875";"Env A";"";"Non"
2022;"97490";"2090119";"cuivre du sulfate tribasique";"12527-76-3";"1.9";"Env A";"Substitution";"Non"
2022;"97490";"2090127";"huile essentielle d'orange douce";"8028-48-6";"0.3";"Env A";"";"Non"
2022;"97490";"2100026";"cypermethrine";"52315-07-8";"5";"Env A";"";"Non"
2022;"97490";"2100028";"fluroxypyr";"69377-81-7";"2";"Env B";"";"Non"
2022;"97490";"2100122";"chlorantraniliprole";"500008-45-7";"0.21";"Env A";"";"Non"
2022;"97490";"2100206";"glyphosate";"1071-83-6";"167.4";"Env A";"";"Non"
2022;"97490";"2110012";"cyazofamide";"120116-88-3";"1.76";"Env A";"";"Non"
2022;"97490";"2110086";"spirotetramat";"203313-25-1";"0.5";"CMR";"";"Non"
2022;"97490";"2110111";"cyprosulfamide";"221667-31-8";"4.40";"Autre";"";"Non"
2022;"97490";"2110111";"isoxaflutole";"141112-29-0";"4.40";"CMR";"";"Non"
2022;"97490";"2110115";"cypermethrine";"52315-07-8";"2.1";"Env A";"";"Non"
2022;"97490";"2110141";"dimethomorphe";"110488-70-5";"0.36";"Env A";"Exclusion";"Non"
2022;"97490";"2110141";"pyraclostrobine";"175013-18-0";"0.2";"Santé A";"";"Non"
2022;"97490";"2110143";"metribuzine";"21087-64-9";"15";"Env A";"";"Non"
2022;"97490";"2110150";"huile de colza";"8002-13-9";"28.9044";"Autre";"";"Non"
2022;"97490";"2120048";"aminopyralid";"150114-71-9";"3.63";"Env A";"";"Non"
2022;"97490";"2120048";"triclopyr";"55335-06-3";"29.04";"Env B";"";"Non"
2022;"97490";"2120067";"cymoxanil";"57966-95-7";"1.80";"CMR";"";"Non"
2022;"97490";"2120143";"glyphosate";"1071-83-6";"28.8";"Env A";"";"Non"
2022;"97490";"2130153";"acide acetique";"64-19-7";"0.648";"Autre";"";"Non"
2022;"97490";"2130200";"fluopyram";"658066-35-4";"1.5";"Env A";"";"Non"
2022;"97490";"2130253";"2,4-d";"94-75-7";"4.8";"Env B";"";"Non"
2022;"97490";"2130253";"glyphosate";"1071-83-6";"7.2";"Env A";"";"Non"
2022;"97490";"2140085";"abamectine";"71751-41-2";"0.162";"CMR";"";"Non"
2022;"97490";"2140121";"acide pelargonique";"112-05-0";"44.579012";"Autre";"";"Non"
2022;"97490";"2140165";"metribuzine";"21087-64-9";"14";"Env A";"";"Non"
2022;"97490";"2140167";"acide decanoique";"334-48-5";"0.05997";"Env B";"";"Non"
2022;"97490";"2140167";"acide octanoique";"124-07-2";"0.089955";"Env B";"";"Non"
2022;"97490";"2150140";"glyphosate";"1071-83-6";"135.0";"Env A";"";"Non"
2022;"97490";"2150417";"bacillus thuringiensis ssp kurstaki souche abts-351";"68038-71-1";"0.980813";"Autre";"";"Non"
2022;"97490";"2150790";"phosphate ferrique";"10045-86-0";"6.5125";"Autre";"";"Non"
2022;"97490";"2150919";"abamectine";"71751-41-2";"1.206";"CMR";"";"Non"
2022;"97490";"2160115";"acide pelargonique";"112-05-0";"1.20861";"Autre";"";"Non"
2022;"97490";"2160842";"metribuzine";"21087-64-9";"7.0";"Env A";"";"Non"
2022;"97490";"2160962";"fluxapyroxad";"907204-31-3";"0.9";"Santé A";"";"Non"
2022;"97490";"2190760";"spinosad";"168316-95-8";"0.0122";"Env A";"";"Non"
2022;"97490";"2210895";"huile essentielle d'orange douce";"8028-48-6";"0.2623";"Env A";"";"Non"
2022;"97490";"7500716";"cuivre du sulfate de cuivre";"8011-63-0";"11";"Env A";"Substitution";"Non"
2022;"97490";"8400528";"isoxaben";"82558-50-7";"0.125";"Env B";"";"Non"
2022;"97490";"8400600";"fluroxypyr-meptyl";"81406-37-3";"58.7928";"Env A";"";"Non"
2022;"97490";"8500174";"abamectine";"71751-41-2";"0.0585";"CMR";"";"Non"
2022;"97490";"8800841";"difenoconazole";"119446-68-3";"0.5";"Env A";"";"Non"
2022;"97490";"8900681";"pendimethaline";"40487-42-1";"22";"Env A";"Substitution";"Non"
2022;"97490";"9000361";"goudrons de pin";"8011-48-1";"8.8";"Autre";"";"Non"
2022;"97490";"9100296";"2,4-d";"94-75-7";"147";"Env B";"";"Non"
2022;"97490";"9200159";"pyrimethanil";"53112-28-0";"2.8";"Env A";"";"Non"
2022;"97490";"9500568";"cyprodinyl";"121552-61-2";"0.75";"Env A";"";"Non"
2022;"97490";"9500568";"fludioxonil";"131341-86-1";"0.5";"Env A";"";"Non"
2022;"97490";"9700332";"azoxystrobine";"131860-33-8";"13.00";"Santé A";"";"Non"
2022;"97490";"9800182";"s-metolachlore";"87392-12-9";"9.6";"Env A";"";"Non"
2022;"97490";"9800219";"ethephon";"16672-87-0";"1.2";"Santé A";"";"Non"
2022;"97490";"9800336";"lambda-cyhalothrine";"91465-08-6";"0.325";"Santé A";"Substitution";"Non"
2022;"97490";"9900047";"mesotrione";"104206-82-8";"10";"CMR";"";"Non"
2022;"97490";"9900257";"cuivre du sulfate de cuivre";"8011-63-0";"6.24";"Env A";"Substitution";"Non"
2022;"97412";"2060088";"benoxacor";"98730-04-2";"14.6";"Autre";"";"Non"
2022;"97412";"2060088";"mesotrione";"104206-82-8";"29.2";"CMR";"";"Non"
2022;"97412";"2060088";"s-metolachlore";"87392-12-9";"292";"Env A";"";"Non"
2022;"97412";"2080098";"mandipropamide";"374726-62-2";"0.25";"Env A";"";"Non"
2022;"97412";"2100026";"cypermethrine";"52315-07-8";"7.5";"Env A";"";"Non"
2022;"97412";"2100028";"fluroxypyr";"69377-81-7";"9";"Env B";"";"Non"
2022;"97412";"2100111";"mesotrione";"104206-82-8";"0.75";"CMR";"";"Non"
2022;"97412";"2100111";"nicosulfuron";"111991-09-4";"0.3";"Env A";"";"Non"
2022;"97412";"2100206";"glyphosate";"1071-83-6";"283.5";"Env A";"";"Non"
2022;"97412";"2110111";"cyprosulfamide";"221667-31-8";"7.48";"Autre";"";"Non"
2022;"97412";"2110111";"isoxaflutole";"141112-29-0";"7.48";"CMR";"";"Non"
2022;"97412";"2110115";"cypermethrine";"52315-07-8";"1.0";"Env A";"";"Non"
2022;"97412";"2110143";"metribuzine";"21087-64-9";"82.2";"Env A";"";"Non"
2022;"97412";"2120048";"aminopyralid";"150114-71-9";"11.25";"Env A";"";"Non"
2022;"97412";"2120048";"triclopyr";"55335-06-3";"90.00";"Env B";"";"Non"
2022;"97412";"2120143";"glyphosate";"1071-83-6";"9.6";"Env A";"";"Non"
2022;"97412";"2130059";"lambda-cyhalothrine";"91465-08-6";"0.1";"Santé A";"Substitution";"Non"
2022;"97412";"2130253";"2,4-d";"94-75-7";"98.4";"Env B";"";"Non"
2022;"97412";"2130253";"glyphosate";"1071-83-6";"147.6";"Env A";"";"Non"
2022;"97412";"2140085";"abamectine";"71751-41-2";"0.036";"CMR";"";"Non"
2022;"97412";"2140165";"metribuzine";"21087-64-9";"23.8";"Env A";"";"Non"
2022;"97412";"2140201";"cyflufenamid";"180409-60-3";"0.015";"Env A";"";"Non"
2022;"97412";"2140201";"difenoconazole";"119446-68-3";"0.125";"Env A";"";"Non"
2022;"97412";"2150140";"glyphosate";"1071-83-6";"331.2";"Env A";"";"Non"
2022;"97412";"2150790";"phosphate ferrique";"10045-86-0";"0.021";"Autre";"";"Non"
2022;"97412";"2150919";"abamectine";"71751-41-2";"0.018";"CMR";"";"Non"
2022;"97412";"2160842";"metribuzine";"21087-64-9";"12.6";"Env A";"";"Non"
2022;"97412";"7500716";"cuivre du sulfate de cuivre";"8011-63-0";"1";"Env A";"Substitution";"Non"
2022;"97412";"8400096";"dicamba";"1918-00-9";"6.24";"Env B";"";"Non"
2022;"97412";"8400600";"fluroxypyr-meptyl";"81406-37-3";"41.7890";"Env A";"";"Non"
2022;"97412";"8800841";"difenoconazole";"119446-68-3";"0.125";"Env A";"";"Non"
2022;"97412";"8900564";"tau-fluvalinate";"102851-06-9";"0.24";"Env A";"";"Non"
2022;"97412";"8900681";"pendimethaline";"40487-42-1";"100";"Env A";"Substitution";"Non"
2022;"97412";"9100296";"2,4-d";"94-75-7";"669";"Env B";"";"Non"
2022;"97412";"9500432";"acrinathrine";"101007-06-1";"0.075";"CMR";"";"Non"
2022;"97412";"9500628";"bentazone";"25057-89-0";"5.22";"Env B";"";"Non"
2022;"97412";"9700332";"azoxystrobine";"131860-33-8";"1.00";"Santé A";"";"Non"
2022;"97412";"9800144";"indoxacarbe";"173584-44-6";"0.15";"Santé A";"";"Non"
2022;"97412";"9800182";"s-metolachlore";"87392-12-9";"4.8";"Env A";"";"Non"
2022;"97412";"9800219";"ethephon";"16672-87-0";"0.6";"Santé A";"";"Non"
2022;"97412";"9800336";"lambda-cyhalothrine";"91465-08-6";"0.8";"Santé A";"Substitution";"Non"
2022;"97412";"9900047";"mesotrione";"104206-82-8";"4.5";"CMR";"";"Non"
2022;"97413";"2000003";"metazachlore";"67129-08-2";"5";"CMR";"";"Non"
2022;"97413";"2000044";"fluazifop-p-butyl";"79241-46-6";"10.875";"CMR";"";"Non"
2022;"97413";"2000125";"cuivre du sulfate de cuivre";"8011-63-0";"0.62";"Env A";"Substitution";"Non"
2022;"97413";"2000202";"glyphosate";"1071-83-6";"12.6";"Env A";"";"Non"
2022;"97413";"2000316";"esfenvalerate";"66230-04-4";"0.05";"Santé A";"Substitution";"Non"
2022;"97413";"2000327";"carfentrazone ethyl";"128639-02-1";"0.48";"Env A";"";"Non"
2022;"97413";"2000517";"cuivre de l'hydroxyde de cuivre";"20427-59-2";"0.36";"Santé A";"Substitution";"Non"
2022;"97413";"2010023";"deltamethrine";"52918-63-5";"0.135";"Santé A";"";"Non"
2022;"97413";"2010282";"cypermethrine";"52315-07-8";"2.2";"Env A";"";"Non"
2022;"97413";"2060084";"boscalid";"188425-85-6";"3.738";"Env A";"";"Non"
2022;"97413";"2060084";"pyraclostrobine";"175013-18-0";"0.938";"Santé A";"";"Non"
2022;"97413";"2060098";"spinosad";"168316-95-8";"2.736";"Env A";"";"Non"
2022;"97413";"2080098";"mandipropamide";"374726-62-2";"0.5";"Env A";"";"Non"
2022;"97413";"2080136";"pyridate";"55512-33-9";"0.45";"Env A";"";"Non"
2022;"97413";"2090016";"imazamox";"114311-32-9";"0.167";"Env A";"Substitution";"Non"
2022;"97413";"2090016";"pendimethaline";"40487-42-1";"2.5";"Env A";"Substitution";"Non"
2022;"97413";"2090063";"tebuconazole";"107534-96-3";"1.5";"CMR";"";"Non"
2022;"97413";"2090063";"trifloxystrobine";"141517-21-7";"0.75";"Env A";"";"Non"
2022;"97413";"2090127";"huile essentielle d'orange douce";"8028-48-6";"0.6";"Env A";"";"Non"
2022;"97413";"2090136";"fluopicolide";"239110-15-7";"1.875";"Env A";"";"Non"
2022;"97413";"2090136";"propamocarbe hcl";"25606-41-1";"18.75";"Autre";"";"Non"
2022;"97413";"2090199";"huile de colza";"8002-13-9";"0.41265";"Autre";"";"Non"
2022;"97413";"2090199";"pyrethrines";"8003-34-7";"0.002295";"Env A";"";"Non"
2022;"97413";"2100026";"cypermethrine";"52315-07-8";"4.0";"Env A";"";"Non"
2022;"97413";"2100028";"fluroxypyr";"69377-81-7";"1";"Env B";"";"Non"
2022;"97413";"2100122";"chlorantraniliprole";"500008-45-7";"0.945";"Env A";"";"Non"
2022;"97413";"2100206";"glyphosate";"1071-83-6";"24.3";"Env A";"";"Non"
2022;"97413";"2110012";"cyazofamide";"120116-88-3";"0.96";"Env A";"";"Non"
2022;"97413";"2110073";"indoxacarbe";"173584-44-6";"0.225";"Santé A";"";"Non"
2022;"97413";"2110101";"pyraflufen-ethyl";"129630-19-9";"0.6890";"Env A";"";"Non"
2022;"97413";"2110115";"cypermethrine";"52315-07-8";"3.1";"Env A";"";"Non"
2022;"97413";"2110143";"metribuzine";"21087-64-9";"3";"Env A";"";"Non"
2022;"97413";"2120048";"aminopyralid";"150114-71-9";"0.03";"Env A";"";"Non"
2022;"97413";"2120048";"triclopyr";"55335-06-3";"0.24";"Env B";"";"Non"
2022;"97413";"2120067";"cymoxanil";"57966-95-7";"8.10";"CMR";"";"Non"
2022;"97413";"2120143";"glyphosate";"1071-83-6";"86.4";"Env A";"";"Non"
2022;"97413";"2130075";"metaldehyde";"108-62-3";"1.2";"CMR";"";"Non"
2022;"97413";"2130244";"difenoconazole";"119446-68-3";"1.25";"Env A";"";"Non"
2022;"97413";"2130244";"mandipropamide";"374726-62-2";"1.25";"Env A";"";"Non"
2022;"97413";"2130251";"lambda-cyhalothrine";"91465-08-6";"0.2";"Santé A";"Substitution";"Non"
2022;"97413";"2130253";"2,4-d";"94-75-7";"4.8";"Env B";"";"Non"
2022;"97413";"2130253";"glyphosate";"1071-83-6";"7.2";"Env A";"";"Non"
2022;"97413";"2140085";"abamectine";"71751-41-2";"0.144";"CMR";"";"Non"
2022;"97413";"2140121";"acide pelargonique";"112-05-0";"0.593975";"Autre";"";"Non"
2022;"97413";"2140165";"metribuzine";"21087-64-9";"3.5";"Env A";"";"Non"
2022;"97413";"2140201";"cyflufenamid";"180409-60-3";"0.03";"Env A";"";"Non"
2022;"97413";"2140201";"difenoconazole";"119446-68-3";"0.25";"Env A";"";"Non"
2022;"97413";"2150140";"glyphosate";"1071-83-6";"261.0";"Env A";"";"Non"
2022;"97413";"2150277";"pyrimethanil";"53112-28-0";"0.4";"Env A";"";"Non"
2022;"97413";"2150417";"bacillus thuringiensis ssp kurstaki souche abts-351";"68038-71-1";"0.022988";"Autre";"";"Non"
2022;"97413";"2150790";"phosphate ferrique";"10045-86-0";"0.165";"Autre";"";"Non"
2022;"97413";"2150919";"abamectine";"71751-41-2";"0.072";"CMR";"";"Non"
2022;"97413";"2160494";"bacillus thuringiensis ssp kurstaki souche eg 2348";"68038-71-1";"0.75";"Autre";"";"Non"
2022;"97413";"2190760";"spinosad";"168316-95-8";"0.0011";"Env A";"";"Non"
2022;"97413";"2210895";"huile essentielle d'orange douce";"8028-48-6";"0.01525";"Env A";"";"Non"
2022;"97413";"7500716";"cuivre du sulfate de cuivre";"8011-63-0";"8";"Env A";"Substitution";"Non"
2022;"97413";"8400600";"fluroxypyr-meptyl";"81406-37-3";"0.2882";"Env A";"";"Non"
2022;"97413";"8500174";"abamectine";"71751-41-2";"0.0945";"CMR";"";"Non"
2022;"97413";"8600243";"aclonifen";"74070-46-5";"78";"CMR";"";"Non"
2022;"97413";"8800841";"difenoconazole";"119446-68-3";"1.625";"Env A";"";"Non"
2022;"97413";"8900564";"tau-fluvalinate";"102851-06-9";"0.24";"Env A";"";"Non"
2022;"97413";"8900681";"pendimethaline";"40487-42-1";"8";"Env A";"Substitution";"Non"
2022;"97413";"9200159";"pyrimethanil";"53112-28-0";"9.6";"Env A";"";"Non"
2022;"97413";"9200215";"cymoxanil";"57966-95-7";"2.28";"CMR";"";"Non"
2022;"97413";"9200215";"metirame";"9006-42-2";"27.075";"Env A";"";"Non"
2022;"97413";"9500432";"acrinathrine";"101007-06-1";"0.600";"CMR";"";"Non"
2022;"97413";"9500568";"cyprodinyl";"121552-61-2";"1.125";"Env A";"";"Non"
2022;"97413";"9500568";"fludioxonil";"131341-86-1";"0.75";"Env A";"";"Non"
2022;"97413";"9500628";"bentazone";"25057-89-0";"41.76";"Env B";"";"Non"
2022;"97413";"9700332";"azoxystrobine";"131860-33-8";"16.0";"Santé A";"";"Non"
2022;"97413";"9800144";"indoxacarbe";"173584-44-6";"0.336";"Santé A";"";"Non"
2022;"97413";"9800336";"lambda-cyhalothrine";"91465-08-6";"2.200";"Santé A";"Substitution";"Non"
2022;"97413";"9900115";"clethodime";"99129-21-2";"0.12";"Env B";"";"Non"
2022;"97413";"9900257";"cuivre du sulfate de cuivre";"8011-63-0";"0.16";"Env A";"Substitution";"Non"
2022;"97414";"2000044";"fluazifop-p-butyl";"79241-46-6";"4.125";"CMR";"";"Non"
2022;"97414";"2000125";"cuivre du sulfate de cuivre";"8011-63-0";"0.96";"Env A";"Substitution";"Non"
2022;"97414";"2000202";"glyphosate";"1071-83-6";"1.8";"Env A";"";"Non"
2022;"97414";"2000517";"cuivre de l'hydroxyde de cuivre";"20427-59-2";"1.8";"Santé A";"Substitution";"Non"
2022;"97414";"2010023";"deltamethrine";"52918-63-5";"0.075";"Santé A";"";"Non"
2022;"97414";"2010282";"cypermethrine";"52315-07-8";"4";"Env A";"";"Non"
2022;"97414";"2050046";"flonicamide";"158062-67-0";"0.25";"Autre";"";"Non"
2022;"97414";"2060050";"metrafenone";"220899-03-6";"1";"Env A";"";"Non"
2022;"97414";"2060084";"boscalid";"188425-85-6";"0.534";"Env A";"";"Non"
2022;"97414";"2060084";"pyraclostrobine";"175013-18-0";"0.134";"Santé A";"";"Non"
2022;"97414";"2060085";"boscalid";"188425-85-6";"0.2";"Env A";"";"Non"
2022;"97414";"2060085";"kresoxim-methyl";"143390-89-0";"0.1";"CMR";"";"Non"
2022;"97414";"2060098";"spinosad";"168316-95-8";"7.104";"Env A";"";"Non"
2022;"97414";"2060113";"bifenazate";"149877-41-8";"0.06";"Env A";"";"Non"
2022;"97414";"2060130";"spinosad";"168316-95-8";"0.00048";"Env A";"";"Non"
2022;"97414";"2080060";"pyriproxyfene";"95737-68-1";"0.1";"Env A";"";"Non"
2022;"97414";"2080129";"meptyldinocap";"131-72-6";"0.35";"Env A";"";"Non"
2022;"97414";"2090127";"huile essentielle d'orange douce";"8028-48-6";"0.3";"Env A";"";"Non"
2022;"97414";"2090199";"huile de colza";"8002-13-9";"0.41265";"Autre";"";"Non"
2022;"97414";"2090199";"pyrethrines";"8003-34-7";"0.002295";"Env A";"";"Non"
2022;"97414";"2100026";"cypermethrine";"52315-07-8";"8.5";"Env A";"";"Non"
2022;"97414";"2100122";"chlorantraniliprole";"500008-45-7";"0.84";"Env A";"";"Non"
2022;"97414";"2100206";"glyphosate";"1071-83-6";"27";"Env A";"";"Non"
2022;"97414";"2100231";"emamectine benzoate";"155569-91-8";"0.0285";"Santé A";"";"Non"
2022;"97414";"2110012";"cyazofamide";"120116-88-3";"1.76";"Env A";"";"Non"
2022;"97414";"2110073";"indoxacarbe";"173584-44-6";"0.15";"Santé A";"";"Non"
2022;"97414";"2110086";"spirotetramat";"203313-25-1";"0.3";"CMR";"";"Non"
2022;"97414";"2110101";"pyraflufen-ethyl";"129630-19-9";"0.53";"Env A";"";"Non"
2022;"97414";"2110115";"cypermethrine";"52315-07-8";"2.7";"Env A";"";"Non"
2022;"97414";"2110143";"metribuzine";"21087-64-9";"4.8";"Env A";"";"Non"
2022;"97414";"2110150";"huile de colza";"8002-13-9";"0.3108";"Autre";"";"Non"
2022;"97414";"2110180";"cuivre de l'oxyde cuivreux";"1317-39-1";"0.075";"Env A";"Substitution";"Non"
2022;"97414";"2120048";"aminopyralid";"150114-71-9";"0.69";"Env A";"";"Non"
2022;"97414";"2120048";"triclopyr";"55335-06-3";"5.52";"Env B";"";"Non"
2022;"97414";"2130075";"metaldehyde";"108-62-3";"1.0";"CMR";"";"Non"
2022;"97414";"2130079";"cyflufenamid";"180409-60-3";"0.05";"Env A";"";"Non"
2022;"97414";"2130251";"lambda-cyhalothrine";"91465-08-6";"0.2";"Santé A";"Substitution";"Non"
2022;"97414";"2140085";"abamectine";"71751-41-2";"0.648";"CMR";"";"Non"
2022;"97414";"2140121";"acide pelargonique";"112-05-0";"1.081035";"Autre";"";"Non"
2022;"97414";"2140165";"metribuzine";"21087-64-9";"0.7";"Env A";"";"Non"
2022;"97414";"2140201";"cyflufenamid";"180409-60-3";"0.255";"Env A";"";"Non"
2022;"97414";"2140201";"difenoconazole";"119446-68-3";"2.125";"Env A";"";"Non"
2022;"97414";"2150140";"glyphosate";"1071-83-6";"172.8";"Env A";"";"Non"
2022;"97414";"2150417";"bacillus thuringiensis ssp kurstaki souche abts-351";"68038-71-1";"0.061301";"Autre";"";"Non"
2022;"97414";"2150790";"phosphate ferrique";"10045-86-0";"0.507";"Autre";"";"Non"
2022;"97414";"2150919";"abamectine";"71751-41-2";"0.810";"CMR";"";"Non"
2022;"97414";"2160527";"sels de potassium d'acides gras";"10124-65-9";"0.4798";"Autre";"";"Non"
2022;"97414";"2160842";"metribuzine";"21087-64-9";"0.7";"Env A";"";"Non"
2022;"97414";"2180735";"spinetoram";"935545-74-7";"0.125";"CMR";"";"Non"
2022;"97414";"2210895";"huile essentielle d'orange douce";"8028-48-6";"0.0061";"Env A";"";"Non"
2022;"97414";"7500716";"cuivre du sulfate de cuivre";"8011-63-0";"5";"Env A";"Substitution";"Non"
2022;"97414";"7600008";"bupirimate";"41483-43-6";"1.25";"CMR";"";"Non"
2022;"97414";"8300025";"penconazole";"66246-88-6";"0.8";"CMR";"";"Non"
2022;"97414";"8500174";"abamectine";"71751-41-2";"0.5895";"CMR";"";"Non"
2022;"97414";"8800029";"phenmediphame";"13684-63-4";"1.6";"Env A";"";"Non"
2022;"97414";"8800841";"difenoconazole";"119446-68-3";"0.5";"Env A";"";"Non"
2022;"97414";"9000361";"goudrons de pin";"8011-48-1";"0.8";"Autre";"";"Non"
2022;"97414";"9100296";"2,4-d";"94-75-7";"3";"Env B";"";"Non"
2022;"97414";"9200215";"cymoxanil";"57966-95-7";"0.24";"CMR";"";"Non"
2022;"97414";"9200215";"metirame";"9006-42-2";"2.85";"Env A";"";"Non"
2022;"97414";"9700332";"azoxystrobine";"131860-33-8";"7.25";"Santé A";"";"Non"
2022;"97414";"9800144";"indoxacarbe";"173584-44-6";"0.189";"Santé A";"";"Non"
2022;"97414";"9800336";"lambda-cyhalothrine";"91465-08-6";"5.725";"Santé A";"Substitution";"Non"
2022;"97414";"9900115";"clethodime";"99129-21-2";"0.36";"Env B";"";"Non"
2022;"97414";"9900227";"cuivre de l'hydroxyde de cuivre";"20427-59-2";"2";"Santé A";"Substitution";"Non"
2022;"97414";"9900257";"cuivre du sulfate de cuivre";"8011-63-0";"0.16";"Env A";"Substitution";"Non"
2022;"97416";"2000125";"cuivre du sulfate de cuivre";"8011-63-0";"0.28";"Env A";"Substitution";"Non"
2022;"97416";"2000202";"glyphosate";"1071-83-6";"1.8";"Env A";"";"Non"
2022;"97416";"2000316";"esfenvalerate";"66230-04-4";"0.05";"Santé A";"Substitution";"Non"
2022;"97416";"2010023";"deltamethrine";"52918-63-5";"0.165";"Santé A";"";"Non"
2022;"97416";"2010282";"cypermethrine";"52315-07-8";"1.5";"Env A";"";"Non"
2022;"97416";"2060084";"boscalid";"188425-85-6";"0.267";"Env A";"";"Non"
2022;"97420";"2150417";"bacillus thuringiensis ssp kurstaki souche abts-351";"68038-71-1";"0.007663";"Autre";"";"Non"
2022;"97420";"2150790";"phosphate ferrique";"10045-86-0";"0.078";"Autre";"";"Non"
2022;"97420";"2190760";"spinosad";"168316-95-8";"0.0006";"Env A";"";"Non"
2022;"97420";"2210895";"huile essentielle d'orange douce";"8028-48-6";"0.0061";"Env A";"";"Non"
2022;"97420";"8800395";"lambda-cyhalothrine";"91465-08-6";"0.025";"Santé A";"Substitution";"Non"
2022;"97420";"8800395";"pyrimicarbe";"23103-98-2";"0.5";"CMR";"";"Non"
2022;"97420";"8900681";"pendimethaline";"40487-42-1";"4";"Env A";"Substitution";"Non"
2022;"97420";"9100296";"2,4-d";"94-75-7";"39";"Env B";"";"Non"
2022;"97420";"9800336";"lambda-cyhalothrine";"91465-08-6";"0.2";"Santé A";"Substitution";"Non"
2022;"97420";"9900227";"cuivre de l'hydroxyde de cuivre";"20427-59-2";"10";"Santé A";"Substitution";"Non"
2022;"97421";"2000044";"fluazifop-p-butyl";"79241-46-6";"6.750";"CMR";"";"Non"
2022;"97421";"2000125";"cuivre du sulfate de cuivre";"8011-63-0";"1.66";"Env A";"Substitution";"Non"
2022;"97421";"2000202";"glyphosate";"1071-83-6";"140.4";"Env A";"";"Non"
2022;"97421";"2000517";"cuivre de l'hydroxyde de cuivre";"20427-59-2";"1.08";"Santé A";"Substitution";"Non"
2022;"97421";"2010023";"deltamethrine";"52918-63-5";"0.150";"Santé A";"";"Non"
2022;"97421";"2010282";"cypermethrine";"52315-07-8";"0.9";"Env A";"";"Non"
2022;"97421";"2030404";"pendimethaline";"40487-42-1";"16";"Env A";"Substitution";"Non"
2022;"97421";"2050046";"flonicamide";"158062-67-0";"0.5";"Autre";"";"Non"
2022;"97421";"2060050";"metrafenone";"220899-03-6";"0.5";"Env A";"";"Non"
2022;"97421";"2060084";"boscalid";"188425-85-6";"3.204";"Env A";"";"Non"
2022;"97421";"2060084";"pyraclostrobine";"175013-18-0";"0.804";"Santé A";"";"Non"
2022;"97421";"2060085";"boscalid";"188425-85-6";"0.2";"Env A";"";"Non"
2022;"97421";"2060085";"kresoxim-methyl";"143390-89-0";"0.1";"CMR";"";"Non"
2022;"97421";"2060088";"benoxacor";"98730-04-2";"1.9";"Autre";"";"Non"
2022;"97421";"2060088";"mesotrione";"104206-82-8";"3.8";"CMR";"";"Non"
2022;"97421";"2060088";"s-metolachlore";"87392-12-9";"38";"Env A";"";"Non"
2022;"97421";"2060098";"spinosad";"168316-95-8";"2.400";"Env A";"";"Non"
2022;"97421";"2080060";"pyriproxyfene";"95737-68-1";"0.4";"Env A";"";"Non"
2022;"97421";"2080098";"mandipropamide";"374726-62-2";"0.5";"Env A";"";"Non"
2022;"97421";"2080102";"azoxystrobine";"131860-33-8";"3";"Santé A";"";"Non"
2022;"97421";"2080102";"difenoconazole";"119446-68-3";"1.875";"Env A";"";"Non"
2022;"97421";"2080129";"meptyldinocap";"131-72-6";"1.40";"Env A";"";"Non"
2022;"97421";"2080136";"pyridate";"55512-33-9";"0.45";"Env A";"";"Non"
2022;"97421";"2090127";"huile essentielle d'orange douce";"8028-48-6";"1.2";"Env A";"";"Non"
2022;"97421";"2090136";"fluopicolide";"239110-15-7";"0.625";"Env A";"";"Non"
2022;"97421";"2090136";"propamocarbe hcl";"25606-41-1";"6.25";"Autre";"";"Non"
2022;"97421";"2090199";"huile de colza";"8002-13-9";"0.8253";"Autre";"";"Non"
2022;"97421";"2090199";"pyrethrines";"8003-34-7";"0.00459";"Env A";"";"Non"
2022;"97421";"2100026";"cypermethrine";"52315-07-8";"10.5";"Env A";"";"Non"
2022;"97421";"2100028";"fluroxypyr";"69377-81-7";"3";"Env B";"";"Non"
2022;"97421";"2100122";"chlorantraniliprole";"500008-45-7";"0.21";"Env A";"";"Non"
2022;"97421";"2100206";"glyphosate";"1071-83-6";"18.9";"Env A";"";"Non"
2022;"97421";"2100231";"emamectine benzoate";"155569-91-8";"0.0665";"Santé A";"";"Non"
2022;"97421";"2110012";"cyazofamide";"120116-88-3";"0.8";"Env A";"";"Non"
2022;"97421";"2110073";"indoxacarbe";"173584-44-6";"0.075";"Santé A";"";"Non"
2022;"97421";"2110086";"spirotetramat";"203313-25-1";"1.1";"CMR";"";"Non"
2022;"97421";"2110101";"pyraflufen-ethyl";"129630-19-9";"1.325";"Env A";"";"Non"
2022;"97421";"2110115";"cypermethrine";"52315-07-8";"3.5";"Env A";"";"Non"
2022;"97421";"2110143";"metribuzine";"21087-64-9";"15.0";"Env A";"";"Non"
2022;"97421";"2110150";"huile de colza";"8002-13-9";"0.3108";"Autre";"";"Non"
2022;"97421";"2110180";"cuivre de l'oxyde cuivreux";"1317-39-1";"0.075";"Env A";"Substitution";"Non"
2022;"97421";"2120048";"aminopyralid";"150114-71-9";"2.19";"Env A";"";"Non"
2022;"97421";"2120048";"triclopyr";"55335-06-3";"17.52";"Env B";"";"Non"
2022;"97421";"2120143";"glyphosate";"1071-83-6";"57.6";"Env A";"";"Non"
2022;"97421";"2130059";"lambda-cyhalothrine";"91465-08-6";"0.1";"Santé A";"Substitution";"Non"
2022;"97421";"2130075";"metaldehyde";"108-62-3";"4.2";"CMR";"";"Non"
2022;"97421";"2130152";"fluopyram";"658066-35-4";"0.5";"Env A";"";"Non"
2022;"97421";"2130152";"trifloxystrobine";"141517-21-7";"0.5";"Env A";"";"Non"
2022;"97421";"2130153";"acide acetique";"64-19-7";"0.162";"Autre";"";"Non"
2022;"97421";"2130244";"difenoconazole";"119446-68-3";"3.75";"Env A";"";"Non"
2022;"97421";"2130244";"mandipropamide";"374726-62-2";"3.75";"Env A";"";"Non"
2022;"97421";"2130251";"lambda-cyhalothrine";"91465-08-6";"0.1";"Santé A";"Substitution";"Non"
2022;"97421";"2130253";"2,4-d";"94-75-7";"12";"Env B";"";"Non"
2022;"97421";"2130253";"glyphosate";"1071-83-6";"18";"Env A";"";"Non"
2022;"97421";"2140085";"abamectine";"71751-41-2";"0.324";"CMR";"";"Non"
2022;"97421";"2140121";"acide pelargonique";"112-05-0";"7.294013";"Autre";"";"Non"
2022;"97421";"2140147";"deltamethrine";"52918-63-5";"0.015";"Santé A";"";"Non"
2022;"97421";"2140165";"metribuzine";"21087-64-9";"5.6";"Env A";"";"Non"
2022;"97421";"2140201";"cyflufenamid";"180409-60-3";"0.075";"Env A";"";"Non"
2022;"97421";"2140201";"difenoconazole";"119446-68-3";"0.625";"Env A";"";"Non"
2022;"97421";"2150140";"glyphosate";"1071-83-6";"185.4";"Env A";"";"Non"
2022;"97421";"2150417";"bacillus thuringiensis ssp kurstaki souche abts-351";"68038-71-1";"0.114939";"Autre";"";"Non"
2022;"97421";"2150790";"phosphate ferrique";"10045-86-0";"1.3905";"Autre";"";"Non"
2022;"97421";"2150919";"abamectine";"71751-41-2";"0.036";"CMR";"";"Non"
2022;"97421";"2160115";"acide pelargonique";"112-05-0";"0.18594";"Autre";"";"Non"
2022;"97421";"2160226";"phosphate ferrique";"10045-86-0";"0.242";"Autre";"";"Non"
2022;"97421";"2160272";"hexythiazox";"78587-05-0";"0.125";"Env A";"";"Non"
2022;"97421";"2160494";"bacillus thuringiensis ssp kurstaki souche eg 2348";"68038-71-1";"0.75";"Autre";"";"Non"
2022;"97421";"2160842";"metribuzine";"21087-64-9";"3.5";"Env A";"";"Non"
2022;"97421";"2190760";"spinosad";"168316-95-8";"0.0045";"Env A";"";"Non"
2022;"97421";"2200059";"huile essentielle d'orange douce";"8028-48-6";"0.012";"Env A";"";"Non"
2022;"97421";"2210895";"huile essentielle d'orange douce";"8028-48-6";"0.0488";"Env A";"";"Non"
2022;"97421";"7500716";"cuivre du sulfate de cuivre";"8011-63-0";"11";"Env A";"Substitution";"Non"
2022;"97421";"8300025";"penconazole";"66246-88-6";"0.3";"CMR";"";"Non"
2022;"97421";"8400096";"dicamba";"1918-00-9";"5.76";"Env B";"";"Non"
2022;"97421";"8400600";"fluroxypyr-meptyl";"81406-37-3";"16.1392";"Env A";"";"Non"
2022;"97421";"8500174";"abamectine";"71751-41-2";"0.5265";"CMR";"";"Non"
2022;"97421";"8800395";"lambda-cyhalothrine";"91465-08-6";"0.100";"Santé A";"Substitution";"Non"
2022;"97421";"8800395";"pyrimicarbe";"23103-98-2";"2.0";"CMR";"";"Non"
2022;"97421";"8800841";"difenoconazole";"119446-68-3";"1.500";"Env A";"";"Non"
2022;"97421";"8900681";"pendimethaline";"40487-42-1";"8";"Env A";"Substitution";"Non"
2022;"97421";"9000361";"goudrons de pin";"8011-48-1";"0.8";"Autre";"";"Non"
2022;"97421";"9100296";"2,4-d";"94-75-7";"255";"Env B";"";"Non"
2022;"97421";"9200159";"pyrimethanil";"53112-28-0";"0.4";"Env A";"";"Non"
2022;"97421";"9200215";"cymoxanil";"57966-95-7";"1.56";"CMR";"";"Non"
2022;"97421";"9200215";"metirame";"9006-42-2";"18.525";"Env A";"";"Non"
2022;"97421";"9300504";"huile de vaseline";"8042-47-5";"24.51";"Autre";"";"Non"
2022;"97421";"9500432";"acrinathrine";"101007-06-1";"0.15";"CMR";"";"Non"
2022;"97421";"9500568";"cyprodinyl";"121552-61-2";"1.125";"Env A";"";"Non"
2022;"97421";"9500568";"fludioxonil";"131341-86-1";"0.75";"Env A";"";"Non"
2022;"97421";"9500628";"bentazone";"25057-89-0";"10.44";"Env B";"";"Non"
2022;"97421";"9700332";"azoxystrobine";"131860-33-8";"6.25";"Santé A";"";"Non"
2022;"97421";"9800144";"indoxacarbe";"173584-44-6";"0.075";"Santé A";"";"Non"
2022;"97421";"9800182";"s-metolachlore";"87392-12-9";"9.6";"Env A";"";"Non"
2022;"97421";"9800219";"ethephon";"16672-87-0";"3.6";"Santé A";"";"Non"
2022;"97421";"9800244";"fenhexamid";"126833-17-8";"0.75";"Env A";"";"Non"
2022;"97421";"9800336";"lambda-cyhalothrine";"91465-08-6";"2.85";"Santé A";"Substitution";"Non"
2022;"97421";"9800484";"etoxazole";"153233-91-1";"0.33";"Env A";"Substitution";"Non"
2022;"97421";"9900037";"trifloxystrobine";"141517-21-7";"0.125";"Env A";"";"Non"
2022;"97421";"9900047";"mesotrione";"104206-82-8";"1.1";"CMR";"";"Non"
2022;"97421";"9900227";"cuivre de l'hydroxyde de cuivre";"20427-59-2";"2";"Santé A";"Substitution";"Non"
2022;"97421";"9900257";"cuivre du sulfate de cuivre";"8011-63-0";"0.48";"Env A";"Substitution";"Non"
2022;"97422";"2000044";"fluazifop-p-butyl";"79241-46-6";"2.625";"CMR";"";"Non"
2022;"97422";"2000125";"cuivre du sulfate de cuivre";"8011-63-0";"0.1";"Env A";"Substitution";"Non"
2022;"97422";"2000202";"glyphosate";"1071-83-6";"28.8";"Env A";"";"Non"
2022;"97422";"2010023";"deltamethrine";"52918-63-5";"0.105";"Santé A";"";"Non"
2022;"97422";"2010282";"cypermethrine";"52315-07-8";"0.1";"Env A";"";"Non"
2022;"97422";"2030404";"pendimethaline";"40487-42-1";"28";"Env A";"Substitution";"Non"
2022;"97422";"2060088";"benoxacor";"98730-04-2";"5.4";"Autre";"";"Non"
2022;"97422";"2060088";"mesotrione";"104206-82-8";"10.8";"CMR";"";"Non"
2022;"97422";"2060088";"s-metolachlore";"87392-12-9";"108";"Env A";"";"Non"
2022;"97422";"2060098";"spinosad";"168316-95-8";"1.344";"Env A";"";"Non"
2022;"97422";"2080060";"pyriproxyfene";"95737-68-1";"0.1";"Env A";"";"Non"
2022;"97422";"2080098";"mandipropamide";"374726-62-2";"0.25";"Env A";"";"Non"
2022;"97422";"2090063";"tebuconazole";"107534-96-3";"1";"CMR";"";"Non"
2022;"97422";"2090063";"trifloxystrobine";"141517-21-7";"0.5";"Env A";"";"Non"
2022;"97422";"2090127";"huile essentielle d'orange douce";"8028-48-6";"1.2";"Env A";"";"Non"
2022;"97422";"2090199";"huile de colza";"8002-13-9";"0.206325";"Autre";"";"Non"
2022;"97422";"2090199";"pyrethrines";"8003-34-7";"0.001148";"Env A";"";"Non"
2022;"97422";"2100026";"cypermethrine";"52315-07-8";"5";"Env A";"";"Non"
2022;"97422";"2100028";"fluroxypyr";"69377-81-7";"3";"Env B";"";"Non"
2022;"97422";"2100122";"chlorantraniliprole";"500008-45-7";"0.420";"Env A";"";"Non"
2022;"97422";"2100206";"glyphosate";"1071-83-6";"13.5";"Env A";"";"Non"
2022;"97422";"2100231";"emamectine benzoate";"155569-91-8";"0.0475";"Santé A";"";"Non"
2022;"97422";"2110012";"cyazofamide";"120116-88-3";"0.96";"Env A";"";"Non"
2022;"97422";"2110086";"spirotetramat";"203313-25-1";"0.3";"CMR";"";"Non"
2022;"97422";"2110111";"cyprosulfamide";"221667-31-8";"1.76";"Autre";"";"Non"
2022;"97422";"2110111";"isoxaflutole";"141112-29-0";"1.76";"CMR";"";"Non"
2022;"97422";"2110115";"cypermethrine";"52315-07-8";"0.3";"Env A";"";"Non"
2022;"97422";"2110143";"metribuzine";"21087-64-9";"29.4";"Env A";"";"Non"
2022;"97422";"2110180";"cuivre de l'oxyde cuivreux";"1317-39-1";"0.15";"Env A";"Substitution";"Non"
2022;"97422";"2120048";"aminopyralid";"150114-71-9";"0.36";"Env A";"";"Non"
2022;"97422";"2120048";"triclopyr";"55335-06-3";"2.88";"Env B";"";"Non"
2022;"97422";"2130115";"deltamethrine";"52918-63-5";"0.000264";"Santé A";"";"Non"
2022;"97422";"2140085";"abamectine";"71751-41-2";"0.216";"CMR";"";"Non"
2022;"97422";"2140121";"acide pelargonique";"112-05-0";"0.216207";"Autre";"";"Non"
2022;"97422";"2140165";"metribuzine";"21087-64-9";"55.3";"Env A";"";"Non"
2022;"97422";"2140201";"cyflufenamid";"180409-60-3";"0.045";"Env A";"";"Non"
2022;"97422";"2140201";"difenoconazole";"119446-68-3";"0.375";"Env A";"";"Non"
2022;"97422";"2150140";"glyphosate";"1071-83-6";"39.6";"Env A";"";"Non"
2022;"97422";"2150790";"phosphate ferrique";"10045-86-0";"0.045";"Autre";"";"Non"
2022;"97422";"2150919";"abamectine";"71751-41-2";"0.3105";"CMR";"";"Non"
2022;"97422";"2160226";"phosphate ferrique";"10045-86-0";"0.242";"Autre";"";"Non"
2022;"97422";"2160527";"sels de potassium d'acides gras";"10124-65-9";"0.4798";"Autre";"";"Non"
2022;"97422";"2160842";"metribuzine";"21087-64-9";"3.5";"Env A";"";"Non"
2022;"97422";"2210895";"huile essentielle d'orange douce";"8028-48-6";"0.0061";"Env A";"";"Non"
2022;"97422";"7500716";"cuivre du sulfate de cuivre";"8011-63-0";"7";"Env A";"Substitution";"Non"
2022;"97422";"7600008";"bupirimate";"41483-43-6";"1.5";"CMR";"";"Non"
2022;"97422";"8100006";"clopyralid";"1702-17-6";"0.54";"Autre";"";"Non"
2022;"97422";"8100006";"triclopyr";"55335-06-3";"2.16";"Env B";"";"Non"
2022;"97422";"8300025";"penconazole";"66246-88-6";"0.1";"CMR";"";"Non"
2022;"97422";"8400096";"dicamba";"1918-00-9";"1.92";"Env B";"";"Non"
2022;"97422";"8400600";"fluroxypyr-meptyl";"81406-37-3";"12.6808";"Env A";"";"Non"
2022;"97422";"8500174";"abamectine";"71751-41-2";"0.09";"CMR";"";"Non"
2022;"97422";"8800841";"difenoconazole";"119446-68-3";"0.125";"Env A";"";"Non"
2022;"97422";"8900681";"pendimethaline";"40487-42-1";"26";"Env A";"Substitution";"Non"
2022;"97422";"9100296";"2,4-d";"94-75-7";"108";"Env B";"";"Non"
2022;"97422";"9200215";"cymoxanil";"57966-95-7";"0.48";"CMR";"";"Non"
2022;"97422";"9200215";"metirame";"9006-42-2";"5.7";"Env A";"";"Non"
2022;"97422";"9500432";"acrinathrine";"101007-06-1";"0.675";"CMR";"";"Non"
2022;"97422";"9500628";"bentazone";"25057-89-0";"2.61";"Env B";"";"Non"
2022;"97422";"9600025";"fosetyl-aluminium";"39148-24-8";"0.8";"Autre";"";"Non"
2022;"97422";"9700332";"azoxystrobine";"131860-33-8";"0.75";"Santé A";"";"Non"
2022;"97422";"9800144";"indoxacarbe";"173584-44-6";"0.078";"Santé A";"";"Non"
2022;"97422";"9800219";"ethephon";"16672-87-0";"0.6";"Santé A";"";"Non"
2022;"97422";"9800336";"lambda-cyhalothrine";"91465-08-6";"0.4";"Santé A";"Substitution";"Non"
2022;"97423";"2000125";"cuivre du sulfate de cuivre";"8011-63-0";"0.62";"Env A";"Substitution";"Non"
2022;"97423";"2010023";"deltamethrine";"52918-63-5";"0.09";"Santé A";"";"Non"
2022;"97423";"2010282";"cypermethrine";"52315-07-8";"0.5";"Env A";"";"Non"
2022;"97423";"2020241";"bacillus thuringiensis ssp aizawai souche abts-1857";"68038-71-1";"0.27";"Autre";"";"Non"
2022;"97423";"2060098";"spinosad";"168316-95-8";"1.008";"Env A";"";"Non"
2022;"97423";"2080129";"meptyldinocap";"131-72-6";"3.5";"Env A";"";"Non"
2022;"97423";"2100026";"cypermethrine";"52315-07-8";"3.5";"Env A";"";"Non"
2022;"97423";"2100028";"fluroxypyr";"69377-81-7";"6";"Env B";"";"Non"
2022;"97423";"2100231";"emamectine benzoate";"155569-91-8";"0.0095";"Santé A";"";"Non"
2022;"97423";"2110101";"pyraflufen-ethyl";"129630-19-9";"0.265";"Env A";"";"Non"
2022;"97423";"2110111";"cyprosulfamide";"221667-31-8";"0.88";"Autre";"";"Non"
2022;"97423";"2110111";"isoxaflutole";"141112-29-0";"0.88";"CMR";"";"Non"
2022;"97423";"2110115";"cypermethrine";"52315-07-8";"2.5";"Env A";"";"Non"
2022;"97423";"2110141";"dimethomorphe";"110488-70-5";"0.36";"Env A";"Exclusion";"Non"
2022;"97423";"2110141";"pyraclostrobine";"175013-18-0";"0.2";"Santé A";"";"Non"
2022;"97423";"2110143";"metribuzine";"21087-64-9";"3.6";"Env A";"";"Non"
2022;"97423";"2120048";"aminopyralid";"150114-71-9";"0.78";"Env A";"";"Non"
2022;"97423";"2120048";"triclopyr";"55335-06-3";"6.24";"Env B";"";"Non"
2022;"97423";"2130059";"lambda-cyhalothrine";"91465-08-6";"0.1";"Santé A";"Substitution";"Non"
2022;"97423";"2130075";"metaldehyde";"108-62-3";"0.4";"CMR";"";"Non"
2022;"97423";"2140085";"abamectine";"71751-41-2";"0.036";"CMR";"";"Non"
2022;"97423";"2140121";"acide pelargonique";"112-05-0";"1.67501";"Autre";"";"Non"
2022;"97423";"2140165";"metribuzine";"21087-64-9";"2.1";"Env A";"";"Non"
2022;"97423";"2140201";"cyflufenamid";"180409-60-3";"0.045";"Env A";"";"Non"
2022;"97423";"2140201";"difenoconazole";"119446-68-3";"0.375";"Env A";"";"Non"
2022;"97423";"2150140";"glyphosate";"1071-83-6";"16.2";"Env A";"";"Non"
2022;"97423";"2150417";"bacillus thuringiensis ssp kurstaki souche abts-351";"68038-71-1";"0.022988";"Autre";"";"Non"
2022;"97423";"2150790";"phosphate ferrique";"10045-86-0";"0.087";"Autre";"";"Non"
2022;"97423";"2150919";"abamectine";"71751-41-2";"0.018";"CMR";"";"Non"
2022;"97423";"2160226";"phosphate ferrique";"10045-86-0";"0.484";"Autre";"";"Non"
2022;"97423";"2190760";"spinosad";"168316-95-8";"0.0006";"Env A";"";"Non"
2022;"97423";"7700216";"soufre pour pulverisation (micronise)";"7704-34-9";"8.25";"Autre";"";"Non"
2022;"97423";"8800841";"difenoconazole";"119446-68-3";"0.250";"Env A";"";"Non"
2022;"97423";"9000361";"goudrons de pin";"8011-48-1";"1.6";"Autre";"";"Non"
2022;"97423";"9100296";"2,4-d";"94-75-7";"18";"Env B";"";"Non"
2022;"97423";"9500628";"bentazone";"25057-89-0";"2.61";"Env B";"";"Non"
2022;"97423";"9800336";"lambda-cyhalothrine";"91465-08-6";"0.2";"Santé A";"Substitution";"Non"
2022;"97424";"2000003";"metazachlore";"67129-08-2";"7.5";"CMR";"";"Non"
2022;"97424";"2000044";"fluazifop-p-butyl";"79241-46-6";"0.625";"CMR";"";"Non"
2022;"97424";"2000125";"cuivre du sulfate de cuivre";"8011-63-0";"0.98";"Env A";"Substitution";"Non"
2022;"97424";"2000202";"glyphosate";"1071-83-6";"3.6";"Env A";"";"Non"
2022;"97424";"2000316";"esfenvalerate";"66230-04-4";"0.05";"Santé A";"Substitution";"Non"
2022;"97424";"2000327";"carfentrazone ethyl";"128639-02-1";"0.30";"Env A";"";"Non"
2022;"97424";"2000517";"cuivre de l'hydroxyde de cuivre";"20427-59-2";"15.48";"Santé A";"Substitution";"Non"
2022;"97424";"2010023";"deltamethrine";"52918-63-5";"3.090";"Santé A";"";"Non"
2022;"97424";"2010282";"cypermethrine";"52315-07-8";"5.0";"Env A";"";"Non"
2022;"97424";"2020474";"metazachlore";"67129-08-2";"2.5";"CMR";"";"Non"
2022;"97424";"2030404";"pendimethaline";"40487-42-1";"68";"Env A";"Substitution";"Non"
2022;"97424";"2050046";"flonicamide";"158062-67-0";"1.5";"Autre";"";"Non"
2022;"97424";"2060002";"difenoconazole";"119446-68-3";"0.5";"Env A";"";"Non"
2022;"97424";"2060050";"metrafenone";"220899-03-6";"3.5";"Env A";"";"Non"
2022;"97424";"2060084";"boscalid";"188425-85-6";"7.476";"Env A";"";"Non"
2022;"97424";"2060084";"pyraclostrobine";"175013-18-0";"1.876";"Santé A";"";"Non"
2022;"97424";"2060085";"boscalid";"188425-85-6";"1.4";"Env A";"";"Non"
2022;"97424";"2060085";"kresoxim-methyl";"143390-89-0";"0.7";"CMR";"";"Non"
2022;"97424";"2060088";"benoxacor";"98730-04-2";"11.7";"Autre";"";"Non"
2022;"97424";"2060088";"mesotrione";"104206-82-8";"23.4";"CMR";"";"Non"
2022;"97424";"2060088";"s-metolachlore";"87392-12-9";"234";"Env A";"";"Non"
2022;"97424";"2060098";"spinosad";"168316-95-8";"7.968";"Env A";"";"Non"
2022;"97424";"2060113";"bifenazate";"149877-41-8";"0.18";"Env A";"";"Non"
2022;"97424";"2060130";"spinosad";"168316-95-8";"0.00408";"Env A";"";"Non"
2022;"97424";"2080060";"pyriproxyfene";"95737-68-1";"1.4";"Env A";"";"Non"
2022;"97424";"2080098";"mandipropamide";"374726-62-2";"5.00";"Env A";"";"Non"
2022;"97424";"2080114";"cymoxanil";"57966-95-7";"0.5";"CMR";"";"Non"
2022;"97424";"2080114";"propamocarbe hcl";"25606-41-1";"4";"Autre";"";"Non"
2022;"97424";"2080129";"meptyldinocap";"131-72-6";"1.05";"Env A";"";"Non"
2022;"97424";"2080136";"pyridate";"55512-33-9";"1.35";"Env A";"";"Non"
2022;"97424";"2090063";"tebuconazole";"107534-96-3";"0.9";"CMR";"";"Non"
2022;"97424";"2090063";"trifloxystrobine";"141517-21-7";"0.45";"Env A";"";"Non"
2022;"97424";"2090127";"huile essentielle d'orange douce";"8028-48-6";"1.5";"Env A";"";"Non"
2022;"97424";"2090199";"huile de colza";"8002-13-9";"0.206325";"Autre";"";"Non"
2022;"97424";"2090199";"pyrethrines";"8003-34-7";"0.001148";"Env A";"";"Non"
2022;"97424";"2100026";"cypermethrine";"52315-07-8";"12.5";"Env A";"";"Non"
2022;"97424";"2100028";"fluroxypyr";"69377-81-7";"9";"Env B";"";"Non"
2022;"97427";"2120048";"triclopyr";"55335-06-3";"12.72";"Env B";"";"Non"
2022;"97427";"2120067";"cymoxanil";"57966-95-7";"3.15";"CMR";"";"Non"
2022;"97427";"2120143";"glyphosate";"1071-83-6";"38.4";"Env A";"";"Non"
2022;"97427";"2120209";"cymoxanil";"57966-95-7";"3.75";"CMR";"";"Non"
2022;"97427";"2120209";"fluazinam";"79622-59-6";"5.625";"CMR";"";"Non"
2022;"97427";"2130059";"lambda-cyhalothrine";"91465-08-6";"0.1";"Santé A";"Substitution";"Non"
2022;"97427";"2130075";"metaldehyde";"108-62-3";"0.8";"CMR";"";"Non"
2022;"97427";"2130079";"cyflufenamid";"180409-60-3";"0.05";"Env A";"";"Non"
2022;"97427";"2130115";"deltamethrine";"52918-63-5";"0.00132";"Santé A";"";"Non"
2022;"97427";"2130152";"fluopyram";"658066-35-4";"0.25";"Env A";"";"Non"
2022;"97427";"2130152";"trifloxystrobine";"141517-21-7";"0.25";"Env A";"";"Non"
2022;"97427";"2130244";"difenoconazole";"119446-68-3";"2.5";"Env A";"";"Non"
2022;"97427";"2130244";"mandipropamide";"374726-62-2";"2.5";"Env A";"";"Non"
2022;"97427";"2130251";"lambda-cyhalothrine";"91465-08-6";"0.5";"Santé A";"Substitution";"Non"
2022;"97427";"2140085";"abamectine";"71751-41-2";"0.432";"CMR";"";"Non"
2022;"97427";"2140121";"acide pelargonique";"112-05-0";"2.539837";"Autre";"";"Non"
2022;"97427";"2140165";"metribuzine";"21087-64-9";"4.9";"Env A";"";"Non"
2022;"97427";"2140201";"cyflufenamid";"180409-60-3";"0.270";"Env A";"";"Non"
2022;"97427";"2140201";"difenoconazole";"119446-68-3";"2.250";"Env A";"";"Non"
2022;"97427";"2150140";"glyphosate";"1071-83-6";"174.6";"Env A";"";"Non"
2022;"97427";"2150417";"bacillus thuringiensis ssp kurstaki souche abts-351";"68038-71-1";"0.107276";"Autre";"";"Non"
2022;"97427";"2150790";"phosphate ferrique";"10045-86-0";"0.594";"Autre";"";"Non"
2022;"97427";"2150919";"abamectine";"71751-41-2";"0.216";"CMR";"";"Non"
2022;"97427";"2160115";"acide pelargonique";"112-05-0";"0.09297";"Autre";"";"Non"
2022;"97427";"2160272";"hexythiazox";"78587-05-0";"0.125";"Env A";"";"Non"
2022;"97427";"2160494";"bacillus thuringiensis ssp kurstaki souche eg 2348";"68038-71-1";"1.875";"Autre";"";"Non"
2022;"97427";"2160527";"sels de potassium d'acides gras";"10124-65-9";"0.4798";"Autre";"";"Non"
2022;"97427";"2160842";"metribuzine";"21087-64-9";"4.2";"Env A";"";"Non"
2022;"97427";"2160962";"fluxapyroxad";"907204-31-3";"0.3";"Santé A";"";"Non"
2022;"97427";"2180123";"benzovindiflupyr";"1072957-71-1";"0.0708";"Santé A";"Substitution";"Non"
2022;"97427";"2180123";"difenoconazole";"119446-68-3";"0.2364";"Env A";"";"Non"
2022;"97427";"2190148";"difenoconazole";"119446-68-3";"0.05";"Env A";"";"Non"
2022;"97427";"2190148";"fluxapyroxad";"907204-31-3";"0.075";"Santé A";"";"Non"
2022;"97427";"2190173";"metaldehyde";"108-62-3";"0.36";"CMR";"";"Non"
2022;"97427";"2190173";"phosphate ferrique";"10045-86-0";"0.5832";"Autre";"";"Non"
2022;"97427";"2190760";"spinosad";"168316-95-8";"0.0028";"Env A";"";"Non"
2022;"97427";"2200059";"huile essentielle d'orange douce";"8028-48-6";"0.012";"Env A";"";"Non"
2022;"97427";"2210895";"huile essentielle d'orange douce";"8028-48-6";"0.0122";"Env A";"";"Non"
2022;"97427";"7500716";"cuivre du sulfate de cuivre";"8011-63-0";"27";"Env A";"Substitution";"Non"
2022;"97427";"7600008";"bupirimate";"41483-43-6";"0.75";"CMR";"";"Non"
2022;"97427";"8300025";"penconazole";"66246-88-6";"0.4";"CMR";"";"Non"
2022;"97427";"8400096";"dicamba";"1918-00-9";"0.48";"Env B";"";"Non"
2022;"97427";"8400528";"isoxaben";"82558-50-7";"0.125";"Env B";"";"Non"
2022;"97427";"8400600";"fluroxypyr-meptyl";"81406-37-3";"5.4758";"Env A";"";"Non"
2022;"97427";"8500174";"abamectine";"71751-41-2";"0.513";"CMR";"";"Non"
2022;"97427";"8800395";"lambda-cyhalothrine";"91465-08-6";"0.025";"Santé A";"Substitution";"Non"
2022;"97427";"8800395";"pyrimicarbe";"23103-98-2";"0.5";"CMR";"";"Non"
2022;"97427";"8800841";"difenoconazole";"119446-68-3";"5.750";"Env A";"";"Non"
2022;"97427";"8900564";"tau-fluvalinate";"102851-06-9";"0.24";"Env A";"";"Non"
2022;"97427";"8900681";"pendimethaline";"40487-42-1";"6";"Env A";"Substitution";"Non"
2022;"97427";"9000361";"goudrons de pin";"8011-48-1";"1.6";"Autre";"";"Non"
2022;"97427";"9100296";"2,4-d";"94-75-7";"147";"Env B";"";"Non"
2022;"97427";"9200215";"cymoxanil";"57966-95-7";"0.72";"CMR";"";"Non"
2022;"97427";"9200215";"metirame";"9006-42-2";"8.550";"Env A";"";"Non"
2022;"97427";"9400462";"e/z9-dodecenyl acetate";"16974-34-8";"0.01265";"Autre";"";"Non"
2022;"97427";"9400463";"phenmediphame";"13684-63-4";"0.8";"Env A";"";"Non"
2022;"97427";"9500568";"cyprodinyl";"121552-61-2";"1.125";"Env A";"";"Non"
2022;"97427";"9500568";"fludioxonil";"131341-86-1";"0.75";"Env A";"";"Non"
2022;"97427";"9500628";"bentazone";"25057-89-0";"2.61";"Env B";"";"Non"
2022;"97427";"9600199";"fosthiazate";"98886-44-3";"1";"Santé A";"";"Non"
2022;"97427";"9700332";"azoxystrobine";"131860-33-8";"8.25";"Santé A";"";"Non"
2022;"97427";"9800144";"indoxacarbe";"173584-44-6";"0.114";"Santé A";"";"Non"
2022;"97427";"9800219";"ethephon";"16672-87-0";"0.6";"Santé A";"";"Non"
2022;"97427";"9800336";"lambda-cyhalothrine";"91465-08-6";"4.825";"Santé A";"Substitution";"Non"
2022;"97427";"9800484";"etoxazole";"153233-91-1";"0.44";"Env A";"Substitution";"Non"
2022;"97427";"9900047";"mesotrione";"104206-82-8";"0.8";"CMR";"";"Non"
2022;"97427";"9900227";"cuivre de l'hydroxyde de cuivre";"20427-59-2";"37.2";"Santé A";"Substitution";"Non"
2022;"97427";"9900257";"cuivre du sulfate de cuivre";"8011-63-0";"0.16";"Env A";"Substitution";"Non"
2022;"97429";"2000003";"metazachlore";"67129-08-2";"5";"CMR";"";"Non"
2022;"97429";"2000044";"fluazifop-p-butyl";"79241-46-6";"5.000";"CMR";"";"Non"
2022;"97429";"2000125";"cuivre du sulfate de cuivre";"8011-63-0";"0.28";"Env A";"Substitution";"Non"
2022;"97429";"2000202";"glyphosate";"1071-83-6";"7.2";"Env A";"";"Non"
2022;"97429";"2000316";"esfenvalerate";"66230-04-4";"0.05";"Santé A";"Substitution";"Non"
2022;"97429";"2000327";"carfentrazone ethyl";"128639-02-1";"0.06";"Env A";"";"Non"
2022;"97429";"2000517";"cuivre de l'hydroxyde de cuivre";"20427-59-2";"5.4";"Santé A";"Substitution";"Non"
2022;"97429";"2010023";"deltamethrine";"52918-63-5";"0.615";"Santé A";"";"Non"
2022;"97429";"2010130";"cuivre de l'oxyde cuivreux";"1317-39-1";"7.5";"Env A";"Substitution";"Non"
2022;"97429";"2010282";"cypermethrine";"52315-07-8";"4.0";"Env A";"";"Non"
2022;"97429";"2030404";"pendimethaline";"40487-42-1";"24";"Env A";"Substitution";"Non"
2022;"97429";"2050046";"flonicamide";"158062-67-0";"0.25";"Autre";"";"Non"
2022;"97429";"2060084";"boscalid";"188425-85-6";"2.670";"Env A";"";"Non"
2022;"97429";"2060084";"pyraclostrobine";"175013-18-0";"0.670";"Santé A";"";"Non"
2022;"97429";"2060085";"boscalid";"188425-85-6";"0.4";"Env A";"";"Non"
2022;"97429";"2060085";"kresoxim-methyl";"143390-89-0";"0.2";"CMR";"";"Non"
2022;"97429";"2060088";"benoxacor";"98730-04-2";"10.6";"Autre";"";"Non"
2022;"97429";"2060088";"mesotrione";"104206-82-8";"21.2";"CMR";"";"Non"
2022;"97429";"2060088";"s-metolachlore";"87392-12-9";"212";"Env A";"";"Non"
2022;"97429";"2060098";"spinosad";"168316-95-8";"4.128";"Env A";"";"Non"
2022;"97429";"2060113";"bifenazate";"149877-41-8";"0.06";"Env A";"";"Non"
2022;"97429";"2060130";"spinosad";"168316-95-8";"0.00024";"Env A";"";"Non"
2022;"97429";"2060194";"tefluthrine";"79538-32-2";"0.18";"Santé A";"";"Non"
2022;"97429";"2080060";"pyriproxyfene";"95737-68-1";"0.2";"Env A";"";"Non"
2022;"97429";"2080098";"mandipropamide";"374726-62-2";"0.75";"Env A";"";"Non"
2022;"97429";"2080102";"azoxystrobine";"131860-33-8";"2";"Santé A";"";"Non"
2022;"97429";"2080102";"difenoconazole";"119446-68-3";"1.25";"Env A";"";"Non"
2022;"97429";"2080114";"cymoxanil";"57966-95-7";"0.5";"CMR";"";"Non"
2022;"97429";"2080114";"propamocarbe hcl";"25606-41-1";"4";"Autre";"";"Non"
2022;"97429";"2090037";"dicamba";"1918-00-9";"0.5";"Env B";"";"Non"
2022;"97429";"2090037";"prosulfuron";"94125-34-5";"0.05";"Env A";"Substitution";"Non"
2022;"97429";"2090063";"tebuconazole";"107534-96-3";"1.4";"CMR";"";"Non"
2022;"97429";"2090063";"trifloxystrobine";"141517-21-7";"0.7";"Env A";"";"Non"
2022;"97429";"2090093";"glyphosate";"1071-83-6";"2.25";"Env A";"";"Non"
2022;"97429";"2090127";"huile essentielle d'orange douce";"8028-48-6";"0.9";"Env A";"";"Non"
2022;"97429";"2090136";"fluopicolide";"239110-15-7";"0.625";"Env A";"";"Non"
2022;"97429";"2090136";"propamocarbe hcl";"25606-41-1";"6.25";"Autre";"";"Non"
2022;"97429";"2090199";"huile de colza";"8002-13-9";"0.41265";"Autre";"";"Non"
2022;"97429";"2090199";"pyrethrines";"8003-34-7";"0.002295";"Env A";"";"Non"
2022;"97429";"2100026";"cypermethrine";"52315-07-8";"9.5";"Env A";"";"Non"
2022;"97429";"2100028";"fluroxypyr";"69377-81-7";"17";"Env B";"";"Non"
2022;"97429";"2100111";"mesotrione";"104206-82-8";"0.375";"CMR";"";"Non"
2022;"97429";"2100111";"nicosulfuron";"111991-09-4";"0.15";"Env A";"";"Non"
2022;"97429";"2100122";"chlorantraniliprole";"500008-45-7";"0.315";"Env A";"";"Non"
2022;"97429";"2100206";"glyphosate";"1071-83-6";"16.2";"Env A";"";"Non"
2022;"97429";"2100231";"emamectine benzoate";"155569-91-8";"0.0760";"Santé A";"";"Non"
2022;"97429";"2110012";"cyazofamide";"120116-88-3";"3.68";"Env A";"";"Non"
2022;"97429";"2110086";"spirotetramat";"203313-25-1";"1.6";"CMR";"";"Non"
2022;"97429";"2110101";"pyraflufen-ethyl";"129630-19-9";"0.8215";"Env A";"";"Non"
2022;"97429";"2110111";"cyprosulfamide";"221667-31-8";"1.76";"Autre";"";"Non"
2022;"97429";"2110111";"isoxaflutole";"141112-29-0";"1.76";"CMR";"";"Non"
2022;"97429";"2110115";"cypermethrine";"52315-07-8";"5.9";"Env A";"";"Non"
2022;"97429";"2110141";"dimethomorphe";"110488-70-5";"0.36";"Env A";"Exclusion";"Non"
2022;"97429";"2110141";"pyraclostrobine";"175013-18-0";"0.2";"Santé A";"";"Non"
2022;"97429";"2110143";"metribuzine";"21087-64-9";"19.8";"Env A";"";"Non"
2022;"97429";"2120048";"aminopyralid";"150114-71-9";"9.72";"Env A";"";"Non"
2022;"97429";"2120048";"triclopyr";"55335-06-3";"77.76";"Env B";"";"Non"
2022;"97429";"2120067";"cymoxanil";"57966-95-7";"0.90";"CMR";"";"Non"
2022;"97429";"2120143";"glyphosate";"1071-83-6";"57.6";"Env A";"";"Non"
2022;"97429";"2120209";"cymoxanil";"57966-95-7";"2.50";"CMR";"";"Non"
2022;"97429";"2120209";"fluazinam";"79622-59-6";"3.750";"CMR";"";"Non"
2022;"97429";"2130059";"lambda-cyhalothrine";"91465-08-6";"0.3";"Santé A";"Substitution";"Non"
2022;"97429";"2130075";"metaldehyde";"108-62-3";"0.6";"CMR";"";"Non"
2022;"97429";"2130115";"deltamethrine";"52918-63-5";"0.001056";"Santé A";"";"Non"
2022;"97429";"2130212";"phosmet";"732-11-6";"5";"CMR";"";"Non"
2022;"97429";"2130251";"lambda-cyhalothrine";"91465-08-6";"0.2";"Santé A";"Substitution";"Non"
2022;"97429";"2130253";"2,4-d";"94-75-7";"38.56";"Env B";"";"Non"
2022;"97429";"2130253";"glyphosate";"1071-83-6";"57.84";"Env A";"";"Non"
2022;"97429";"2140085";"abamectine";"71751-41-2";"0.774";"CMR";"";"Non"
2022;"97429";"2140165";"metribuzine";"21087-64-9";"43.4";"Env A";"";"Non"
2022;"97429";"2140201";"cyflufenamid";"180409-60-3";"0.12";"Env A";"";"Non"
2022;"97429";"2140201";"difenoconazole";"119446-68-3";"1";"Env A";"";"Non"
2022;"97429";"2150140";"glyphosate";"1071-83-6";"275.4";"Env A";"";"Non"
2022;"97429";"2150417";"bacillus thuringiensis ssp kurstaki souche abts-351";"68038-71-1";"0.03065";"Autre";"";"Non"
2022;"97429";"2150790";"phosphate ferrique";"10045-86-0";"0.2585";"Autre";"";"Non"
2022;"97429";"2150919";"abamectine";"71751-41-2";"0.342";"CMR";"";"Non"
2022;"97429";"2160272";"hexythiazox";"78587-05-0";"0.0625";"Env A";"";"Non"
2022;"97429";"2160842";"metribuzine";"21087-64-9";"2.8";"Env A";"";"Non"
2022;"97429";"2180735";"spinetoram";"935545-74-7";"0.125";"CMR";"";"Non"
2022;"97429";"2190173";"metaldehyde";"108-62-3";"0.18";"CMR";"";"Non"
2022;"97429";"2190173";"phosphate ferrique";"10045-86-0";"0.2916";"Autre";"";"Non"
2022;"97429";"2200059";"huile essentielle d'orange douce";"8028-48-6";"0.006";"Env A";"";"Non"
2022;"97429";"2210895";"huile essentielle d'orange douce";"8028-48-6";"0.0061";"Env A";"";"Non"
2022;"97429";"7500716";"cuivre du sulfate de cuivre";"8011-63-0";"11";"Env A";"Substitution";"Non"
2022;"97429";"8300025";"penconazole";"66246-88-6";"0.3";"CMR";"";"Non"
2022;"97429";"8400096";"dicamba";"1918-00-9";"0.48";"Env B";"";"Non"
2022;"97429";"8400528";"isoxaben";"82558-50-7";"0.5";"Env B";"";"Non"
2022;"97429";"8400600";"fluroxypyr-meptyl";"81406-37-3";"18.4448";"Env A";"";"Non"
2022;"97429";"8500174";"abamectine";"71751-41-2";"0.405";"CMR";"";"Non"
2022;"97429";"8600243";"aclonifen";"74070-46-5";"18";"CMR";"";"Non"
2022;"97429";"8800029";"phenmediphame";"13684-63-4";"0.8";"Env A";"";"Non"
2022;"97429";"8800395";"lambda-cyhalothrine";"91465-08-6";"0.05";"Santé A";"Substitution";"Non"
2022;"97429";"8800395";"pyrimicarbe";"23103-98-2";"1";"CMR";"";"Non"
2022;"97429";"8800841";"difenoconazole";"119446-68-3";"0.625";"Env A";"";"Non"
2022;"97429";"8900564";"tau-fluvalinate";"102851-06-9";"1.20";"Env A";"";"Non"
2022;"97429";"8900681";"pendimethaline";"40487-42-1";"28";"Env A";"Substitution";"Non"
2022;"97429";"9000753";"metaldehyde";"108-62-3";"0.25";"CMR";"";"Non"
2022;"97429";"9100296";"2,4-d";"94-75-7";"348";"Env B";"";"Non"
2022;"97429";"9200073";"triflusulfuron-methyl";"126535-15-7";"0.3";"CMR";"";"Non"
2022;"97429";"9200159";"pyrimethanil";"53112-28-0";"8.8";"Env A";"";"Non"
2022;"97429";"9200215";"cymoxanil";"57966-95-7";"1.32";"CMR";"";"Non"
2022;"97429";"9200215";"metirame";"9006-42-2";"15.675";"Env A";"";"Non"
2022;"97429";"9400463";"phenmediphame";"13684-63-4";"0.8";"Env A";"";"Non"
2022;"97429";"9500432";"acrinathrine";"101007-06-1";"0.825";"CMR";"";"Non"
2022;"97429";"9500568";"cyprodinyl";"121552-61-2";"1.875";"Env A";"";"Non"
2022;"97429";"9500568";"fludioxonil";"131341-86-1";"1.25";"Env A";"";"Non"
2022;"97429";"9500628";"bentazone";"25057-89-0";"2.61";"Env B";"";"Non"
2022;"97429";"9700332";"azoxystrobine";"131860-33-8";"7.50";"Santé A";"";"Non"
2022;"97429";"9700401";"cuivre de l'hydroxyde de cuivre";"20427-59-2";"3.5";"Santé A";"Substitution";"Non"
2022;"97429";"9800144";"indoxacarbe";"173584-44-6";"0.867";"Santé A";"";"Non"
2022;"97429";"9800182";"s-metolachlore";"87392-12-9";"4.8";"Env A";"";"Non"
2022;"97429";"9800219";"ethephon";"16672-87-0";"0.6";"Santé A";"";"Non"
2022;"97429";"9800244";"fenhexamid";"126833-17-8";"0.75";"Env A";"";"Non"
2022;"97429";"9800336";"lambda-cyhalothrine";"91465-08-6";"2.325";"Santé A";"Substitution";"Non"
2022;"97429";"9800484";"etoxazole";"153233-91-1";"0.22";"Env A";"Substitution";"Non"
2022;"97429";"9900047";"mesotrione";"104206-82-8";"2.5";"CMR";"";"Non"
2022;"97429";"9900227";"cuivre de l'hydroxyde de cuivre";"20427-59-2";"20";"Santé A";"Substitution";"Non"
2022;"97430";"2000003";"metazachlore";"67129-08-2";"35.0";"CMR";"";"Non"
2022;"97430";"2000018";"soufre pour pulverisation (micronise)";"7704-34-9";"32";"Autre";"";"Non"
2022;"97430";"2000044";"fluazifop-p-butyl";"79241-46-6";"35.000";"CMR";"";"Non"
2022;"97430";"2000125";"cuivre du sulfate de cuivre";"8011-63-0";"48.5";"Env A";"Substitution";"Non"
2022;"97430";"2000202";"glyphosate";"1071-83-6";"135.0";"Env A";"";"Non"
2022;"97430";"2000299";"clomazone";"81777-89-1";"0.36";"Env A";"";"Non"
2022;"97430";"2000316";"esfenvalerate";"66230-04-4";"0.30";"Santé A";"Substitution";"Non"
2022;"97430";"2000327";"carfentrazone ethyl";"128639-02-1";"0.30";"Env A";"";"Non"
2022;"97430";"2000517";"cuivre de l'hydroxyde de cuivre";"20427-59-2";"60.48";"Santé A";"Substitution";"Non"
2022;"97430";"2010023";"deltamethrine";"52918-63-5";"3.555";"Santé A";"";"Non"
2022;"97430";"2010130";"cuivre de l'oxyde cuivreux";"1317-39-1";"7.5";"Env A";"Substitution";"Non"
2022;"97430";"2010282";"cypermethrine";"52315-07-8";"41.4";"Env A";"";"Non"
2022;"97430";"2020241";"bacillus thuringiensis ssp aizawai souche abts-1857";"68038-71-1";"4.86";"Autre";"";"Non"
2022;"97430";"2020474";"metazachlore";"67129-08-2";"17.5";"CMR";"";"Non"
2022;"97430";"2030255";"tebuconazole";"107534-96-3";"6.25";"CMR";"";"Non"
2022;"97430";"2030404";"pendimethaline";"40487-42-1";"4";"Env A";"Substitution";"Non"
2022;"97430";"2050046";"flonicamide";"158062-67-0";"2.5";"Autre";"";"Non"
2022;"97430";"2060002";"difenoconazole";"119446-68-3";"1";"Env A";"";"Non"
2022;"97430";"2060050";"metrafenone";"220899-03-6";"3.5";"Env A";"";"Non"
2022;"97430";"2060084";"boscalid";"188425-85-6";"69.420";"Env A";"";"Non"
2022;"97430";"2060084";"pyraclostrobine";"175013-18-0";"17.420";"Santé A";"";"Non"
2022;"97430";"2060085";"boscalid";"188425-85-6";"1.4";"Env A";"";"Non"
2022;"97430";"2060085";"kresoxim-methyl";"143390-89-0";"0.7";"CMR";"";"Non"
2022;"97430";"2060088";"benoxacor";"98730-04-2";"4.2";"Autre";"";"Non"
2022;"97430";"2060088";"mesotrione";"104206-82-8";"8.4";"CMR";"";"Non"
2022;"97430";"2060088";"s-metolachlore";"87392-12-9";"84";"Env A";"";"Non"
2022;"97430";"2060098";"spinosad";"168316-95-8";"52.752";"Env A";"";"Non"
2022;"97430";"2060113";"bifenazate";"149877-41-8";"0.54";"Env A";"";"Non"
2022;"97430";"2060130";"spinosad";"168316-95-8";"0.00048";"Env A";"";"Non"
2022;"97430";"2060194";"tefluthrine";"79538-32-2";"0.72";"Santé A";"";"Non"
2022;"97430";"2070107";"fosetyl";"15845-66-6";"0.31";"Autre";"";"Non"
2022;"97430";"2070107";"propamocarbe";"24579-73-5";"0.53";"Autre";"";"Non"
2022;"97430";"2070185";"fluazinam";"79622-59-6";"5";"CMR";"";"Non"
2022;"97430";"2080060";"pyriproxyfene";"95737-68-1";"1.6";"Env A";"";"Non"
2022;"97430";"2080098";"mandipropamide";"374726-62-2";"7.75";"Env A";"";"Non"
2022;"97430";"2080102";"azoxystrobine";"131860-33-8";"15";"Santé A";"";"Non"
2022;"97430";"2080102";"difenoconazole";"119446-68-3";"9.375";"Env A";"";"Non"
2022;"97430";"2080114";"cymoxanil";"57966-95-7";"9.25";"CMR";"";"Non"
2022;"97430";"2080114";"propamocarbe hcl";"25606-41-1";"74";"Autre";"";"Non"
2022;"97430";"2080129";"meptyldinocap";"131-72-6";"4.90";"Env A";"";"Non"
2022;"97430";"2080136";"pyridate";"55512-33-9";"1.35";"Env A";"";"Non"
2022;"97430";"2090063";"tebuconazole";"107534-96-3";"3.0";"CMR";"";"Non"
2022;"97430";"2090063";"trifloxystrobine";"141517-21-7";"1.50";"Env A";"";"Non"
2022;"97430";"2090093";"glyphosate";"1071-83-6";"144";"Env A";"";"Non"
2022;"97430";"2090127";"huile essentielle d'orange douce";"8028-48-6";"7.8";"Env A";"";"Non"
2022;"97430";"2090136";"fluopicolide";"239110-15-7";"23.125";"Env A";"";"Non"
2022;"97430";"2090136";"propamocarbe hcl";"25606-41-1";"231.25";"Autre";"";"Non"
2022;"97430";"2090199";"huile de colza";"8002-13-9";"2.88855";"Autre";"";"Non"
2022;"97430";"2090199";"pyrethrines";"8003-34-7";"0.016065";"Env A";"";"Non"
2022;"97430";"2100026";"cypermethrine";"52315-07-8";"283.5";"Env A";"";"Non"
2022;"97430";"2100028";"fluroxypyr";"69377-81-7";"17";"Env B";"";"Non"
2022;"97430";"2100122";"chlorantraniliprole";"500008-45-7";"17.430";"Env A";"";"Non"
2022;"97430";"2100206";"glyphosate";"1071-83-6";"118.8";"Env A";"";"Non"
2022;"97430";"2100231";"emamectine benzoate";"155569-91-8";"0.8835";"Santé A";"";"Non"
2022;"97430";"2110011";"clomazone";"81777-89-1";"1.5";"Env A";"";"Non"
2022;"97430";"2110011";"metribuzine";"21087-64-9";"5.825";"Env A";"";"Non"
2022;"97430";"2110012";"cyazofamide";"120116-88-3";"30.40";"Env A";"";"Non"
2022;"97430";"2110040";"bacillus subtilis souche qst 713";"68038-70-0";"0.01567";"Autre";"";"Non"
2022;"97430";"2110073";"indoxacarbe";"173584-44-6";"1.3125";"Santé A";"";"Non"
2022;"97430";"2110086";"spirotetramat";"203313-25-1";"14.4";"CMR";"";"Non"
2022;"97430";"2110101";"pyraflufen-ethyl";"129630-19-9";"4.1075";"Env A";"";"Non"
2022;"97430";"2110111";"cyprosulfamide";"221667-31-8";"0.88";"Autre";"";"Non"
2022;"97430";"2110111";"isoxaflutole";"141112-29-0";"0.88";"CMR";"";"Non"
2022;"97430";"2110115";"cypermethrine";"52315-07-8";"82.4";"Env A";"";"Non"
2022;"97430";"2110141";"dimethomorphe";"110488-70-5";"9.36";"Env A";"Exclusion";"Non"
2022;"97430";"2110141";"pyraclostrobine";"175013-18-0";"5.2";"Santé A";"";"Non"
2022;"97400";"2010023";"deltamethrine";"52918-63-5";"0.03";"Santé A";"";"Non"
2022;"97400";"2010282";"cypermethrine";"52315-07-8";"0.2";"Env A";"";"Non"
2022;"97400";"2060084";"boscalid";"188425-85-6";"2.403";"Env A";"";"Non"
2022;"97400";"2060084";"pyraclostrobine";"175013-18-0";"0.603";"Santé A";"";"Non"
2022;"97400";"2060088";"benoxacor";"98730-04-2";"0.1";"Autre";"";"Non"
2022;"97400";"2060088";"mesotrione";"104206-82-8";"0.2";"CMR";"";"Non"
2022;"97400";"2060088";"s-metolachlore";"87392-12-9";"2";"Env A";"";"Non"
2022;"97400";"2060098";"spinosad";"168316-95-8";"0.096";"Env A";"";"Non"
2022;"97400";"2080060";"pyriproxyfene";"95737-68-1";"0.2";"Env A";"";"Non"
2022;"97400";"2090199";"huile de colza";"8002-13-9";"0.206325";"Autre";"";"Non"
2022;"97400";"2090199";"pyrethrines";"8003-34-7";"0.001148";"Env A";"";"Non"
2022;"97400";"2100026";"cypermethrine";"52315-07-8";"1.0";"Env A";"";"Non"
2022;"97400";"2100206";"glyphosate";"1071-83-6";"8.1";"Env A";"";"Non"
2022;"97400";"2110086";"spirotetramat";"203313-25-1";"0.1";"CMR";"";"Non"
2022;"97400";"2110143";"metribuzine";"21087-64-9";"1.8";"Env A";"";"Non"
2022;"97400";"2110150";"huile de colza";"8002-13-9";"0.9324";"Autre";"";"Non"
2022;"97400";"2130153";"acide acetique";"64-19-7";"0.162";"Autre";"";"Non"
2022;"97400";"2140085";"abamectine";"71751-41-2";"0.198";"CMR";"";"Non"
2022;"97400";"2140121";"acide pelargonique";"112-05-0";"4.23623";"Autre";"";"Non"
2022;"97400";"2150140";"glyphosate";"1071-83-6";"3.6";"Env A";"";"Non"
2022;"97400";"2150417";"bacillus thuringiensis ssp kurstaki souche abts-351";"68038-71-1";"0.099614";"Autre";"";"Non"
2022;"97400";"2150790";"phosphate ferrique";"10045-86-0";"0.8935";"Autre";"";"Non"
2022;"97400";"2190760";"spinosad";"168316-95-8";"0.0029";"Env A";"";"Non"
2022;"97400";"2210895";"huile essentielle d'orange douce";"8028-48-6";"0.0488";"Env A";"";"Non"
2022;"97400";"7500716";"cuivre du sulfate de cuivre";"8011-63-0";"2";"Env A";"Substitution";"Non"
2022;"97400";"9000361";"goudrons de pin";"8011-48-1";"1.6";"Autre";"";"Non"
2022;"97400";"9100296";"2,4-d";"94-75-7";"6";"Env B";"";"Non"
2022;"97400";"9700332";"azoxystrobine";"131860-33-8";"0.25";"Santé A";"";"Non"
2022;"97400";"9800219";"ethephon";"16672-87-0";"2.4";"Santé A";"";"Non"
2022;"97400";"9800336";"lambda-cyhalothrine";"91465-08-6";"0.5";"Santé A";"Substitution";"Non"
2022;"97400";"9900227";"cuivre de l'hydroxyde de cuivre";"20427-59-2";"4";"Santé A";"Substitution";"Non"
2022;"97400";"9900257";"cuivre du sulfate de cuivre";"8011-63-0";"0.96";"Env A";"Substitution";"Non"
2022;"97410";"2000018";"soufre pour pulverisation (micronise)";"7704-34-9";"16";"Autre";"";"Non"
2022;"97410";"2000044";"fluazifop-p-butyl";"79241-46-6";"6.500";"CMR";"";"Non"
2022;"97410";"2000125";"cuivre du sulfate de cuivre";"8011-63-0";"1.1";"Env A";"Substitution";"Non"
2022;"97410";"2000202";"glyphosate";"1071-83-6";"82.8";"Env A";"";"Non"
2022;"97410";"2000316";"esfenvalerate";"66230-04-4";"0.25";"Santé A";"Substitution";"Non"
2022;"97410";"2000327";"carfentrazone ethyl";"128639-02-1";"0.54";"Env A";"";"Non"
2022;"97410";"2000517";"cuivre de l'hydroxyde de cuivre";"20427-59-2";"23.04";"Santé A";"Substitution";"Non"
2022;"97410";"2010023";"deltamethrine";"52918-63-5";"1.875";"Santé A";"";"Non"
2022;"97410";"2010282";"cypermethrine";"52315-07-8";"84.4";"Env A";"";"Non"
2022;"97410";"2030255";"tebuconazole";"107534-96-3";"1.25";"CMR";"";"Non"
2022;"97410";"2030404";"pendimethaline";"40487-42-1";"36";"Env A";"Substitution";"Non"
2022;"97410";"2060050";"metrafenone";"220899-03-6";"2";"Env A";"";"Non"
2022;"97410";"2060084";"boscalid";"188425-85-6";"10.146";"Env A";"";"Non"
2022;"97410";"2060084";"pyraclostrobine";"175013-18-0";"2.546";"Santé A";"";"Non"
2022;"97410";"2060085";"boscalid";"188425-85-6";"1.4";"Env A";"";"Non"
2022;"97410";"2060085";"kresoxim-methyl";"143390-89-0";"0.7";"CMR";"";"Non"
2022;"97410";"2060088";"benoxacor";"98730-04-2";"23.2";"Autre";"";"Non"
2022;"97410";"2060088";"mesotrione";"104206-82-8";"46.4";"CMR";"";"Non"
2022;"97410";"2060088";"s-metolachlore";"87392-12-9";"464";"Env A";"";"Non"
2022;"97410";"2060098";"spinosad";"168316-95-8";"15.840";"Env A";"";"Non"
2022;"97410";"2060113";"bifenazate";"149877-41-8";"0.96";"Env A";"";"Non"
2022;"97410";"2060130";"spinosad";"168316-95-8";"0.01056";"Env A";"";"Non"
2022;"97410";"2080060";"pyriproxyfene";"95737-68-1";"0.7";"Env A";"";"Non"
2022;"97410";"2080098";"mandipropamide";"374726-62-2";"0.50";"Env A";"";"Non"
2022;"97410";"2080114";"cymoxanil";"57966-95-7";"1.5";"CMR";"";"Non"
2022;"97410";"2080114";"propamocarbe hcl";"25606-41-1";"12";"Autre";"";"Non"
2022;"97410";"2080129";"meptyldinocap";"131-72-6";"1.05";"Env A";"";"Non"
2022;"97410";"2080136";"pyridate";"55512-33-9";"2.7";"Env A";"";"Non"
2022;"97410";"2090063";"tebuconazole";"107534-96-3";"7.7";"CMR";"";"Non"
2022;"97410";"2090063";"trifloxystrobine";"141517-21-7";"3.85";"Env A";"";"Non"
2022;"97410";"2090093";"glyphosate";"1071-83-6";"18";"Env A";"";"Non"
2022;"97410";"2090127";"huile essentielle d'orange douce";"8028-48-6";"4.2";"Env A";"";"Non"
2022;"97410";"2090136";"fluopicolide";"239110-15-7";"0.625";"Env A";"";"Non"
2022;"97410";"2090136";"propamocarbe hcl";"25606-41-1";"6.25";"Autre";"";"Non"
2022;"97410";"2090199";"huile de colza";"8002-13-9";"0.8253";"Autre";"";"Non"
2022;"97410";"2090199";"pyrethrines";"8003-34-7";"0.00459";"Env A";"";"Non"
2022;"97410";"2100026";"cypermethrine";"52315-07-8";"23";"Env A";"";"Non"
2022;"97410";"2100028";"fluroxypyr";"69377-81-7";"30";"Env B";"";"Non"
2022;"97410";"2100111";"mesotrione";"104206-82-8";"0.375";"CMR";"";"Non"
2022;"97410";"2100111";"nicosulfuron";"111991-09-4";"0.15";"Env A";"";"Non"
2022;"97410";"2100122";"chlorantraniliprole";"500008-45-7";"2.415";"Env A";"";"Non"
2022;"97410";"2100206";"glyphosate";"1071-83-6";"35.1";"Env A";"";"Non"
2022;"97410";"2100231";"emamectine benzoate";"155569-91-8";"0.1710";"Santé A";"";"Non"
2022;"97410";"2110012";"cyazofamide";"120116-88-3";"3.68";"Env A";"";"Non"
2022;"97410";"2110073";"indoxacarbe";"173584-44-6";"0.1875";"Santé A";"";"Non"
2022;"97410";"2110086";"spirotetramat";"203313-25-1";"2.8";"CMR";"";"Non"
2022;"97410";"2110101";"pyraflufen-ethyl";"129630-19-9";"1.1130";"Env A";"";"Non"
2022;"97410";"2110111";"cyprosulfamide";"221667-31-8";"7.04";"Autre";"";"Non"
2022;"97410";"2110111";"isoxaflutole";"141112-29-0";"7.04";"CMR";"";"Non"
2022;"97410";"2110115";"cypermethrine";"52315-07-8";"29.3";"Env A";"";"Non"
2022;"97410";"2110143";"metribuzine";"21087-64-9";"25.2";"Env A";"";"Non"
2022;"97410";"2110150";"huile de colza";"8002-13-9";"0.3108";"Autre";"";"Non"
2022;"97410";"2120048";"aminopyralid";"150114-71-9";"14.88";"Env A";"";"Non"
2022;"97410";"2120048";"triclopyr";"55335-06-3";"119.04";"Env B";"";"Non"
2022;"97410";"2120067";"cymoxanil";"57966-95-7";"1.80";"CMR";"";"Non"
2022;"97410";"2120143";"glyphosate";"1071-83-6";"76.8";"Env A";"";"Non"
2022;"97410";"2120209";"cymoxanil";"57966-95-7";"11.25";"CMR";"";"Non"
2022;"97410";"2120209";"fluazinam";"79622-59-6";"16.875";"CMR";"";"Non"
2022;"97410";"2130059";"lambda-cyhalothrine";"91465-08-6";"0.6";"Santé A";"Substitution";"Non"
2022;"97410";"2130075";"metaldehyde";"108-62-3";"5.2";"CMR";"";"Non"
2022;"97410";"2130115";"deltamethrine";"52918-63-5";"0.004647";"Santé A";"";"Non"
2022;"97410";"2130153";"acide acetique";"64-19-7";"0.054";"Autre";"";"Non"
2022;"97410";"2130212";"phosmet";"732-11-6";"2.5";"CMR";"";"Non"
2022;"97410";"2130244";"difenoconazole";"119446-68-3";"3.75";"Env A";"";"Non"
2022;"97410";"2130244";"mandipropamide";"374726-62-2";"3.75";"Env A";"";"Non"
2022;"97410";"2130251";"lambda-cyhalothrine";"91465-08-6";"0.1";"Santé A";"Substitution";"Non"
2022;"97410";"2130253";"2,4-d";"94-75-7";"21.6";"Env B";"";"Non"
2022;"97410";"2130253";"glyphosate";"1071-83-6";"32.4";"Env A";"";"Non"
2022;"97410";"2140085";"abamectine";"71751-41-2";"0.972";"CMR";"";"Non"
2022;"97410";"2140121";"acide pelargonique";"112-05-0";"1.18795";"Autre";"";"Non"
2022;"97410";"2140165";"metribuzine";"21087-64-9";"36.4";"Env A";"";"Non"
2022;"97410";"2140201";"cyflufenamid";"180409-60-3";"0.39";"Env A";"";"Non"
2022;"97410";"2140201";"difenoconazole";"119446-68-3";"3.25";"Env A";"";"Non"
2022;"97410";"2150140";"glyphosate";"1071-83-6";"667.8";"Env A";"";"Non"
2022;"97410";"2150417";"bacillus thuringiensis ssp kurstaki souche abts-351";"68038-71-1";"0.061301";"Autre";"";"Non"
2022;"97410";"2150790";"phosphate ferrique";"10045-86-0";"0.5165";"Autre";"";"Non"
2022;"97410";"2150919";"abamectine";"71751-41-2";"0.828";"CMR";"";"Non"
2022;"97410";"2160226";"phosphate ferrique";"10045-86-0";"0.242";"Autre";"";"Non"
2022;"97410";"2160272";"hexythiazox";"78587-05-0";"0.125";"Env A";"";"Non"
2022;"97410";"2160842";"metribuzine";"21087-64-9";"5.6";"Env A";"";"Non"
2022;"97410";"2180735";"spinetoram";"935545-74-7";"0.50";"CMR";"";"Non"
2022;"97410";"2190016";"pyrimicarbe";"23103-98-2";"0.05";"CMR";"";"Non"
2022;"97410";"2190016";"tau-fluvalinate";"102851-06-9";"0.018";"Env A";"";"Non"
2022;"97410";"2190148";"difenoconazole";"119446-68-3";"0.15";"Env A";"";"Non"
2022;"97410";"2190148";"fluxapyroxad";"907204-31-3";"0.225";"Santé A";"";"Non"
2022;"97410";"2210895";"huile essentielle d'orange douce";"8028-48-6";"0.0305";"Env A";"";"Non"
2022;"97410";"7500716";"cuivre du sulfate de cuivre";"8011-63-0";"48";"Env A";"Substitution";"Non"
2022;"97410";"7600008";"bupirimate";"41483-43-6";"8.75";"CMR";"";"Non"
2022;"97410";"7700216";"soufre pour pulverisation (micronise)";"7704-34-9";"8.25";"Autre";"";"Non"
2022;"97410";"8300025";"penconazole";"66246-88-6";"0.7";"CMR";"";"Non"
2022;"97410";"8400096";"dicamba";"1918-00-9";"13.92";"Env B";"";"Non"
2022;"97410";"8400528";"isoxaben";"82558-50-7";"0.375";"Env B";"";"Non"
2022;"97410";"8400600";"fluroxypyr-meptyl";"81406-37-3";"40.6362";"Env A";"";"Non"
2022;"97410";"8500174";"abamectine";"71751-41-2";"1.917";"CMR";"";"Non"
2022;"97410";"8600243";"aclonifen";"74070-46-5";"12";"CMR";"";"Non"
2022;"97410";"8700462";"prosulfocarbe";"52888-80-9";"8";"Env A";"";"Non"
2022;"97410";"8800395";"lambda-cyhalothrine";"91465-08-6";"0.025";"Santé A";"Substitution";"Non"
2022;"97410";"8800395";"pyrimicarbe";"23103-98-2";"0.5";"CMR";"";"Non"
2022;"97410";"8800841";"difenoconazole";"119446-68-3";"3.125";"Env A";"";"Non"
2022;"97410";"8900564";"tau-fluvalinate";"102851-06-9";"0.96";"Env A";"";"Non"
2022;"97410";"8900681";"pendimethaline";"40487-42-1";"56";"Env A";"Substitution";"Non"
2022;"97410";"9100296";"2,4-d";"94-75-7";"1128.6";"Env B";"";"Non"
2022;"97410";"9200159";"pyrimethanil";"53112-28-0";"2.0";"Env A";"";"Non"
2022;"97410";"9200215";"cymoxanil";"57966-95-7";"1.2";"CMR";"";"Non"
2022;"97410";"9200215";"metirame";"9006-42-2";"14.25";"Env A";"";"Non"
2022;"97410";"9300504";"huile de vaseline";"8042-47-5";"114.38";"Autre";"";"Non"
2022;"97410";"9500568";"cyprodinyl";"121552-61-2";"16.875";"Env A";"";"Non"
2022;"97410";"9500568";"fludioxonil";"131341-86-1";"11.25";"Env A";"";"Non"
2022;"97410";"9500628";"bentazone";"25057-89-0";"7.83";"Env B";"";"Non"
2022;"97410";"9600025";"fosetyl-aluminium";"39148-24-8";"8";"Autre";"";"Non"
2022;"97410";"9700332";"azoxystrobine";"131860-33-8";"15.25";"Santé A";"";"Non"
2022;"97410";"9700401";"cuivre de l'hydroxyde de cuivre";"20427-59-2";"3.5";"Santé A";"Substitution";"Non"
2022;"97410";"9800144";"indoxacarbe";"173584-44-6";"1.989";"Santé A";"";"Non"
2022;"97410";"9800182";"s-metolachlore";"87392-12-9";"9.6";"Env A";"";"Non"
2022;"97410";"9800219";"ethephon";"16672-87-0";"3.6";"Santé A";"";"Non"
2022;"97410";"9800244";"fenhexamid";"126833-17-8";"0.75";"Env A";"";"Non"
2022;"97410";"9800336";"lambda-cyhalothrine";"91465-08-6";"8.225";"Santé A";"Substitution";"Non"
2022;"97410";"9800474";"cuivre du sulfate de cuivre";"8011-63-0";"6";"Env A";"Substitution";"Non"
2022;"97410";"9800484";"etoxazole";"153233-91-1";"2.53";"Env A";"Substitution";"Non"
2022;"97410";"9900037";"trifloxystrobine";"141517-21-7";"0.25";"Env A";"";"Non"
2022;"97410";"9900047";"mesotrione";"104206-82-8";"4.0";"CMR";"";"Non"
2022;"97410";"9900115";"clethodime";"99129-21-2";"0.12";"Env B";"";"Non"
2022;"97410";"9900227";"cuivre de l'hydroxyde de cuivre";"20427-59-2";"40";"Santé A";"Substitution";"Non"
2022;"97410";"9900257";"cuivre du sulfate de cuivre";"8011-63-0";"0.64";"Env A";"Substitution";"Non"
